Store,DayOfWeek,Pairs,PromoSales,CtrlSales,PromoCustomers,CtrlCustomers,ClusterName,DayName
1,1,36,204304,144737.50,22166,18589.00,Balanced week,Mon
1,2,45,237388,170416.00,26043,21962.50,Balanced week,Tue
1,3,45,225425,173693.00,25593,22332.50,Balanced week,Wed
1,4,38,182564,145022.00,21099,18582.50,Balanced week,Thu
1,5,44,215496,185666.50,24792,23137.50,Balanced week,Fri
2,1,36,266984,147276.50,27046,19253.50,Weekday/promo-sensitive,Mon
2,2,45,285578,180648.00,30170,23343.00,Weekday/promo-sensitive,Tue
2,3,45,295720,219956.00,35437,29714.00,Weekday/promo-sensitive,Wed
2,4,38,209443,156345.50,24039,19766.00,Weekday/promo-sensitive,Thu
2,5,43,209336,179068.50,25427,22428.00,Weekday/promo-sensitive,Fri
3,1,36,370975,202318.50,34226,25103.00,Weekday/promo-sensitive,Mon
3,2,45,414844,250564.00,40099,31285.00,Weekday/promo-sensitive,Tue
3,3,45,379487,247820.50,37988,30529.00,Weekday/promo-sensitive,Wed
3,4,38,296794,214080.00,31113,26415.00,Weekday/promo-sensitive,Thu
3,5,42,330263,259886.50,34158,30670.50,Weekday/promo-sensitive,Fri
4,1,36,443523,314127.50,56463,45560.00,Balanced week,Mon
4,2,45,464194,354480.00,61210,51711.00,Balanced week,Tue
4,3,45,435033,351878.00,58170,50800.50,Balanced week,Wed
4,4,40,388349,313921.50,52478,45477.50,Balanced week,Thu
4,5,44,427556,377679.00,58448,53640.00,Balanced week,Fri
5,1,36,276976,144888.50,26963,19145.50,Weekday/promo-sensitive,Mon
5,2,45,270511,173611.00,28684,22661.00,Weekday/promo-sensitive,Tue
5,3,44,264045,188589.00,30222,25733.50,Weekday/promo-sensitive,Wed
5,4,36,187383,139656.50,20938,18055.50,Weekday/promo-sensitive,Thu
5,5,43,221506,187143.00,25224,23113.00,Weekday/promo-sensitive,Fri
6,1,36,278613,187940.50,29887,24008.00,Weekday/promo-sensitive,Mon
6,2,45,303098,218219.50,33182,27759.50,Weekday/promo-sensitive,Tue
6,3,44,276768,217273.50,31039,27131.00,Weekday/promo-sensitive,Wed
6,4,36,211980,170048.00,24589,21402.50,Weekday/promo-sensitive,Thu
6,5,43,266596,231736.50,30142,27712.00,Weekday/promo-sensitive,Fri
7,1,36,451185,295809.50,42693,34738.50,Christmas-driven,Mon
7,2,45,501079,361183.00,51486,44033.50,Christmas-driven,Tue
7,3,45,413651,329139.00,42577,38329.50,Christmas-driven,Wed
7,4,40,363336,299047.00,39070,35241.00,Christmas-driven,Thu
7,5,44,414703,380908.00,45628,44433.50,Christmas-driven,Fri
8,1,36,303343,168791.50,31070,23355.00,Weekday/promo-sensitive,Mon
8,2,45,328702,208792.50,35302,28269.00,Weekday/promo-sensitive,Tue
8,3,45,282470,199426.00,31588,26433.00,Weekday/promo-sensitive,Wed
8,4,40,280398,210443.50,33734,29055.50,Weekday/promo-sensitive,Thu
8,5,44,241352,199814.50,27887,25273.50,Weekday/promo-sensitive,Fri
9,1,36,333626,208539.00,26575,19756.00,Balanced week,Mon
9,2,45,340723,239193.00,28391,23204.00,Balanced week,Tue
9,3,45,305695,233577.50,26586,22464.50,Balanced week,Wed
9,4,38,249736,201962.50,21968,19266.50,Balanced week,Thu
9,5,42,286517,245282.50,25105,22733.00,Balanced week,Fri
10,1,36,269764,187361.50,26335,21670.50,Balanced week,Mon
10,2,45,286342,223001.00,28783,25445.00,Balanced week,Tue
10,3,45,260236,211808.50,27077,24410.00,Balanced week,Wed
10,4,40,225752,187334.00,24128,21536.50,Balanced week,Thu
10,5,44,251902,226962.50,26968,25113.50,Balanced week,Fri
11,1,36,362713,255486.00,46552,40225.50,Christmas-driven,Mon
11,2,45,402386,302719.00,54396,47775.00,Christmas-driven,Tue
11,3,45,405253,328313.50,55528,51071.00,Christmas-driven,Wed
11,4,40,328287,276497.50,46398,42792.00,Christmas-driven,Thu
11,5,44,336907,322335.00,48251,48381.00,Christmas-driven,Fri
12,1,36,401170,219852.50,40312,29713.00,Weekday/promo-sensitive,Mon
12,2,45,416308,259839.00,44276,35392.50,Weekday/promo-sensitive,Tue
12,3,45,387387,269014.00,43458,36406.50,Weekday/promo-sensitive,Wed
12,4,40,332732,234925.00,37870,31649.00,Weekday/promo-sensitive,Thu
12,5,44,350559,272685.50,39786,35680.50,Weekday/promo-sensitive,Fri
13,1,29,217750,100854.00,14987,8926.50,Balanced week,Mon
13,2,39,249060,130922.50,17299,11163.50,Balanced week,Tue
13,3,39,235973,135190.00,16359,11538.50,Balanced week,Wed
13,4,30,163920,110994.00,12129,9063.00,Balanced week,Thu
13,5,36,223457,144290.00,16171,11947.00,Balanced week,Fri
14,1,36,285955,186060.50,29146,23497.00,Weekday/promo-sensitive,Mon
14,2,45,305376,215449.50,32500,27119.00,Weekday/promo-sensitive,Tue
14,3,45,270635,211965.00,30055,26443.50,Weekday/promo-sensitive,Wed
14,4,38,227238,182732.00,25595,22641.50,Weekday/promo-sensitive,Thu
14,5,42,258137,217707.50,29161,26835.50,Weekday/promo-sensitive,Fri
15,1,36,328665,197844.00,29083,22284.00,Balanced week,Mon
15,2,45,343640,231797.50,31040,25675.00,Balanced week,Tue
15,3,45,313589,238022.00,29293,25757.00,Balanced week,Wed
15,4,40,283676,220503.50,27530,23832.50,Balanced week,Thu
15,5,44,330295,276741.00,31409,29083.00,Balanced week,Fri
16,1,35,365218,244996.00,36829,30137.00,Weekday/promo-sensitive,Mon
16,2,45,416458,306752.00,44588,38026.00,Weekday/promo-sensitive,Tue
16,3,45,383546,303632.50,41619,36791.50,Weekday/promo-sensitive,Wed
16,4,38,302653,252454.00,34355,30844.50,Weekday/promo-sensitive,Thu
16,5,42,340934,295885.50,37566,34237.50,Weekday/promo-sensitive,Fri
17,1,36,373594,188324.00,40083,27174.50,Weekday/promo-sensitive,Mon
17,2,45,396906,235281.00,46128,34089.00,Weekday/promo-sensitive,Tue
17,3,45,338284,230683.00,40172,32720.50,Weekday/promo-sensitive,Wed
17,4,38,275752,198467.50,33679,28144.00,Weekday/promo-sensitive,Thu
17,5,43,291640,242360.50,36556,33827.50,Weekday/promo-sensitive,Fri
18,1,36,337653,206157.00,32890,24929.50,Weekday/promo-sensitive,Mon
18,2,45,331667,232291.50,33744,27782.50,Weekday/promo-sensitive,Tue
18,3,45,325175,253796.00,34880,30589.00,Weekday/promo-sensitive,Wed
18,4,38,258509,207929.00,27573,24341.50,Weekday/promo-sensitive,Thu
18,5,43,319567,287776.00,35602,33767.00,Weekday/promo-sensitive,Fri
19,1,36,339203,201462.50,29485,22041.00,Weekday/promo-sensitive,Mon
19,2,45,351391,245597.50,32301,26528.00,Weekday/promo-sensitive,Tue
19,3,45,322668,242527.50,30423,26105.00,Weekday/promo-sensitive,Wed
19,4,38,267297,210371.50,25367,22495.50,Weekday/promo-sensitive,Thu
19,5,42,301922,259525.50,28657,26629.00,Weekday/promo-sensitive,Fri
20,1,29,285260,229990.00,29948,26860.50,Weekday/promo-sensitive,Mon
20,2,39,356855,284372.50,37706,33356.50,Weekday/promo-sensitive,Tue
20,3,38,322423,278331.50,35580,32355.50,Weekday/promo-sensitive,Wed
20,4,30,270851,236924.00,31117,28717.00,Weekday/promo-sensitive,Thu
20,5,35,267447,236440.50,28851,26652.00,Weekday/promo-sensitive,Fri
21,1,35,304724,137515.50,23999,14890.50,Balanced week,Mon
21,2,45,309267,161564.00,26079,17305.00,Balanced week,Tue
21,3,45,271881,160128.50,24272,17614.00,Balanced week,Wed
21,4,38,227848,140378.50,20815,15205.00,Balanced week,Thu
21,5,42,276727,182638.50,24820,19032.00,Balanced week,Fri
22,1,29,184266,111921.00,18011,13896.00,Weekday/promo-sensitive,Mon
22,2,39,210638,143647.50,21475,18005.50,Weekday/promo-sensitive,Tue
22,3,39,190018,142790.00,19803,17553.00,Weekday/promo-sensitive,Wed
22,4,27,129528,104780.50,14280,12967.00,Weekday/promo-sensitive,Thu
22,5,36,193934,159111.50,20966,19153.50,Weekday/promo-sensitive,Fri
23,1,36,304082,150710.00,22908,14571.50,Balanced week,Mon
23,2,45,289935,172664.00,23297,16771.00,Balanced week,Tue
23,3,45,270371,188701.50,22387,17988.50,Balanced week,Wed
23,4,38,229657,163464.50,19763,15752.00,Balanced week,Thu
23,5,42,264252,211444.00,22866,19867.00,Balanced week,Fri
24,1,36,495039,276798.00,38985,27119.00,Balanced week,Mon
24,2,45,490275,327177.50,41075,32297.00,Balanced week,Tue
24,3,45,462523,342963.50,40672,33748.50,Balanced week,Wed
24,4,38,364262,287422.00,32165,27647.00,Balanced week,Thu
24,5,42,432228,371637.00,37594,34261.00,Balanced week,Fri
25,1,29,433640,302062.00,55687,45577.50,Balanced week,Mon
25,2,42,549737,391169.50,72821,60227.00,Balanced week,Tue
25,3,42,503614,390169.00,68416,58308.50,Balanced week,Wed
25,4,34,406516,326179.50,57223,48929.50,Balanced week,Thu
25,5,39,444813,408945.50,62057,58058.00,Balanced week,Fri
26,1,36,367199,174545.00,26863,16428.50,Balanced week,Mon
26,2,45,341450,204471.00,26304,18958.00,Balanced week,Tue
26,3,45,320562,214227.00,25041,19654.00,Balanced week,Wed
26,4,38,288635,197653.00,23847,18588.00,Balanced week,Thu
26,5,43,317619,258120.50,25820,23262.50,Balanced week,Fri
27,1,36,516850,266897.00,49742,34737.00,Weekday/promo-sensitive,Mon
27,2,45,549503,331214.50,56537,43337.50,Weekday/promo-sensitive,Tue
27,3,45,482420,322381.00,51453,41315.50,Weekday/promo-sensitive,Wed
27,4,38,389834,274919.00,43227,35637.50,Weekday/promo-sensitive,Thu
27,5,42,426556,338034.50,47221,41935.50,Weekday/promo-sensitive,Fri
28,1,33,289273,150210.00,28119,18885.00,Christmas-driven,Mon
28,2,43,308948,191416.00,31572,23648.00,Christmas-driven,Tue
28,3,43,249745,184571.00,26381,22210.00,Christmas-driven,Wed
28,4,36,220032,169258.00,24101,20656.50,Christmas-driven,Thu
28,5,41,235170,205395.50,26035,24372.00,Christmas-driven,Fri
29,1,36,422681,207345.00,33000,20348.50,Balanced week,Mon
29,2,45,386516,245120.50,32331,23893.50,Balanced week,Tue
29,3,45,350660,249222.00,30064,24150.00,Balanced week,Wed
29,4,38,271272,204995.50,24266,20384.00,Balanced week,Thu
29,5,42,314048,260058.50,28363,24337.00,Balanced week,Fri
30,1,34,260737,139598.50,33513,22350.50,Balanced week,Mon
30,2,45,320477,202831.00,43365,32506.00,Balanced week,Tue
30,3,45,250654,181102.00,35378,28947.50,Balanced week,Wed
30,4,38,234010,176090.50,33075,27927.50,Balanced week,Thu
30,5,42,210348,180735.00,30675,27991.00,Balanced week,Fri
31,1,36,267499,170742.00,24366,19167.00,Balanced week,Mon
31,2,45,286611,200755.50,26095,22192.00,Balanced week,Tue
31,3,45,269811,208356.00,25570,22922.50,Balanced week,Wed
31,4,40,242928,191369.50,23735,20993.00,Balanced week,Thu
31,5,44,282001,247733.50,27540,26441.50,Balanced week,Fri
32,1,29,173978,106388.00,18302,14159.50,Weekday/promo-sensitive,Mon
32,2,39,208341,132550.50,22101,17430.50,Weekday/promo-sensitive,Tue
32,3,39,196144,136113.50,21259,17896.00,Weekday/promo-sensitive,Wed
32,4,30,135383,99890.50,15273,13059.00,Weekday/promo-sensitive,Thu
32,5,36,169371,125995.50,18767,15734.00,Weekday/promo-sensitive,Fri
33,1,36,394560,257590.50,35831,28113.00,Balanced week,Mon
33,2,45,427850,300095.00,39400,32557.00,Balanced week,Tue
33,3,45,397729,303852.00,37921,33022.50,Balanced week,Wed
33,4,38,318653,258689.00,31156,27283.00,Balanced week,Thu
33,5,42,365785,322536.50,35838,33208.50,Balanced week,Fri
34,1,36,383537,260789.00,42988,35031.50,Balanced week,Mon
34,2,45,412957,301825.50,48380,40529.00,Balanced week,Tue
34,3,45,383915,298867.50,45961,40219.00,Balanced week,Wed
34,4,40,325571,263830.50,40026,35204.00,Balanced week,Thu
34,5,44,354798,314203.00,43902,40967.00,Balanced week,Fri
35,1,36,550294,282961.50,35105,24087.50,Balanced week,Mon
35,2,45,532556,325205.50,36848,27894.00,Balanced week,Tue
35,3,45,483295,327353.00,34090,27361.00,Balanced week,Wed
35,4,38,401067,277146.50,29276,23522.50,Balanced week,Thu
35,5,42,452931,358599.00,33689,29067.50,Balanced week,Fri
36,1,29,320472,262035.50,36513,31836.50,Balanced week,Mon
36,2,39,389696,316800.50,44962,39057.00,Balanced week,Tue
36,3,39,375740,314573.50,43703,38641.50,Balanced week,Wed
36,4,31,289254,248273.50,34350,30317.50,Balanced week,Thu
36,5,36,346728,316915.50,40213,36970.00,Balanced week,Fri
37,1,35,326050,172086.00,30621,21000.00,Balanced week,Mon
37,2,45,338997,213070.50,33535,25755.00,Balanced week,Tue
37,3,45,318947,227943.50,32723,27395.00,Balanced week,Wed
37,4,38,297260,209489.00,31448,25617.00,Balanced week,Thu
37,5,43,338350,286749.50,36543,33843.00,Balanced week,Fri
38,1,36,345350,154953.00,26664,15374.00,Balanced week,Mon
38,2,45,328376,185901.50,26602,18017.50,Balanced week,Tue
38,3,45,299785,186652.50,25085,18280.00,Balanced week,Wed
38,4,38,229393,156817.00,20327,15414.00,Balanced week,Thu
38,5,42,264359,202480.00,23613,19431.50,Balanced week,Fri
39,1,36,289081,138102.50,32431,19986.50,Weekday/promo-sensitive,Mon
39,2,45,284986,169643.00,34034,24137.00,Weekday/promo-sensitive,Tue
39,3,45,258317,175736.50,33613,25881.50,Weekday/promo-sensitive,Wed
39,4,38,197059,143640.00,25237,20243.00,Weekday/promo-sensitive,Thu
39,5,42,208542,168414.00,26906,23241.50,Weekday/promo-sensitive,Fri
40,1,32,186929,128542.50,22979,18259.50,Christmas-driven,Mon
40,2,45,256133,180314.00,32667,26508.50,Christmas-driven,Tue
40,3,45,221055,171998.00,28860,25061.50,Christmas-driven,Wed
40,4,38,193480,155062.50,25988,22708.50,Christmas-driven,Thu
40,5,42,203190,172536.00,26677,24094.50,Christmas-driven,Fri
41,1,29,203596,132516.00,14265,10469.00,Balanced week,Mon
41,2,39,224922,162776.50,15705,12755.00,Balanced week,Tue
41,3,39,209848,167274.00,15084,13008.00,Balanced week,Wed
41,4,31,169495,133860.00,12392,10513.50,Balanced week,Thu
41,5,36,202700,183871.50,15185,14040.50,Balanced week,Fri
42,1,36,506387,308926.00,48485,36727.00,Weekday/promo-sensitive,Mon
42,2,45,536231,365875.50,53781,43979.50,Weekday/promo-sensitive,Tue
42,3,45,526012,395564.00,55791,47828.00,Weekday/promo-sensitive,Wed
42,4,38,402194,312443.50,42922,37051.00,Weekday/promo-sensitive,Thu
42,5,42,442279,376089.50,46646,42875.50,Weekday/promo-sensitive,Fri
43,1,36,355326,213553.50,27621,20879.00,Weekday/promo-sensitive,Mon
43,2,45,380987,252342.00,31383,25212.50,Weekday/promo-sensitive,Tue
43,3,45,346681,254617.00,29404,25115.50,Weekday/promo-sensitive,Wed
43,4,38,288489,209998.50,25014,20945.50,Weekday/promo-sensitive,Thu
43,5,42,334105,262424.00,29185,25279.00,Weekday/promo-sensitive,Fri
44,1,36,307592,169475.00,31074,21978.00,Weekday/promo-sensitive,Mon
44,2,45,312865,195870.50,33886,25797.50,Weekday/promo-sensitive,Tue
44,3,45,284840,201246.00,31885,26105.50,Weekday/promo-sensitive,Wed
44,4,40,238429,175845.50,27257,22662.00,Weekday/promo-sensitive,Thu
44,5,44,264370,214997.00,30966,26753.50,Weekday/promo-sensitive,Fri
45,1,36,250908,146706.00,17518,12557.00,Balanced week,Mon
45,2,45,255865,164638.00,18337,14127.50,Balanced week,Tue
45,3,45,251454,174744.00,18157,14619.50,Balanced week,Wed
45,4,38,224522,163885.00,16991,13924.00,Balanced week,Thu
45,5,42,249172,201695.50,18939,16591.50,Balanced week,Fri
46,1,29,236942,110981.00,24357,15938.00,Balanced week,Mon
46,2,39,253307,145831.00,28122,20583.00,Balanced week,Tue
46,3,39,227312,147716.00,26225,20647.50,Balanced week,Wed
46,4,31,176467,120222.50,21159,16696.50,Balanced week,Thu
46,5,36,219604,161198.50,26293,21724.00,Balanced week,Fri
47,1,36,339781,225480.00,40007,31854.00,Weekday/promo-sensitive,Mon
47,2,45,383371,264775.00,46283,37784.50,Weekday/promo-sensitive,Tue
47,3,45,382678,274679.00,47936,39709.00,Weekday/promo-sensitive,Wed
47,4,40,305492,242485.50,38687,33572.00,Weekday/promo-sensitive,Thu
47,5,44,317433,273202.00,39564,36755.00,Weekday/promo-sensitive,Fri
48,1,36,192872,131954.50,19468,15666.00,Balanced week,Mon
48,2,45,203953,156072.50,20917,18391.00,Balanced week,Tue
48,3,45,190680,156820.50,20314,18365.50,Balanced week,Wed
48,4,40,168030,135261.50,18373,16365.50,Balanced week,Thu
48,5,44,189137,159278.00,20537,18827.50,Balanced week,Fri
49,1,35,335124,196027.00,22313,15748.50,Balanced week,Mon
49,2,45,357153,251614.50,24554,19781.00,Balanced week,Tue
49,3,45,346975,258422.00,24000,19873.00,Balanced week,Wed
49,4,38,270673,213392.00,19724,16998.00,Balanced week,Thu
49,5,42,325081,281539.50,23700,21209.00,Balanced week,Fri
50,1,36,223799,112153.00,16732,10613.00,Balanced week,Mon
50,2,45,218914,133252.50,17089,12303.50,Balanced week,Tue
50,3,45,207256,137035.50,16337,12649.50,Balanced week,Wed
50,4,38,172458,121244.50,14212,11169.00,Balanced week,Thu
50,5,42,198836,152423.50,16306,13533.00,Balanced week,Fri
51,1,29,240466,156412.50,16218,12731.50,Balanced week,Mon
51,2,39,259053,193743.00,18039,15514.00,Balanced week,Tue
51,3,39,255073,201164.50,18279,16107.00,Balanced week,Wed
51,4,31,216203,166230.50,15832,13382.00,Balanced week,Thu
51,5,36,280307,232214.50,20402,17887.00,Balanced week,Fri
52,1,29,302220,170853.00,18183,12574.50,Christmas-driven,Mon
52,2,39,327733,209663.50,20121,15410.00,Christmas-driven,Tue
52,3,39,308638,218426.00,19587,15996.50,Christmas-driven,Wed
52,4,31,252652,189881.50,16731,13936.00,Christmas-driven,Thu
52,5,36,309505,244593.00,20723,17801.00,Christmas-driven,Fri
53,1,36,263857,169595.00,25884,19653.50,Christmas-driven,Mon
53,2,45,275449,198808.50,28164,23546.50,Christmas-driven,Tue
53,3,45,258322,199958.50,26869,23441.50,Christmas-driven,Wed
53,4,40,224430,182694.00,23785,21283.00,Christmas-driven,Thu
53,5,44,250909,220133.00,26896,25173.00,Christmas-driven,Fri
54,1,35,341919,196224.00,28163,19966.50,Balanced week,Mon
54,2,45,363313,241467.00,31130,24453.00,Balanced week,Tue
54,3,45,367696,258441.00,31664,26067.00,Balanced week,Wed
54,4,38,301183,223212.50,27059,22540.50,Balanced week,Thu
54,5,43,374155,320276.00,33934,31389.00,Balanced week,Fri
55,1,36,242792,140540.00,26529,19167.50,Balanced week,Mon
55,2,45,258794,165252.50,29201,22496.00,Balanced week,Tue
55,3,44,233214,165190.00,26918,22187.00,Balanced week,Wed
55,4,36,182852,134329.00,21727,18123.00,Balanced week,Thu
55,5,43,216044,172144.00,25813,22954.50,Balanced week,Fri
56,1,36,318985,202588.50,20350,15268.00,Balanced week,Mon
56,2,45,344955,245382.00,22469,18150.00,Balanced week,Tue
56,3,45,318530,249795.00,21204,18173.50,Balanced week,Wed
56,4,38,276303,218677.50,19095,16250.00,Balanced week,Thu
56,5,44,345505,294281.00,23698,21081.00,Balanced week,Fri
57,1,35,598885,314499.00,50540,32684.50,Weekday/promo-sensitive,Mon
57,2,43,562912,359531.00,49655,36959.00,Weekday/promo-sensitive,Tue
57,3,42,483327,349934.50,43575,35855.50,Weekday/promo-sensitive,Wed
57,4,35,408136,308152.00,38085,31444.50,Weekday/promo-sensitive,Thu
57,5,41,458628,401801.00,43313,39609.50,Weekday/promo-sensitive,Fri
58,1,29,280218,146869.00,19557,13210.00,Balanced week,Mon
58,2,39,296804,186929.50,21818,16907.50,Balanced week,Tue
58,3,39,257493,190312.50,19838,16850.50,Balanced week,Wed
58,4,31,199930,150742.00,16258,13645.50,Balanced week,Thu
58,5,36,247492,190012.50,19557,16511.50,Balanced week,Fri
59,1,36,323843,187768.50,29657,21669.00,Weekday/promo-sensitive,Mon
59,2,45,319068,214201.00,30408,24662.00,Weekday/promo-sensitive,Tue
59,3,45,285048,212468.00,28223,24335.50,Weekday/promo-sensitive,Wed
59,4,38,228251,178739.50,23199,20255.50,Weekday/promo-sensitive,Thu
59,5,43,259421,227919.00,26346,24586.00,Weekday/promo-sensitive,Fri
60,1,36,437981,235488.50,34489,23245.00,Weekday/promo-sensitive,Mon
60,2,45,456570,294574.50,38024,29057.50,Weekday/promo-sensitive,Tue
60,3,44,423730,304169.50,37886,30932.50,Weekday/promo-sensitive,Wed
60,4,36,319702,238203.50,27605,23192.50,Weekday/promo-sensitive,Thu
60,5,43,353270,297793.00,31333,28375.50,Weekday/promo-sensitive,Fri
61,1,35,216238,140735.00,22962,18359.50,Balanced week,Mon
61,2,45,234614,164886.00,26806,21901.50,Balanced week,Tue
61,3,45,231349,177757.50,26197,22536.00,Balanced week,Wed
61,4,38,176818,136728.50,20704,18144.00,Balanced week,Thu
61,5,42,204565,161060.00,24277,20845.00,Balanced week,Fri
62,1,36,326443,224822.50,32745,26921.00,Weekday/promo-sensitive,Mon
62,2,45,379108,272208.00,38922,32578.00,Weekday/promo-sensitive,Tue
62,3,45,334974,256349.50,35762,31121.00,Weekday/promo-sensitive,Wed
62,4,38,265136,213455.50,29614,26076.50,Weekday/promo-sensitive,Thu
62,5,42,290930,255390.00,32254,29858.00,Weekday/promo-sensitive,Fri
63,1,36,323813,182988.50,26147,19144.50,Balanced week,Mon
63,2,45,335024,210249.50,27708,21901.00,Balanced week,Tue
63,3,45,326359,230468.50,27995,23519.00,Balanced week,Wed
63,4,40,296907,215983.00,26095,21929.00,Balanced week,Thu
63,5,44,340095,276872.50,30429,27424.00,Balanced week,Fri
64,1,36,497810,279952.50,33708,23587.50,Balanced week,Mon
64,2,45,504053,331924.50,35366,27796.50,Balanced week,Tue
64,3,45,485138,354998.50,34885,29200.50,Balanced week,Wed
64,4,38,426128,317676.00,32001,26776.50,Balanced week,Thu
64,5,42,489006,397581.00,37085,32411.50,Balanced week,Fri
65,1,35,271214,142553.50,21264,14499.00,Weekday/promo-sensitive,Mon
65,2,45,293560,190337.50,25217,19705.50,Weekday/promo-sensitive,Tue
65,3,45,246210,180685.50,21099,17937.00,Weekday/promo-sensitive,Wed
65,4,38,222808,169188.00,19794,17021.50,Weekday/promo-sensitive,Thu
65,5,43,249771,214832.50,22135,20574.00,Weekday/promo-sensitive,Fri
66,1,35,259692,181356.00,20522,16852.00,Balanced week,Mon
66,2,45,287604,217682.50,22754,19698.50,Balanced week,Tue
66,3,45,274012,217945.50,22072,19645.00,Balanced week,Wed
66,4,38,238335,195001.00,20034,17782.00,Balanced week,Thu
66,5,42,282894,245377.50,23843,22060.00,Balanced week,Fri
67,1,35,411116,233075.00,36993,26796.00,Weekday/promo-sensitive,Mon
67,2,45,449175,286760.00,42809,32473.50,Weekday/promo-sensitive,Tue
67,3,45,404838,292020.50,39560,33052.50,Weekday/promo-sensitive,Wed
67,4,38,324248,246679.50,32903,27868.50,Weekday/promo-sensitive,Thu
67,5,42,339628,276889.50,34268,30334.00,Weekday/promo-sensitive,Fri
68,1,36,284435,235515.50,42301,38423.00,Christmas-driven,Mon
68,2,45,331996,274518.50,49900,45771.50,Christmas-driven,Tue
68,3,45,348153,292813.00,52803,48932.50,Christmas-driven,Wed
68,4,40,289706,252213.50,44285,41596.00,Christmas-driven,Thu
68,5,44,307396,306594.00,47610,48050.00,Christmas-driven,Fri
69,1,36,435588,277130.50,48976,37804.50,Balanced week,Mon
69,2,45,497752,349663.50,58056,48018.50,Balanced week,Tue
69,3,45,446826,348514.00,53625,47589.50,Balanced week,Wed
69,4,38,370914,301961.50,45285,40748.00,Balanced week,Thu
69,5,44,449866,392518.00,56651,52929.00,Balanced week,Fri
70,1,36,346684,193673.50,31848,22319.50,Balanced week,Mon
70,2,45,342941,231796.00,32648,26201.50,Balanced week,Tue
70,3,44,310089,225230.50,30440,25583.50,Balanced week,Wed
70,4,39,264024,199657.00,27100,23071.00,Balanced week,Thu
70,5,44,310979,254547.00,31445,28035.00,Balanced week,Fri
71,1,36,495375,259888.00,35164,24101.50,Weekday/promo-sensitive,Mon
71,2,45,501598,317244.50,37347,29179.50,Weekday/promo-sensitive,Tue
71,3,45,455379,318932.50,35236,29055.50,Weekday/promo-sensitive,Wed
71,4,38,364935,273438.00,29119,25025.00,Weekday/promo-sensitive,Thu
71,5,42,425970,343229.50,34456,30885.00,Weekday/promo-sensitive,Fri
72,1,29,238248,103252.00,21243,13035.00,Weekday/promo-sensitive,Mon
72,2,39,244053,132446.50,23589,16643.50,Weekday/promo-sensitive,Tue
72,3,39,202327,129538.00,20808,15989.00,Weekday/promo-sensitive,Wed
72,4,31,155254,107641.50,16239,12807.00,Weekday/promo-sensitive,Thu
72,5,36,179301,132762.00,19086,15789.50,Weekday/promo-sensitive,Fri
73,1,36,228346,161134.50,22907,19156.00,Weekday/promo-sensitive,Mon
73,2,45,260617,195107.00,26521,23187.50,Weekday/promo-sensitive,Tue
73,3,45,223883,177545.00,23244,21242.00,Weekday/promo-sensitive,Wed
73,4,40,204940,167810.00,21962,20060.50,Weekday/promo-sensitive,Thu
73,5,44,205992,180653.00,22096,20919.00,Weekday/promo-sensitive,Fri
74,1,32,293306,168955.00,35936,25252.50,Weekday/promo-sensitive,Mon
74,2,45,344466,225004.50,44545,33994.50,Weekday/promo-sensitive,Tue
74,3,45,307236,230514.00,41029,34280.50,Weekday/promo-sensitive,Wed
74,4,38,244663,195914.00,33653,28677.50,Weekday/promo-sensitive,Thu
74,5,42,256349,228170.50,35117,32991.00,Weekday/promo-sensitive,Fri
75,1,36,264207,190833.50,26261,21854.50,Christmas-driven,Mon
75,2,45,271283,219984.50,27723,24876.50,Christmas-driven,Tue
75,3,45,261270,224638.00,27116,25506.50,Christmas-driven,Wed
75,4,40,241668,206704.00,25618,23253.50,Christmas-driven,Thu
75,5,44,280865,266815.00,30052,29330.00,Christmas-driven,Fri
76,1,29,355388,219792.50,32809,24474.50,Balanced week,Mon
76,2,39,390614,280933.00,38123,31311.00,Balanced week,Tue
76,3,39,357771,283719.50,35905,31757.50,Balanced week,Wed
76,4,31,281610,230773.50,28826,25536.00,Balanced week,Thu
76,5,36,354158,311674.00,36019,33135.50,Balanced week,Fri
77,1,36,390202,215447.50,30317,21238.00,Balanced week,Mon
77,2,45,380339,242424.50,30834,23984.00,Balanced week,Tue
77,3,45,356259,250393.00,29628,24251.50,Balanced week,Wed
77,4,38,305008,219368.50,26117,21479.00,Balanced week,Thu
77,5,44,368534,289821.50,31411,27347.50,Balanced week,Fri
78,1,35,192521,102867.50,22324,15628.50,Weekday/promo-sensitive,Mon
78,2,45,203388,128151.00,25105,19345.50,Weekday/promo-sensitive,Tue
78,3,45,185354,139295.00,23816,20347.50,Weekday/promo-sensitive,Wed
78,4,38,151700,115006.00,19646,16427.50,Weekday/promo-sensitive,Thu
78,5,43,177631,150986.00,23345,21315.50,Weekday/promo-sensitive,Fri
79,1,35,293735,160550.00,26280,18600.50,Weekday/promo-sensitive,Mon
79,2,45,313205,193459.00,29373,22476.50,Weekday/promo-sensitive,Tue
79,3,45,267045,191910.50,25929,21796.50,Weekday/promo-sensitive,Wed
79,4,38,223141,162337.00,22277,18710.50,Weekday/promo-sensitive,Thu
79,5,42,243480,200819.00,25123,22161.00,Weekday/promo-sensitive,Fri
80,1,36,364794,211174.00,25063,17871.50,Balanced week,Mon
80,2,45,368695,244223.50,25684,20145.50,Balanced week,Tue
80,3,45,344155,247259.00,24632,20123.50,Balanced week,Wed
80,4,38,301700,232683.50,22672,18988.00,Balanced week,Thu
80,5,42,351920,292798.50,26032,23217.00,Balanced week,Fri
81,1,29,241827,177396.00,17982,15164.00,Balanced week,Mon
81,2,39,280989,220772.50,21652,18797.50,Balanced week,Tue
81,3,39,264818,228258.00,20988,19440.00,Balanced week,Wed
81,4,31,198161,172668.00,16132,14693.00,Balanced week,Thu
81,5,36,264892,231522.50,20903,19162.00,Balanced week,Fri
82,1,36,481929,260429.50,38637,27615.00,Weekday/promo-sensitive,Mon
82,2,45,506271,316871.50,43018,33281.00,Weekday/promo-sensitive,Tue
82,3,45,460451,324929.50,40367,33816.00,Weekday/promo-sensitive,Wed
82,4,38,404286,292374.00,36011,30388.00,Weekday/promo-sensitive,Thu
82,5,42,429257,345337.50,39973,35590.00,Weekday/promo-sensitive,Fri
83,1,36,187062,123385.50,14966,12096.00,Weekday/promo-sensitive,Mon
83,2,45,208853,146730.00,17226,14467.50,Weekday/promo-sensitive,Tue
83,3,45,192362,148031.00,16319,14244.50,Weekday/promo-sensitive,Wed
83,4,38,153374,117241.00,13356,11506.00,Weekday/promo-sensitive,Thu
83,5,42,180997,152884.50,15753,14444.50,Weekday/promo-sensitive,Fri
84,1,36,634733,390581.50,59107,45934.50,Weekday/promo-sensitive,Mon
84,2,45,687913,482276.00,68015,57328.00,Weekday/promo-sensitive,Tue
84,3,45,670903,511962.00,70057,61499.00,Weekday/promo-sensitive,Wed
84,4,38,510183,402607.00,53514,47233.00,Weekday/promo-sensitive,Thu
84,5,42,542957,483520.00,57868,54307.00,Weekday/promo-sensitive,Fri
85,1,36,301242,208870.00,38498,31577.50,Sunday-trading,Mon
85,2,45,332683,247274.00,43513,37496.50,Sunday-trading,Tue
85,3,45,321454,252419.00,42732,38106.50,Sunday-trading,Wed
85,4,40,273127,218451.50,37663,33070.50,Sunday-trading,Thu
85,5,44,302253,260779.00,42736,38645.00,Sunday-trading,Fri
86,1,35,241903,131677.50,27501,18994.50,Weekday/promo-sensitive,Mon
86,2,45,276179,162986.50,32527,23422.00,Weekday/promo-sensitive,Tue
86,3,45,246145,163764.00,30078,23560.00,Weekday/promo-sensitive,Wed
86,4,38,197764,136323.50,24665,19613.00,Weekday/promo-sensitive,Thu
86,5,42,214248,166854.50,26931,23102.00,Weekday/promo-sensitive,Fri
87,1,36,318434,216291.50,36616,29869.50,Weekday/promo-sensitive,Mon
87,2,45,329066,250319.00,39542,34234.00,Weekday/promo-sensitive,Tue
87,3,45,305051,242717.00,37370,32849.00,Weekday/promo-sensitive,Wed
87,4,40,260370,207863.00,32308,28789.00,Weekday/promo-sensitive,Thu
87,5,44,263856,225252.00,32681,29405.50,Weekday/promo-sensitive,Fri
88,1,35,361204,174862.00,31212,20564.00,Weekday/promo-sensitive,Mon
88,2,45,380497,233202.00,35216,27158.50,Weekday/promo-sensitive,Tue
88,3,45,329427,229745.00,32757,26932.00,Weekday/promo-sensitive,Wed
88,4,38,266202,198385.00,26635,22290.50,Weekday/promo-sensitive,Thu
88,5,43,284173,240656.00,30128,27309.50,Weekday/promo-sensitive,Fri
89,1,29,234606,169968.00,22426,18970.50,Weekday/promo-sensitive,Mon
89,2,39,274666,209768.50,27481,23591.00,Weekday/promo-sensitive,Tue
89,3,39,250000,210336.50,25696,23398.00,Weekday/promo-sensitive,Wed
89,4,31,188688,162899.00,19894,18465.00,Weekday/promo-sensitive,Thu
89,5,36,233032,204200.50,24142,22188.00,Weekday/promo-sensitive,Fri
90,1,34,380213,240310.50,43044,32996.50,Balanced week,Mon
90,2,45,442841,303012.00,51980,41100.00,Balanced week,Tue
90,3,45,411044,306321.00,49726,41400.00,Balanced week,Wed
90,4,38,321547,260179.50,39792,34677.00,Balanced week,Thu
90,5,42,355927,322162.50,44447,42036.00,Balanced week,Fri
91,1,35,264816,159985.50,26082,19736.50,Balanced week,Mon
91,2,45,306405,203726.50,31243,24812.00,Balanced week,Tue
91,3,45,275380,204254.50,28976,24852.00,Balanced week,Wed
91,4,38,223509,172695.50,24211,21140.00,Balanced week,Thu
91,5,42,244464,201713.50,26590,23842.50,Balanced week,Fri
92,1,36,320523,150469.50,25353,15606.00,Balanced week,Mon
92,2,45,322730,181644.50,26753,18758.50,Balanced week,Tue
92,3,45,297568,192847.00,25702,19686.00,Balanced week,Wed
92,4,38,238079,167922.50,21384,17069.00,Balanced week,Thu
92,5,42,275120,213680.50,24901,21338.00,Balanced week,Fri
93,1,36,315794,179631.00,27508,20930.50,Weekday/promo-sensitive,Mon
93,2,45,340365,219476.00,31084,25128.50,Weekday/promo-sensitive,Tue
93,3,45,300149,223850.50,28740,25001.50,Weekday/promo-sensitive,Wed
93,4,38,249409,193549.00,24490,21703.00,Weekday/promo-sensitive,Thu
93,5,42,316171,262545.50,32761,29714.50,Weekday/promo-sensitive,Fri
94,1,36,395221,209708.00,31065,21141.50,Weekday/promo-sensitive,Mon
94,2,45,391007,243537.00,31839,24189.00,Weekday/promo-sensitive,Tue
94,3,45,355840,249214.50,30012,24769.50,Weekday/promo-sensitive,Wed
94,4,38,296575,213418.50,26271,21488.50,Weekday/promo-sensitive,Thu
94,5,42,330063,262124.50,29354,25374.50,Weekday/promo-sensitive,Fri
95,1,36,421428,238690.00,42093,29642.00,Weekday/promo-sensitive,Mon
95,2,45,461465,296961.50,48308,37282.50,Weekday/promo-sensitive,Tue
95,3,44,377765,269340.00,39058,32466.50,Weekday/promo-sensitive,Wed
95,4,36,300466,227813.00,32347,27298.00,Weekday/promo-sensitive,Thu
95,5,43,356170,299092.50,39546,35837.50,Weekday/promo-sensitive,Fri
96,1,36,325940,156884.00,29338,19130.50,Weekday/promo-sensitive,Mon
96,2,45,334637,194285.50,32256,23335.00,Weekday/promo-sensitive,Tue
96,3,44,284443,190335.00,28950,23258.00,Weekday/promo-sensitive,Wed
96,4,36,215132,155037.00,22199,18574.00,Weekday/promo-sensitive,Thu
96,5,43,231407,183193.00,24462,21460.50,Weekday/promo-sensitive,Fri
97,1,36,357597,201200.50,32971,23557.50,Weekday/promo-sensitive,Mon
97,2,45,357552,238388.50,34906,27374.50,Weekday/promo-sensitive,Tue
97,3,44,316735,236792.00,30669,26423.50,Weekday/promo-sensitive,Wed
97,4,36,274381,211410.50,28374,24229.00,Weekday/promo-sensitive,Thu
97,5,43,324327,271739.00,32939,30043.50,Weekday/promo-sensitive,Fri
98,1,36,245954,147352.00,19300,14585.00,Balanced week,Mon
98,2,45,257377,167879.50,20607,16853.00,Balanced week,Tue
98,3,45,235484,169632.00,19741,16669.50,Balanced week,Wed
98,4,38,205380,151626.00,17574,14792.50,Balanced week,Thu
98,5,42,240719,194642.50,20608,18423.00,Balanced week,Fri
99,1,29,201731,117308.50,16531,11757.00,Balanced week,Mon
99,2,39,230646,149901.00,19567,15199.50,Balanced week,Tue
99,3,39,215219,151210.50,18603,15158.00,Balanced week,Wed
99,4,31,161658,118674.00,14250,11688.00,Balanced week,Thu
99,5,36,199690,156056.00,17549,14985.50,Balanced week,Fri
100,1,27,269126,189854.50,21673,17360.50,Balanced week,Mon
100,2,37,306158,239376.00,25068,21571.00,Balanced week,Tue
100,3,37,286160,241924.00,23815,21963.00,Balanced week,Wed
100,4,29,224832,192762.50,19237,17557.50,Balanced week,Thu
100,5,34,282656,252961.00,24155,22421.50,Balanced week,Fri
101,1,36,351176,226764.00,33128,26699.00,Balanced week,Mon
101,2,45,380324,269950.50,36534,31110.50,Balanced week,Tue
101,3,45,358877,269491.00,34772,30840.50,Balanced week,Wed
101,4,40,312140,240309.50,31389,27268.00,Balanced week,Thu
101,5,44,357564,301762.00,35879,33016.50,Balanced week,Fri
102,1,35,393009,191937.50,51014,32016.50,Balanced week,Mon
102,2,44,395166,222134.00,54669,37572.50,Balanced week,Tue
102,3,44,358614,225759.00,51317,37258.50,Balanced week,Wed
102,4,37,280782,191363.00,41377,31697.50,Balanced week,Thu
102,5,41,304805,245603.50,44653,38261.50,Balanced week,Fri
103,1,30,182938,137045.50,15377,13125.50,Weekday/promo-sensitive,Mon
103,2,37,184972,151735.50,16046,14458.50,Weekday/promo-sensitive,Tue
103,3,36,170653,145377.00,15082,13816.50,Weekday/promo-sensitive,Wed
103,4,32,153957,126489.50,14054,12299.00,Weekday/promo-sensitive,Thu
103,5,35,171540,157719.50,15572,14977.50,Weekday/promo-sensitive,Fri
104,1,36,422221,347632.00,51563,47439.50,Balanced week,Mon
104,2,45,467281,399566.50,58949,55260.50,Balanced week,Tue
104,3,45,449797,390064.00,57647,53850.00,Balanced week,Wed
104,4,40,392955,342326.00,50962,47289.50,Balanced week,Thu
104,5,44,440271,403802.00,57298,54468.50,Balanced week,Fri
105,1,35,219148,135318.50,22112,17557.00,Christmas-driven,Mon
105,2,44,227108,160190.50,25157,21216.00,Christmas-driven,Tue
105,3,44,207020,162808.50,23976,21687.00,Christmas-driven,Wed
105,4,37,166319,131271.50,19901,17623.00,Christmas-driven,Thu
105,5,41,195942,162378.00,21725,19313.50,Christmas-driven,Fri
106,1,34,371953,281674.00,32805,28805.00,Weekday/promo-sensitive,Mon
106,2,43,419630,335122.50,38178,34379.00,Weekday/promo-sensitive,Tue
106,3,43,411140,340201.00,38087,34732.50,Weekday/promo-sensitive,Wed
106,4,38,338975,288538.50,32405,29693.00,Weekday/promo-sensitive,Thu
106,5,42,383057,349702.50,36851,35050.50,Weekday/promo-sensitive,Fri
107,1,36,337280,237098.50,39379,33060.50,Balanced week,Mon
107,2,45,358451,278817.50,43929,39031.00,Balanced week,Tue
107,3,45,328154,274406.50,41937,38355.50,Balanced week,Wed
107,4,40,290034,245191.00,37404,34024.50,Balanced week,Thu
107,5,44,327156,302351.50,42945,40910.50,Balanced week,Fri
108,1,29,408824,277026.00,29698,22538.50,Balanced week,Mon
108,2,39,442688,351215.50,32882,28096.00,Balanced week,Tue
108,3,39,417851,352693.50,31628,28313.00,Balanced week,Wed
108,4,31,332763,288201.50,25742,23377.00,Balanced week,Thu
108,5,36,423262,390271.00,32495,30156.00,Balanced week,Fri
109,1,36,310411,216873.00,32687,27368.50,Balanced week,Mon
109,2,45,338530,251329.50,36337,31579.50,Balanced week,Tue
109,3,45,301725,241397.00,33366,30281.00,Balanced week,Wed
109,4,40,263364,220335.00,29887,27295.50,Balanced week,Thu
109,5,44,298575,267889.50,33808,32192.50,Balanced week,Fri
110,1,36,215140,163359.50,26050,22582.50,Christmas-driven,Mon
110,2,45,233335,189987.50,29351,26742.00,Christmas-driven,Tue
110,3,45,223522,192797.00,28312,26890.00,Christmas-driven,Wed
110,4,40,192219,168294.50,25363,23982.00,Christmas-driven,Thu
110,5,44,192196,189746.50,25432,25498.00,Christmas-driven,Fri
111,1,36,328490,182290.50,25429,18135.00,Balanced week,Mon
111,2,45,337824,214445.50,27037,21496.00,Balanced week,Tue
111,3,45,322587,227397.00,26467,22297.00,Balanced week,Wed
111,4,38,277326,199341.00,23519,19670.50,Balanced week,Thu
111,5,44,347551,270065.00,29593,25488.00,Balanced week,Fri
112,1,36,263031,216928.00,30387,28043.50,Balanced week,Mon
112,2,45,285893,253461.50,35121,33501.00,Balanced week,Tue
112,3,45,274346,249795.50,33820,32651.00,Balanced week,Wed
112,4,40,242308,219500.50,30046,28684.50,Balanced week,Thu
112,5,44,273910,263092.00,34390,33777.50,Balanced week,Fri
113,1,29,278190,181521.00,24166,18496.00,Christmas-driven,Mon
113,2,39,308711,226623.00,28508,23392.00,Christmas-driven,Tue
113,3,39,290944,230224.00,27109,23561.00,Christmas-driven,Wed
113,4,31,218818,183521.50,21038,18786.50,Christmas-driven,Thu
113,5,36,278338,246701.00,26481,24181.00,Christmas-driven,Fri
114,1,36,265124,149799.00,26064,19360.50,Balanced week,Mon
114,2,45,273912,184839.00,28886,23257.50,Balanced week,Tue
114,3,45,261003,192349.50,27910,23892.00,Balanced week,Wed
114,4,38,202379,156626.50,22215,19648.50,Balanced week,Thu
114,5,43,250408,206919.50,27414,25172.50,Balanced week,Fri
115,1,29,241479,173728.00,17127,13843.00,Balanced week,Mon
115,2,39,303124,220990.00,21444,17500.00,Balanced week,Tue
115,3,39,281929,224342.00,20545,17993.00,Balanced week,Wed
115,4,31,216983,173123.50,16042,13752.00,Balanced week,Thu
115,5,36,288132,248974.50,21258,19042.00,Balanced week,Fri
116,1,34,337503,235200.50,31656,26353.00,Weekday/promo-sensitive,Mon
116,2,45,375114,283188.50,37356,32436.50,Weekday/promo-sensitive,Tue
116,3,45,350226,281417.00,35903,31877.50,Weekday/promo-sensitive,Wed
116,4,40,304380,249399.00,31673,28184.50,Weekday/promo-sensitive,Thu
116,5,44,343887,293837.00,35471,32096.00,Weekday/promo-sensitive,Fri
117,1,36,197866,130973.00,22548,18145.00,Weekday/promo-sensitive,Mon
117,2,45,215088,150121.50,25319,21176.00,Weekday/promo-sensitive,Tue
117,3,45,196553,151088.00,23967,21018.00,Weekday/promo-sensitive,Wed
117,4,38,160091,125620.00,19921,17453.00,Weekday/promo-sensitive,Thu
117,5,42,183522,154870.00,22953,20984.50,Weekday/promo-sensitive,Fri
118,1,36,449310,218766.50,33825,21608.50,Balanced week,Mon
118,2,45,404930,244580.00,32179,23980.00,Balanced week,Tue
118,3,45,366858,255288.00,30131,24435.00,Balanced week,Wed
118,4,38,290338,215803.00,25102,20717.50,Balanced week,Thu
118,5,44,366064,292561.50,31222,26940.00,Balanced week,Fri
119,1,36,306759,200404.50,29945,24309.00,Weekday/promo-sensitive,Mon
119,2,45,326935,235790.00,33734,29038.00,Weekday/promo-sensitive,Tue
119,3,45,300957,234753.00,32058,28653.50,Weekday/promo-sensitive,Wed
119,4,40,245977,197059.00,27567,24351.00,Weekday/promo-sensitive,Thu
119,5,44,263491,231937.00,29480,27362.00,Weekday/promo-sensitive,Fri
120,1,36,369249,219708.50,29241,22026.50,Balanced week,Mon
120,2,45,373319,246060.50,30855,24893.00,Balanced week,Tue
120,3,45,342967,249219.00,29349,24886.50,Balanced week,Wed
120,4,38,284949,212960.50,24864,21210.50,Balanced week,Thu
120,5,44,350002,283523.00,30950,27486.50,Balanced week,Fri
121,1,36,231295,153379.00,23588,18746.50,Weekday/promo-sensitive,Mon
121,2,45,248823,172146.50,26277,21650.50,Weekday/promo-sensitive,Tue
121,3,44,218475,165157.00,23071,20246.00,Weekday/promo-sensitive,Wed
121,4,36,174285,137533.50,19194,16957.00,Weekday/promo-sensitive,Thu
121,5,43,215349,188725.00,26400,24916.00,Weekday/promo-sensitive,Fri
122,1,36,329330,232376.50,36307,30320.00,Summer/tourist,Mon
122,2,45,335882,261167.50,38989,34770.00,Summer/tourist,Tue
122,3,45,330065,278836.50,39745,36920.00,Summer/tourist,Wed
122,4,40,270591,232744.00,32949,30480.00,Summer/tourist,Thu
122,5,44,297009,288037.50,36643,36652.50,Summer/tourist,Fri
123,1,33,463085,234759.00,46208,30599.00,Weekday/promo-sensitive,Mon
123,2,43,486871,303593.00,51125,39015.50,Weekday/promo-sensitive,Tue
123,3,43,439250,328301.50,49803,41757.00,Weekday/promo-sensitive,Wed
123,4,36,323990,262741.00,36542,32250.00,Weekday/promo-sensitive,Thu
123,5,41,348548,310493.50,40140,38115.50,Weekday/promo-sensitive,Fri
124,1,36,186242,144452.50,20699,18047.00,Weekday/promo-sensitive,Mon
124,2,45,245121,187054.00,28860,24681.00,Weekday/promo-sensitive,Tue
124,3,45,210682,177341.50,24037,21693.50,Weekday/promo-sensitive,Wed
124,4,38,161725,141473.00,19144,17476.00,Weekday/promo-sensitive,Thu
124,5,42,234852,214606.50,28423,26494.50,Weekday/promo-sensitive,Fri
125,1,36,578675,390367.00,69645,56292.50,Weekday/promo-sensitive,Mon
125,2,45,636647,457522.00,79569,65746.50,Weekday/promo-sensitive,Tue
125,3,45,582958,444101.00,74233,63717.50,Weekday/promo-sensitive,Wed
125,4,40,504333,419002.00,66116,59526.50,Weekday/promo-sensitive,Thu
125,5,44,529686,488799.00,70274,67221.50,Weekday/promo-sensitive,Fri
126,1,36,351132,217935.00,24698,16588.50,Christmas-driven,Mon
126,2,45,362107,242977.00,27358,20464.00,Christmas-driven,Tue
126,3,45,320445,216707.00,26253,20775.50,Christmas-driven,Wed
126,4,38,301721,198553.50,21386,17504.50,Christmas-driven,Thu
126,5,42,317165,261523.00,25397,22328.00,Christmas-driven,Fri
127,1,29,228255,110549.50,24386,16162.50,Balanced week,Mon
127,2,39,246773,138832.00,28094,20119.50,Balanced week,Tue
127,3,39,229129,148625.00,26951,20881.50,Balanced week,Wed
127,4,31,169023,114870.00,20860,16318.00,Balanced week,Thu
127,5,36,216415,154123.50,25938,20959.50,Balanced week,Fri
128,1,36,370824,214795.50,26389,18876.00,Balanced week,Mon
128,2,45,378983,251699.00,28263,22270.00,Balanced week,Tue
128,3,45,348103,256205.00,26799,22668.00,Balanced week,Wed
128,4,38,282830,215206.50,22589,19091.50,Balanced week,Thu
128,5,44,343170,273917.00,26989,23649.50,Balanced week,Fri
129,1,29,347625,219271.00,38864,30255.50,Balanced week,Mon
129,2,39,431668,295562.50,49878,41127.00,Balanced week,Tue
129,3,39,385821,291777.50,46615,40103.00,Balanced week,Wed
129,4,31,298560,237977.00,36531,32817.00,Balanced week,Thu
129,5,36,363977,309966.00,45454,42019.00,Balanced week,Fri
130,1,36,235154,176059.50,25070,21591.50,Balanced week,Mon
130,2,45,256829,199799.00,27668,24327.50,Balanced week,Tue
130,3,45,245454,201614.00,27068,24451.50,Balanced week,Wed
130,4,38,201089,167937.00,22772,20524.50,Balanced week,Thu
130,5,44,241056,204609.00,26206,23962.50,Balanced week,Fri
131,1,36,276913,159550.50,26470,19128.00,Balanced week,Mon
131,2,45,280812,186694.50,27563,21871.00,Balanced week,Tue
131,3,45,257189,184495.50,26034,21519.50,Balanced week,Wed
131,4,38,217783,160213.50,22826,18557.00,Balanced week,Thu
131,5,42,235038,192253.50,24712,21520.50,Balanced week,Fri
132,1,29,235934,154802.50,20021,15583.50,Balanced week,Mon
132,2,39,276946,190661.00,23738,19317.00,Balanced week,Tue
132,3,39,251152,196264.50,22306,19490.50,Balanced week,Wed
132,4,31,201845,154170.50,18241,15563.00,Balanced week,Thu
132,5,36,238930,200166.00,21546,19294.50,Balanced week,Fri
133,1,36,351149,196793.50,37721,26247.00,Weekday/promo-sensitive,Mon
133,2,45,376019,244849.50,41948,32255.50,Weekday/promo-sensitive,Tue
133,3,45,332856,238991.00,37602,30770.50,Weekday/promo-sensitive,Wed
133,4,38,279526,208436.50,32293,27018.00,Weekday/promo-sensitive,Thu
133,5,43,301729,260413.50,35884,32819.50,Weekday/promo-sensitive,Fri
134,1,36,224058,174032.50,21982,19207.00,Weekday/promo-sensitive,Mon
134,2,45,249058,201283.50,25238,22568.50,Weekday/promo-sensitive,Tue
134,3,45,235089,194946.00,23972,21907.50,Weekday/promo-sensitive,Wed
134,4,40,198941,172956.50,21217,19381.00,Weekday/promo-sensitive,Thu
134,5,44,222070,203228.50,23094,22075.00,Weekday/promo-sensitive,Fri
135,1,36,279119,167039.50,22225,16863.50,Balanced week,Mon
135,2,45,284322,196449.00,23960,19495.00,Balanced week,Tue
135,3,45,272737,204803.50,23503,20219.50,Balanced week,Wed
135,4,38,233658,174980.00,20469,17370.50,Balanced week,Thu
135,5,44,289218,238227.00,25549,22675.00,Balanced week,Fri
136,1,29,245951,121573.00,16789,10285.50,Christmas-driven,Mon
136,2,39,265002,157878.50,18979,13589.00,Christmas-driven,Tue
136,3,39,240209,163095.00,17583,13675.00,Christmas-driven,Wed
136,4,31,178974,125827.50,13720,10737.50,Christmas-driven,Thu
136,5,36,219466,162510.50,16789,13403.00,Christmas-driven,Fri
137,1,29,305808,210605.50,32487,26452.00,Balanced week,Mon
137,2,39,370038,275758.00,40939,34634.50,Balanced week,Tue
137,3,39,338981,279841.00,38141,34405.00,Balanced week,Wed
137,4,31,256975,219601.00,30400,28002.50,Balanced week,Thu
137,5,36,344415,301637.50,39806,36388.50,Balanced week,Fri
138,1,36,404905,231237.50,34829,24972.50,Weekday/promo-sensitive,Mon
138,2,45,418384,283751.50,38485,30081.50,Weekday/promo-sensitive,Tue
138,3,44,366537,273737.50,34268,28900.00,Weekday/promo-sensitive,Wed
138,4,36,313703,243350.00,32891,28283.50,Weekday/promo-sensitive,Thu
138,5,43,335498,289348.50,32777,29747.00,Weekday/promo-sensitive,Fri
139,1,29,261621,171039.50,18716,14867.50,Weekday/promo-sensitive,Mon
139,2,39,305884,211617.00,22192,18374.00,Weekday/promo-sensitive,Tue
139,3,39,281319,214303.50,21398,18645.50,Weekday/promo-sensitive,Wed
139,4,31,213423,168328.50,17592,15365.00,Weekday/promo-sensitive,Thu
139,5,36,275472,224406.50,21093,18573.50,Weekday/promo-sensitive,Fri
140,1,36,356087,242579.50,42009,33950.00,Balanced week,Mon
140,2,45,388700,283076.00,47545,40114.00,Balanced week,Tue
140,3,45,359619,285448.50,45527,40209.00,Balanced week,Wed
140,4,38,301145,243182.00,38432,34221.00,Balanced week,Thu
140,5,44,330925,283619.00,42069,38528.00,Balanced week,Fri
141,1,35,280241,158943.00,27069,20207.00,Balanced week,Mon
141,2,45,305012,197455.50,31058,24847.00,Balanced week,Tue
141,3,45,274010,194721.50,28503,24079.50,Balanced week,Wed
141,4,38,226717,171510.50,24148,20999.00,Balanced week,Thu
141,5,42,245757,200558.50,26468,23934.00,Balanced week,Fri
142,1,36,216777,157064.50,24183,20348.00,Weekday/promo-sensitive,Mon
142,2,45,234427,181676.00,27588,24056.50,Weekday/promo-sensitive,Tue
142,3,45,227117,188502.50,27194,24559.00,Weekday/promo-sensitive,Wed
142,4,38,180274,150432.50,22443,20063.50,Weekday/promo-sensitive,Thu
142,5,42,216077,192050.50,26755,25129.00,Weekday/promo-sensitive,Fri
143,1,36,354568,172660.50,29608,17957.50,Weekday/promo-sensitive,Mon
143,2,45,345551,202428.50,29802,20882.50,Weekday/promo-sensitive,Tue
143,3,45,308226,210734.50,27263,21229.50,Weekday/promo-sensitive,Wed
143,4,38,254650,179173.00,22894,17976.50,Weekday/promo-sensitive,Thu
143,5,42,283602,228823.00,26005,22272.00,Weekday/promo-sensitive,Fri
144,1,29,276324,198151.50,24104,19804.50,Christmas-driven,Mon
144,2,39,321869,254662.00,28805,25721.50,Christmas-driven,Tue
144,3,39,316589,254747.50,28433,25707.00,Christmas-driven,Wed
144,4,31,264926,218787.50,24786,22460.00,Christmas-driven,Thu
144,5,36,318514,276030.00,30078,27435.00,Christmas-driven,Fri
145,1,27,308853,195091.00,41762,32754.50,Christmas-driven,Mon
145,2,37,387929,252766.50,52949,42299.50,Christmas-driven,Tue
145,3,37,353723,255649.00,50747,42729.50,Christmas-driven,Wed
145,4,27,243502,189642.50,35959,31572.50,Christmas-driven,Thu
145,5,34,293018,244849.00,44037,39501.00,Christmas-driven,Fri
146,1,36,398203,223314.00,30487,22398.00,Balanced week,Mon
146,2,45,395877,258979.00,32045,26203.00,Balanced week,Tue
146,3,45,377388,269968.00,31729,27043.00,Balanced week,Wed
146,4,38,311392,232903.00,27183,23615.50,Balanced week,Thu
146,5,42,366925,301309.00,32140,29370.50,Balanced week,Fri
147,1,36,418100,235168.50,38939,27743.50,Balanced week,Mon
147,2,45,412136,273680.50,40720,32517.00,Balanced week,Tue
147,3,45,396901,289907.00,40925,34372.00,Balanced week,Wed
147,4,38,308119,235495.00,32336,27470.50,Balanced week,Thu
147,5,42,362518,314589.50,38629,35308.50,Balanced week,Fri
148,1,36,408588,288305.00,35652,29742.00,Balanced week,Mon
148,2,45,450752,342637.50,40686,34914.00,Balanced week,Tue
148,3,45,408399,328822.50,37464,33549.50,Balanced week,Wed
148,4,40,359569,298389.50,34337,30277.00,Balanced week,Thu
148,5,44,388103,345385.00,36705,34513.00,Balanced week,Fri
149,1,29,226823,140481.00,17646,13308.00,Balanced week,Mon
149,2,39,265333,177584.50,21484,16890.00,Balanced week,Tue
149,3,39,241693,180025.00,20183,17286.50,Balanced week,Wed
149,4,31,190640,141700.00,16036,13430.00,Balanced week,Thu
149,5,36,235151,182184.00,19935,17199.50,Balanced week,Fri
150,1,36,425978,247968.00,36792,26786.00,Christmas-driven,Mon
150,2,45,417140,280106.00,37554,30215.00,Christmas-driven,Tue
150,3,45,394413,295199.50,36685,31218.00,Christmas-driven,Wed
150,4,40,352070,275945.50,33547,28907.00,Christmas-driven,Thu
150,5,44,389950,339162.00,38083,35252.00,Christmas-driven,Fri
151,1,35,349346,196822.50,29552,21253.50,Weekday/promo-sensitive,Mon
151,2,45,361514,240191.50,32103,25531.50,Weekday/promo-sensitive,Tue
151,3,45,323209,244317.50,29986,25600.00,Weekday/promo-sensitive,Wed
151,4,38,270766,209150.50,25717,21990.00,Weekday/promo-sensitive,Thu
151,5,43,311843,281227.50,29828,28413.50,Weekday/promo-sensitive,Fri
152,1,36,308270,162866.00,29538,20526.00,Weekday/promo-sensitive,Mon
152,2,45,339911,198852.50,34015,25194.50,Weekday/promo-sensitive,Tue
152,3,45,315065,209106.00,33601,27035.50,Weekday/promo-sensitive,Wed
152,4,38,228022,160727.00,24535,19804.50,Weekday/promo-sensitive,Thu
152,5,42,261845,203144.00,28573,24586.50,Weekday/promo-sensitive,Fri
153,1,36,413466,196205.50,30607,20472.00,Weekday/promo-sensitive,Mon
153,2,45,429704,238196.00,33755,25005.00,Weekday/promo-sensitive,Tue
153,3,45,402467,249732.00,33031,26196.50,Weekday/promo-sensitive,Wed
153,4,38,308605,209928.50,26366,21846.50,Weekday/promo-sensitive,Thu
153,5,42,341646,248667.00,30084,25611.50,Weekday/promo-sensitive,Fri
154,1,36,446891,261811.50,33950,24332.50,Christmas-driven,Mon
154,2,45,442095,298701.00,34436,27576.50,Christmas-driven,Tue
154,3,45,408905,301236.50,33002,27531.50,Christmas-driven,Wed
154,4,38,352505,272233.00,29762,24989.50,Christmas-driven,Thu
154,5,44,395140,339590.50,33691,30382.00,Christmas-driven,Fri
155,1,29,274616,155419.50,22767,16545.50,Balanced week,Mon
155,2,39,295949,195900.00,25879,20767.50,Balanced week,Tue
155,3,39,278488,202969.00,25238,21243.00,Balanced week,Wed
155,4,31,213751,160360.50,19794,16762.50,Balanced week,Thu
155,5,36,285583,221752.00,26192,22622.00,Balanced week,Fri
156,1,36,416058,191833.50,36220,23417.00,Weekday/promo-sensitive,Mon
156,2,45,426324,246325.50,39978,29308.00,Weekday/promo-sensitive,Tue
156,3,45,360267,239862.50,34558,27912.00,Weekday/promo-sensitive,Wed
156,4,38,341927,245690.00,35279,29127.00,Weekday/promo-sensitive,Thu
156,5,43,320624,257986.50,32444,29313.00,Weekday/promo-sensitive,Fri
157,1,36,490466,292427.00,43471,33030.50,Weekday/promo-sensitive,Mon
157,2,45,547944,376035.50,51271,42239.50,Weekday/promo-sensitive,Tue
157,3,45,491833,365823.00,47633,40848.00,Weekday/promo-sensitive,Wed
157,4,38,394807,309686.00,39607,34843.50,Weekday/promo-sensitive,Thu
157,5,42,434231,370547.00,43628,40556.50,Weekday/promo-sensitive,Fri
158,1,36,312855,238215.50,18891,16340.00,Balanced week,Mon
158,2,45,375207,278311.00,22547,19077.50,Balanced week,Tue
158,3,45,388095,306296.00,23355,20364.00,Balanced week,Wed
158,4,38,309399,243339.00,19232,16720.00,Balanced week,Thu
158,5,42,369003,318181.00,22982,21219.00,Balanced week,Fri
159,1,29,351417,171058.50,26746,17382.00,Balanced week,Mon
159,2,39,369929,230615.50,30005,22796.00,Balanced week,Tue
159,3,39,327743,218071.50,27662,21855.50,Balanced week,Wed
159,4,31,250751,181797.50,22071,18290.00,Balanced week,Thu
159,5,36,317883,248144.00,27681,23847.50,Balanced week,Fri
160,1,36,281710,161613.00,24175,17779.00,Balanced week,Mon
160,2,45,302568,194897.00,26411,21189.00,Balanced week,Tue
160,3,45,274235,195589.50,25057,21122.50,Balanced week,Wed
160,4,38,242170,180993.00,23034,19603.50,Balanced week,Thu
160,5,44,281450,228283.50,26722,24237.50,Balanced week,Fri
161,1,36,321696,224276.50,33213,27823.50,Balanced week,Mon
161,2,45,377920,274358.50,40062,33880.50,Balanced week,Tue
161,3,45,340396,271424.00,37206,33126.50,Balanced week,Wed
161,4,38,274990,222282.50,30749,27218.00,Balanced week,Thu
161,5,42,329191,281647.50,37038,34175.00,Balanced week,Fri
162,1,36,411144,205830.00,25199,16809.50,Balanced week,Mon
162,2,45,407530,243792.50,26280,19765.00,Balanced week,Tue
162,3,45,370523,248943.00,24744,20073.00,Balanced week,Wed
162,4,38,311487,217943.50,21309,17178.00,Balanced week,Thu
162,5,44,387773,297441.50,27340,23170.00,Balanced week,Fri
163,1,36,330174,265113.50,37276,33338.00,Balanced week,Mon
163,2,45,374409,309049.50,43104,39136.00,Balanced week,Tue
163,3,45,343816,294147.50,40556,37437.00,Balanced week,Wed
163,4,40,307256,268269.00,36698,34335.50,Balanced week,Thu
163,5,44,324891,300053.50,39097,37572.50,Balanced week,Fri
164,1,29,289208,151172.50,25588,17543.00,Balanced week,Mon
164,2,39,312845,190094.50,29253,22055.00,Balanced week,Tue
164,3,39,274051,195122.00,27052,22128.00,Balanced week,Wed
164,4,31,204910,152237.00,20520,17237.50,Balanced week,Thu
164,5,36,250953,199515.00,25327,21844.00,Balanced week,Fri
165,1,29,156065,106230.00,15008,12265.00,Weekday/promo-sensitive,Mon
165,2,39,188890,135666.50,18449,15224.50,Weekday/promo-sensitive,Tue
165,3,39,177364,137225.50,18518,15907.50,Weekday/promo-sensitive,Wed
165,4,31,127738,103463.00,13223,11834.50,Weekday/promo-sensitive,Thu
165,5,36,163716,131621.00,16755,14851.00,Weekday/promo-sensitive,Fri
166,1,36,276764,170939.00,33857,26519.00,Christmas-driven,Mon
166,2,45,295402,208723.50,38613,32450.50,Christmas-driven,Tue
166,3,45,271002,206586.50,36204,31761.50,Christmas-driven,Wed
166,4,38,230585,184000.50,31576,27931.50,Christmas-driven,Thu
166,5,42,243162,214239.50,33313,31789.50,Christmas-driven,Fri
167,1,35,479760,253383.50,48135,32532.50,Weekday/promo-sensitive,Mon
167,2,45,564683,340460.00,58745,43452.00,Weekday/promo-sensitive,Tue
167,3,45,507759,345334.00,56084,44592.50,Weekday/promo-sensitive,Wed
167,4,38,405796,290568.50,44839,37000.50,Weekday/promo-sensitive,Thu
167,5,43,409130,347081.50,46371,43318.50,Weekday/promo-sensitive,Fri
168,1,35,390378,222731.50,34033,24862.00,Weekday/promo-sensitive,Mon
168,2,45,418614,277457.50,37477,30261.00,Weekday/promo-sensitive,Tue
168,3,45,393866,287958.50,35901,30714.00,Weekday/promo-sensitive,Wed
168,4,38,307579,234730.00,30031,25841.00,Weekday/promo-sensitive,Thu
168,5,42,342557,280298.00,33035,29420.00,Weekday/promo-sensitive,Fri
169,1,35,352031,216998.50,29082,22136.00,Balanced week,Mon
169,2,44,371704,257596.50,32269,26416.50,Balanced week,Tue
169,3,44,340096,259356.00,30706,26706.50,Balanced week,Wed
169,4,37,269157,220883.00,25957,23278.50,Balanced week,Thu
169,5,42,337335,287855.00,31877,29279.00,Balanced week,Fri
170,1,36,251958,141254.50,24181,17203.50,Balanced week,Mon
170,2,45,265760,179687.00,27050,21554.50,Balanced week,Tue
170,3,45,248362,181001.00,25834,21639.50,Balanced week,Wed
170,4,38,198703,154172.50,21106,18133.50,Balanced week,Thu
170,5,42,235395,197424.00,25036,22976.50,Balanced week,Fri
171,1,36,491397,258323.50,43453,29692.50,Weekday/promo-sensitive,Mon
171,2,45,477878,304769.00,45782,35311.50,Weekday/promo-sensitive,Tue
171,3,45,413803,294459.00,41299,33735.50,Weekday/promo-sensitive,Wed
171,4,38,343300,259628.50,35252,29439.50,Weekday/promo-sensitive,Thu
171,5,42,381471,308700.00,39309,34312.00,Weekday/promo-sensitive,Fri
172,1,29,247862,192234.00,29086,25525.50,Balanced week,Mon
172,2,39,299601,237699.00,36333,31832.50,Balanced week,Tue
172,3,39,279992,237551.00,35024,31584.50,Balanced week,Wed
172,4,31,217908,183382.50,27124,24463.00,Balanced week,Thu
172,5,36,251258,225261.50,31321,28955.50,Balanced week,Fri
173,1,36,423262,269557.00,46029,35726.50,Weekday/promo-sensitive,Mon
173,2,45,456682,307934.50,52100,41524.50,Weekday/promo-sensitive,Tue
173,3,45,412578,298244.00,48165,40195.00,Weekday/promo-sensitive,Wed
173,4,40,359902,272989.50,42953,36555.00,Weekday/promo-sensitive,Thu
173,5,44,384118,324312.00,46444,41899.50,Weekday/promo-sensitive,Fri
174,1,29,201964,153966.50,15246,13427.50,Balanced week,Mon
174,2,39,241552,199932.50,18620,16816.00,Balanced week,Tue
174,3,39,234012,199279.00,18201,16931.00,Balanced week,Wed
174,4,31,175951,156029.50,14053,12990.50,Balanced week,Thu
174,5,36,229061,202679.00,18215,16959.00,Balanced week,Fri
175,1,36,269251,170981.00,28380,23113.00,Balanced week,Mon
175,2,45,296645,206595.00,32453,27374.00,Balanced week,Tue
175,3,45,278994,205923.00,31356,26955.00,Balanced week,Wed
175,4,40,239153,178396.00,27635,23581.00,Balanced week,Thu
175,5,44,275436,218295.00,31257,27624.00,Balanced week,Fri
176,1,36,313690,164293.50,32142,22384.50,Weekday/promo-sensitive,Mon
176,2,45,296128,197413.50,33008,26076.00,Weekday/promo-sensitive,Tue
176,3,45,268029,193685.00,31030,26053.50,Weekday/promo-sensitive,Wed
176,4,38,220322,173646.50,26378,22632.00,Weekday/promo-sensitive,Thu
176,5,42,235403,201482.00,28044,25979.50,Weekday/promo-sensitive,Fri
177,1,35,226625,133240.50,24137,18312.00,Weekday/promo-sensitive,Mon
177,2,45,238932,160974.00,26964,21901.50,Weekday/promo-sensitive,Tue
177,3,45,214837,162013.00,25542,21860.00,Weekday/promo-sensitive,Wed
177,4,38,170090,133270.50,20539,17833.50,Weekday/promo-sensitive,Thu
177,5,43,184227,156868.00,22360,20413.50,Weekday/promo-sensitive,Fri
178,1,36,559814,294654.50,45401,30205.00,Weekday/promo-sensitive,Mon
178,2,45,541864,344413.00,45431,34726.00,Weekday/promo-sensitive,Tue
178,3,44,485106,342475.50,41964,34495.50,Weekday/promo-sensitive,Wed
178,4,36,403736,297839.50,36236,30261.50,Weekday/promo-sensitive,Thu
178,5,43,478695,394755.00,43800,38763.00,Weekday/promo-sensitive,Fri
179,1,36,379943,204029.00,43383,29471.50,Weekday/promo-sensitive,Mon
179,2,45,413477,257371.00,49916,37431.00,Weekday/promo-sensitive,Tue
179,3,45,352532,248992.50,44562,36057.00,Weekday/promo-sensitive,Wed
179,4,38,289452,220282.00,37614,31651.50,Weekday/promo-sensitive,Thu
179,5,42,295820,254136.00,38508,35072.00,Weekday/promo-sensitive,Fri
180,1,36,352565,213277.00,36918,27880.50,Balanced week,Mon
180,2,45,370388,247536.50,39983,31855.00,Balanced week,Tue
180,3,45,352711,257632.50,39404,32878.00,Balanced week,Wed
180,4,40,309598,232182.00,35632,29476.50,Balanced week,Thu
180,5,44,322358,277978.50,37275,33703.50,Balanced week,Fri
181,1,29,293010,151404.50,26357,18735.00,Weekday/promo-sensitive,Mon
181,2,39,331524,198122.50,31394,23726.50,Weekday/promo-sensitive,Tue
181,3,39,295374,199656.50,28954,23840.00,Weekday/promo-sensitive,Wed
181,4,31,229351,163835.00,23123,19501.50,Weekday/promo-sensitive,Thu
181,5,36,263031,200155.50,26913,23191.50,Weekday/promo-sensitive,Fri
182,1,36,259545,148254.00,18678,13009.00,Balanced week,Mon
182,2,45,260148,175506.00,19482,15079.50,Balanced week,Tue
182,3,45,245419,180537.00,18780,15508.00,Balanced week,Wed
182,4,38,210855,152897.00,16127,13019.50,Balanced week,Thu
182,5,44,252635,213027.50,19913,17587.50,Balanced week,Fri
183,1,27,191807,128390.00,21960,17760.00,Christmas-driven,Mon
183,2,37,226755,162933.50,26184,21955.50,Christmas-driven,Tue
183,3,37,195815,160696.00,23585,21472.50,Christmas-driven,Wed
183,4,29,137402,115153.00,17336,15869.00,Christmas-driven,Thu
183,5,34,169094,152436.50,21618,20103.00,Christmas-driven,Fri
184,1,33,321139,183900.00,25343,17986.00,Balanced week,Mon
184,2,45,355915,237716.50,30027,23589.50,Balanced week,Tue
184,3,45,329397,236795.50,28258,23288.50,Balanced week,Wed
184,4,38,257397,200919.50,23258,19754.50,Balanced week,Thu
184,5,42,292720,253198.00,26512,24011.50,Balanced week,Fri
185,1,36,361048,194419.00,24155,16631.50,Balanced week,Mon
185,2,45,362212,224621.00,25257,19140.50,Balanced week,Tue
185,3,45,334883,241550.00,24091,19897.50,Balanced week,Wed
185,4,40,312374,223148.00,23501,18955.50,Balanced week,Thu
185,5,44,377636,302056.00,28247,24567.00,Balanced week,Fri
186,1,29,151772,91133.00,13977,10160.50,Balanced week,Mon
186,2,39,180223,109279.00,16514,12244.00,Balanced week,Tue
186,3,39,156404,112955.50,15067,12473.00,Balanced week,Wed
186,4,31,122977,91357.50,12060,10085.00,Balanced week,Thu
186,5,36,155650,111496.00,15027,12164.00,Balanced week,Fri
187,1,36,312193,203708.00,33871,27650.00,Christmas-driven,Mon
187,2,45,359665,262052.50,42087,36537.50,Christmas-driven,Tue
187,3,45,279981,224941.00,33570,30395.50,Christmas-driven,Wed
187,4,40,255967,210811.00,31788,28611.50,Christmas-driven,Thu
187,5,44,312409,277216.00,38933,37360.50,Christmas-driven,Fri
188,1,36,269998,132239.00,20483,13085.00,Balanced week,Mon
188,2,45,266144,152186.50,21326,15322.00,Balanced week,Tue
188,3,45,248626,161411.50,20300,15893.50,Balanced week,Wed
188,4,38,198432,137419.00,16860,13425.50,Balanced week,Thu
188,5,42,222228,167215.50,19010,16069.50,Balanced week,Fri
189,1,36,403506,259423.00,34720,27550.00,Weekday/promo-sensitive,Mon
189,2,45,456469,311416.50,39424,32508.00,Weekday/promo-sensitive,Tue
189,3,45,438798,323459.50,39241,33758.50,Weekday/promo-sensitive,Wed
189,4,38,352260,277669.00,32787,28655.50,Weekday/promo-sensitive,Thu
189,5,42,414932,349477.00,38893,35264.50,Weekday/promo-sensitive,Fri
190,1,29,278717,187677.00,22986,18499.50,Weekday/promo-sensitive,Mon
190,2,39,337042,234767.00,28700,23411.00,Weekday/promo-sensitive,Tue
190,3,39,301453,240545.00,26912,23597.50,Weekday/promo-sensitive,Wed
190,4,31,221750,180782.00,20073,17959.00,Weekday/promo-sensitive,Thu
190,5,36,280209,240234.00,25165,22838.00,Weekday/promo-sensitive,Fri
191,1,29,234915,176498.00,23945,20223.00,Balanced week,Mon
191,2,39,287142,219891.00,29292,24914.50,Balanced week,Tue
191,3,39,268825,223423.50,27910,25329.50,Balanced week,Wed
191,4,31,207345,170983.00,21712,19256.00,Balanced week,Thu
191,5,36,252990,218323.00,26056,23606.00,Balanced week,Fri
192,1,29,301758,198400.00,20091,15405.00,Balanced week,Mon
192,2,39,375429,258482.00,24936,20029.50,Balanced week,Tue
192,3,39,339317,257247.00,23475,19824.50,Balanced week,Wed
192,4,31,263326,201699.00,18533,15430.50,Balanced week,Thu
192,5,36,361550,294278.00,25112,21724.00,Balanced week,Fri
193,1,35,292549,141163.50,36234,23798.00,Weekday/promo-sensitive,Mon
193,2,45,313408,172867.50,40151,28520.50,Weekday/promo-sensitive,Tue
193,3,45,318184,205194.50,44257,34498.50,Weekday/promo-sensitive,Wed
193,4,38,213279,150052.50,30951,25198.50,Weekday/promo-sensitive,Thu
193,5,42,215264,168911.00,31360,26900.50,Weekday/promo-sensitive,Fri
194,1,35,203803,140159.50,16159,13124.50,Christmas-driven,Mon
194,2,45,223935,171040.00,18483,16000.00,Christmas-driven,Tue
194,3,45,229539,177337.50,18854,16561.00,Christmas-driven,Wed
194,4,38,186272,151035.00,15673,14036.50,Christmas-driven,Thu
194,5,42,222953,194618.50,18890,17644.00,Christmas-driven,Fri
195,1,36,515246,322137.50,57664,43122.00,Balanced week,Mon
195,2,45,562644,370390.00,63442,49226.00,Balanced week,Tue
195,3,45,534677,381977.00,61840,50491.50,Balanced week,Wed
195,4,38,416941,308248.00,50359,41239.00,Balanced week,Thu
195,5,42,480454,391709.00,57130,49744.00,Balanced week,Fri
196,1,36,280284,170242.00,32902,25413.00,Weekday/promo-sensitive,Mon
196,2,45,276352,193458.00,34073,28687.00,Weekday/promo-sensitive,Tue
196,3,45,253987,198670.00,32915,29272.50,Weekday/promo-sensitive,Wed
196,4,38,208580,164585.00,27298,24198.50,Weekday/promo-sensitive,Thu
196,5,43,235682,214976.00,31381,30266.00,Weekday/promo-sensitive,Fri
197,1,36,333147,195477.50,36125,26743.50,Balanced week,Mon
197,2,45,361570,230552.50,40882,31749.50,Balanced week,Tue
197,3,45,361755,243951.50,42704,34339.00,Balanced week,Wed
197,4,40,287487,203340.00,33504,27320.50,Balanced week,Thu
197,5,44,349220,277965.50,42545,36999.00,Balanced week,Fri
198,1,36,205261,65981.00,19005,9600.50,Weekday/promo-sensitive,Mon
198,2,45,223158,99324.00,24005,14773.50,Weekday/promo-sensitive,Tue
198,3,45,153221,82652.50,16435,11291.50,Weekday/promo-sensitive,Wed
198,4,38,128628,76236.50,14429,10541.00,Weekday/promo-sensitive,Thu
198,5,43,152090,104185.50,18463,14955.00,Weekday/promo-sensitive,Fri
199,1,36,402585,220653.00,28079,19060.50,Balanced week,Mon
199,2,45,392378,253633.50,28771,21887.00,Balanced week,Tue
199,3,45,377530,269167.50,27980,22660.50,Balanced week,Wed
199,4,38,319724,239186.00,24555,20379.00,Balanced week,Thu
199,5,42,365692,302758.00,28249,25057.00,Balanced week,Fri
200,1,36,337121,251728.50,40146,33584.50,Balanced week,Mon
200,2,45,398838,300111.00,47833,40002.50,Balanced week,Tue
200,3,45,378810,299612.00,46046,39878.00,Balanced week,Wed
200,4,38,298890,247370.50,37519,32859.50,Balanced week,Thu
200,5,42,345566,316601.00,43050,40098.00,Balanced week,Fri
201,1,36,229240,138524.00,17449,13056.00,Balanced week,Mon
201,2,45,233057,166760.00,18169,15334.00,Balanced week,Tue
201,3,45,235617,175581.50,18838,16016.50,Balanced week,Wed
201,4,38,222489,168739.50,18117,15396.50,Balanced week,Thu
201,5,42,255770,220183.00,21249,19900.50,Balanced week,Fri
202,1,36,284833,181617.50,22316,16694.50,Balanced week,Mon
202,2,45,302886,212904.50,23812,19189.50,Balanced week,Tue
202,3,45,279137,213065.00,22557,19386.00,Balanced week,Wed
202,4,38,235313,186206.50,19651,16729.50,Balanced week,Thu
202,5,44,276826,236684.50,22959,20768.50,Balanced week,Fri
203,1,35,316197,187103.50,35575,26721.50,Christmas-driven,Mon
203,2,45,349913,237341.00,41810,33837.50,Christmas-driven,Tue
203,3,45,368546,278465.00,47128,40810.00,Christmas-driven,Wed
203,4,38,252900,203439.00,32544,28410.50,Christmas-driven,Thu
203,5,43,272344,253556.50,35381,35091.00,Christmas-driven,Fri
204,1,29,208028,149990.50,18366,15572.50,Weekday/promo-sensitive,Mon
204,2,39,241599,184936.50,21984,19049.00,Weekday/promo-sensitive,Tue
204,3,39,223168,188540.00,20889,19207.50,Weekday/promo-sensitive,Wed
204,4,31,169563,150028.50,16210,15237.50,Weekday/promo-sensitive,Thu
204,5,36,222532,193329.50,20903,19114.50,Weekday/promo-sensitive,Fri
205,1,36,360278,198319.00,42131,30038.50,Weekday/promo-sensitive,Mon
205,2,45,369277,228454.00,45810,34891.50,Weekday/promo-sensitive,Tue
205,3,45,328684,223381.00,42170,33707.50,Weekday/promo-sensitive,Wed
205,4,40,284839,206029.50,37418,30671.00,Weekday/promo-sensitive,Thu
205,5,44,310456,241745.00,40841,35093.50,Weekday/promo-sensitive,Fri
206,1,36,365982,229295.50,36387,28079.00,Weekday/promo-sensitive,Mon
206,2,45,386668,275756.50,41083,34089.50,Weekday/promo-sensitive,Tue
206,3,45,341611,261861.50,37335,32201.50,Weekday/promo-sensitive,Wed
206,4,38,305999,250303.50,35163,31298.00,Weekday/promo-sensitive,Thu
206,5,42,311400,270647.00,34760,31814.00,Weekday/promo-sensitive,Fri
207,1,36,642452,338175.50,62840,44550.50,Weekday/promo-sensitive,Mon
207,2,45,631563,395785.00,66654,52352.50,Weekday/promo-sensitive,Tue
207,3,45,573954,410429.50,63896,54297.00,Weekday/promo-sensitive,Wed
207,4,40,473051,357817.50,54342,46550.50,Weekday/promo-sensitive,Thu
207,5,44,489163,416025.50,56860,52267.50,Weekday/promo-sensitive,Fri
208,1,36,135086,86009.50,17345,12941.50,Balanced week,Mon
208,2,45,141656,94092.50,18868,14286.00,Balanced week,Tue
208,3,45,136689,98572.00,18680,15220.00,Balanced week,Wed
208,4,40,121240,85567.50,16691,13058.00,Balanced week,Thu
208,5,44,145453,118060.50,20417,17381.00,Balanced week,Fri
209,1,36,286246,210503.00,27669,23537.50,Christmas-driven,Mon
209,2,45,302091,236722.00,29872,26513.50,Christmas-driven,Tue
209,3,45,272193,226020.50,27555,25395.00,Christmas-driven,Wed
209,4,40,262743,226668.00,27589,25605.00,Christmas-driven,Thu
209,5,44,270564,250097.00,27840,26839.50,Christmas-driven,Fri
210,1,36,155302,89408.50,14493,9960.00,Balanced week,Mon
210,2,45,162652,104300.00,15773,11713.00,Balanced week,Tue
210,3,45,159138,106211.00,15269,11708.50,Balanced week,Wed
210,4,38,128530,90589.00,12897,10257.00,Balanced week,Thu
210,5,42,157254,114738.50,15691,12733.00,Balanced week,Fri
211,1,36,672227,437817.50,68850,54462.00,Weekday/promo-sensitive,Mon
211,2,45,727830,510465.50,77594,64187.00,Weekday/promo-sensitive,Tue
211,3,45,641772,492209.50,70834,61123.00,Weekday/promo-sensitive,Wed
211,4,40,570414,457093.00,64914,56810.50,Weekday/promo-sensitive,Thu
211,5,44,593544,507689.50,68259,61790.50,Weekday/promo-sensitive,Fri
212,1,36,231813,147019.00,20535,15940.00,Christmas-driven,Mon
212,2,45,249097,173846.50,22678,18869.00,Christmas-driven,Tue
212,3,45,263474,199961.50,25193,21645.50,Christmas-driven,Wed
212,4,40,199677,154879.50,19228,16685.50,Christmas-driven,Thu
212,5,44,219971,194412.50,21177,19944.50,Christmas-driven,Fri
213,1,36,423735,227228.00,29631,20345.00,Balanced week,Mon
213,2,45,436628,280007.50,32233,25084.50,Balanced week,Tue
213,3,45,405797,287877.50,30997,25588.50,Balanced week,Wed
213,4,38,318171,236910.50,24864,21026.00,Balanced week,Thu
213,5,42,376414,298944.00,29322,25610.00,Balanced week,Fri
214,1,36,458657,255698.00,30752,21518.50,Balanced week,Mon
214,2,45,462393,299839.00,32299,25012.50,Balanced week,Tue
214,3,45,435446,319706.00,31472,26286.00,Balanced week,Wed
214,4,38,345897,261357.00,26228,22038.50,Balanced week,Thu
214,5,42,430864,372538.50,32497,30045.50,Balanced week,Fri
215,1,29,265421,128152.50,18507,11279.00,Balanced week,Mon
215,2,39,305076,164850.50,21479,14021.50,Balanced week,Tue
215,3,39,276793,175297.50,20122,14826.50,Balanced week,Wed
215,4,30,200548,138118.50,15256,11571.00,Balanced week,Thu
215,5,36,270044,191328.50,20014,15891.00,Balanced week,Fri
216,1,32,347078,194043.50,38090,27485.50,Christmas-driven,Mon
216,2,45,390181,252268.00,44160,34329.00,Christmas-driven,Tue
216,3,45,356385,248958.50,41468,33902.50,Christmas-driven,Wed
216,4,38,284084,210334.50,34514,28741.50,Christmas-driven,Thu
216,5,42,322564,258001.00,38271,33784.00,Christmas-driven,Fri
217,1,36,214757,148769.00,27106,22449.50,Balanced week,Mon
217,2,45,233350,178408.00,30569,26351.00,Balanced week,Tue
217,3,45,226615,182025.50,29339,26155.00,Balanced week,Wed
217,4,40,207237,161517.50,26788,23222.00,Balanced week,Thu
217,5,44,212603,191650.50,29249,27262.50,Balanced week,Fri
218,1,29,202989,140382.00,26014,20984.50,Weekday/promo-sensitive,Mon
218,2,39,249261,185048.00,32906,27656.00,Weekday/promo-sensitive,Tue
218,3,39,229388,180558.50,30669,26774.50,Weekday/promo-sensitive,Wed
218,4,31,180207,151248.00,24486,22207.50,Weekday/promo-sensitive,Thu
218,5,36,194752,167842.50,26826,24490.00,Weekday/promo-sensitive,Fri
219,1,36,154329,110020.50,18549,15556.00,Weekday/promo-sensitive,Mon
219,2,45,174927,128765.50,21300,18171.00,Weekday/promo-sensitive,Tue
219,3,45,159566,126890.00,20216,17911.00,Weekday/promo-sensitive,Wed
219,4,38,126865,101687.00,16311,14231.00,Weekday/promo-sensitive,Thu
219,5,42,140013,127694.50,18241,17103.00,Weekday/promo-sensitive,Fri
220,1,32,233570,137365.00,27276,20022.00,Weekday/promo-sensitive,Mon
220,2,45,287288,192077.00,35476,26576.50,Weekday/promo-sensitive,Tue
220,3,45,254921,180893.00,32440,26244.50,Weekday/promo-sensitive,Wed
220,4,38,202957,155200.00,26205,21646.00,Weekday/promo-sensitive,Thu
220,5,42,220656,177394.50,28231,24529.50,Weekday/promo-sensitive,Fri
221,1,36,275611,175242.50,23679,18312.50,Christmas-driven,Mon
221,2,45,286549,205742.00,25131,21378.50,Christmas-driven,Tue
221,3,45,264025,209605.50,24208,21398.00,Christmas-driven,Wed
221,4,40,244824,195471.50,22719,19814.50,Christmas-driven,Thu
221,5,44,278335,245141.50,26276,24591.50,Christmas-driven,Fri
222,1,36,280646,163665.00,27684,20733.00,Weekday/promo-sensitive,Mon
222,2,45,289221,192991.00,30193,24129.50,Weekday/promo-sensitive,Tue
222,3,45,254843,183252.00,27459,22984.00,Weekday/promo-sensitive,Wed
222,4,40,226573,168002.50,24937,20673.00,Weekday/promo-sensitive,Thu
222,5,44,239035,193015.00,26811,23238.00,Weekday/promo-sensitive,Fri
223,1,36,401935,217510.00,36109,25243.50,Weekday/promo-sensitive,Mon
223,2,45,387177,238781.00,36295,27743.00,Weekday/promo-sensitive,Tue
223,3,45,365758,260957.00,36313,30423.00,Weekday/promo-sensitive,Wed
223,4,38,281546,210948.00,27748,23560.50,Weekday/promo-sensitive,Thu
223,5,43,358398,292035.50,35904,32436.00,Weekday/promo-sensitive,Fri
224,1,35,314491,186095.50,20519,14505.00,Balanced week,Mon
224,2,45,326026,222108.00,22329,17449.00,Balanced week,Tue
224,3,45,310193,230482.00,21299,17917.50,Balanced week,Wed
224,4,38,254662,196604.50,18081,15163.00,Balanced week,Thu
224,5,42,288461,241370.00,20749,18315.00,Balanced week,Fri
225,1,35,273012,144849.50,26054,17261.50,Weekday/promo-sensitive,Mon
225,2,45,279645,181865.50,27973,21312.50,Weekday/promo-sensitive,Tue
225,3,45,243127,186539.50,25232,21427.00,Weekday/promo-sensitive,Wed
225,4,38,223613,170792.50,24302,20709.00,Weekday/promo-sensitive,Thu
225,5,43,243699,208220.00,25694,23201.50,Weekday/promo-sensitive,Fri
226,1,36,357541,233568.50,31949,24568.50,Balanced week,Mon
226,2,45,394693,280895.00,36896,30147.00,Balanced week,Tue
226,3,45,361073,271430.50,34025,28931.00,Balanced week,Wed
226,4,38,292194,228559.50,28231,24217.00,Balanced week,Thu
226,5,44,340998,284327.00,32949,28881.50,Balanced week,Fri
227,1,34,280464,180541.00,23612,18485.50,Christmas-driven,Mon
227,2,43,321221,213083.00,27183,21782.50,Christmas-driven,Tue
227,3,43,298328,215814.00,26203,21984.00,Christmas-driven,Wed
227,4,36,229616,171214.00,21038,17791.50,Christmas-driven,Thu
227,5,40,269008,234955.00,25159,22957.50,Christmas-driven,Fri
228,1,36,347953,232156.00,23690,18977.00,Balanced week,Mon
228,2,45,387948,287048.50,26459,22817.00,Balanced week,Tue
228,3,45,368707,292928.00,26256,23450.50,Balanced week,Wed
228,4,38,303778,247841.00,21993,19628.50,Balanced week,Thu
228,5,42,360087,314399.00,26551,24625.50,Balanced week,Fri
229,1,36,409948,242330.50,31413,23151.50,Balanced week,Mon
229,2,45,439378,288034.00,34251,27302.50,Balanced week,Tue
229,3,45,411170,297550.50,33127,27858.50,Balanced week,Wed
229,4,38,359287,265213.50,29577,24560.50,Balanced week,Thu
229,5,42,415072,339584.50,34746,30709.00,Balanced week,Fri
230,1,36,351310,242015.00,40133,33241.50,Balanced week,Mon
230,2,45,374460,272684.00,43826,37799.50,Balanced week,Tue
230,3,45,352240,281669.00,41924,38085.00,Balanced week,Wed
230,4,40,306824,253242.00,37754,34018.00,Balanced week,Thu
230,5,44,339592,314460.50,42209,40243.00,Balanced week,Fri
231,1,29,188437,100679.50,13895,9385.00,Balanced week,Mon
231,2,39,214972,127570.50,16013,11609.50,Balanced week,Tue
231,3,39,203954,135778.00,15679,12311.50,Balanced week,Wed
231,4,31,154934,109092.50,12253,9990.00,Balanced week,Thu
231,5,36,202403,147425.00,16265,13299.50,Balanced week,Fri
232,1,34,154104,84501.50,12221,8636.50,Balanced week,Mon
232,2,44,162621,106454.00,13742,10665.00,Balanced week,Tue
232,3,43,149509,112453.50,12887,11146.50,Balanced week,Wed
232,4,36,133980,98229.00,11827,9709.50,Balanced week,Thu
232,5,41,170938,145215.50,15151,13974.50,Balanced week,Fri
233,1,36,438705,298096.50,44066,35667.50,Balanced week,Mon
233,2,45,493732,361420.00,51217,42973.00,Balanced week,Tue
233,3,45,453652,361890.00,48066,42720.00,Balanced week,Wed
233,4,38,371031,305335.50,40301,35988.50,Balanced week,Thu
233,5,44,427482,375891.00,46520,42968.50,Balanced week,Fri
234,1,36,659721,293813.00,52100,30732.50,Balanced week,Mon
234,2,45,624850,344228.50,51942,35450.00,Balanced week,Tue
234,3,45,568700,357432.50,49550,36420.50,Balanced week,Wed
234,4,38,423285,303362.50,40740,32628.00,Balanced week,Thu
234,5,42,493696,397994.00,45136,38778.50,Balanced week,Fri
235,1,36,344332,168945.00,24554,16411.50,Weekday/promo-sensitive,Mon
235,2,45,337875,201642.50,25383,19399.00,Weekday/promo-sensitive,Tue
235,3,45,301941,200417.00,23876,19151.50,Weekday/promo-sensitive,Wed
235,4,38,255217,174234.50,20874,16764.00,Weekday/promo-sensitive,Thu
235,5,44,295892,231351.50,24927,21687.00,Weekday/promo-sensitive,Fri
236,1,36,367773,238991.00,40072,31944.50,Weekday/promo-sensitive,Mon
236,2,45,396548,280844.50,45476,37544.50,Weekday/promo-sensitive,Tue
236,3,45,357553,275272.50,42173,36542.00,Weekday/promo-sensitive,Wed
236,4,40,302078,242995.50,36468,32151.50,Weekday/promo-sensitive,Thu
236,5,44,342455,301089.00,41523,38665.00,Weekday/promo-sensitive,Fri
237,1,36,204504,166427.50,24916,22238.00,Weekday/promo-sensitive,Mon
237,2,45,221894,189762.50,27617,25694.00,Weekday/promo-sensitive,Tue
237,3,45,214057,187201.50,27062,25217.00,Weekday/promo-sensitive,Wed
237,4,40,184191,162980.50,23567,21999.50,Weekday/promo-sensitive,Thu
237,5,44,208662,191006.50,26376,25324.00,Weekday/promo-sensitive,Fri
238,1,31,335366,216710.00,42427,33540.00,Weekday/promo-sensitive,Mon
238,2,44,409225,283486.50,55747,44871.50,Weekday/promo-sensitive,Tue
238,3,44,376595,274536.00,52909,44032.50,Weekday/promo-sensitive,Wed
238,4,37,299361,239695.00,42342,37087.00,Weekday/promo-sensitive,Thu
238,5,41,332029,286656.00,47175,43367.00,Weekday/promo-sensitive,Fri
239,1,36,249665,141978.00,20790,15057.00,Balanced week,Mon
239,2,45,257288,157925.50,21525,16375.50,Balanced week,Tue
239,3,45,242093,160893.00,21069,16562.00,Balanced week,Wed
239,4,38,206153,147295.00,19085,15525.50,Balanced week,Thu
239,5,42,243147,184599.00,21908,18305.50,Balanced week,Fri
240,1,36,232675,159037.50,20402,16553.00,Balanced week,Mon
240,2,45,249368,187162.50,22417,19123.00,Balanced week,Tue
240,3,45,240662,192074.00,22164,19691.00,Balanced week,Wed
240,4,40,199579,159937.50,18783,16522.50,Balanced week,Thu
240,5,44,225943,189618.50,21574,19431.50,Balanced week,Fri
241,1,36,305938,186645.00,29761,21895.50,Balanced week,Mon
241,2,45,329628,225950.00,33209,26491.00,Balanced week,Tue
241,3,45,310072,240163.50,32092,27610.50,Balanced week,Wed
241,4,38,240635,199615.00,26170,23017.00,Balanced week,Thu
241,5,42,298820,259375.00,31797,28982.00,Balanced week,Fri
242,1,36,256630,108128.00,19338,11202.00,Balanced week,Mon
242,2,45,220499,120971.00,17833,12358.00,Balanced week,Tue
242,3,45,197786,124591.00,16550,12672.00,Balanced week,Wed
242,4,38,173083,114044.50,15067,11683.50,Balanced week,Thu
242,5,44,213707,160763.50,18761,15800.00,Balanced week,Fri
243,1,29,311260,156909.00,35772,23845.50,Christmas-driven,Mon
243,2,39,365231,213062.00,44686,32460.00,Christmas-driven,Tue
243,3,39,320594,214046.00,40702,31797.50,Christmas-driven,Wed
243,4,31,240778,177198.50,31517,26117.50,Christmas-driven,Thu
243,5,36,263088,207782.50,34934,30471.00,Christmas-driven,Fri
244,1,36,309284,133476.50,26029,15700.00,Balanced week,Mon
244,2,45,285687,155746.50,26534,18492.00,Balanced week,Tue
244,3,45,261469,167219.00,25214,19654.50,Balanced week,Wed
244,4,38,202794,138590.00,20425,16026.50,Balanced week,Thu
244,5,42,245370,185840.00,24941,20904.50,Balanced week,Fri
245,1,36,407153,306086.50,44189,36969.00,Balanced week,Mon
245,2,45,443716,342766.00,49597,42864.50,Balanced week,Tue
245,3,45,426349,340320.50,48308,42491.50,Balanced week,Wed
245,4,38,348043,288697.00,39211,35388.50,Balanced week,Thu
245,5,44,397711,350290.50,45092,41298.50,Balanced week,Fri
246,1,36,330821,229316.50,40106,33120.50,Weekday/promo-sensitive,Mon
246,2,45,364497,265364.50,45211,38421.00,Weekday/promo-sensitive,Tue
246,3,45,341294,260761.50,43789,37737.00,Weekday/promo-sensitive,Wed
246,4,40,300213,240891.00,39022,33764.00,Weekday/promo-sensitive,Thu
246,5,44,337102,298161.00,44806,41290.50,Weekday/promo-sensitive,Fri
247,1,36,449809,243495.50,31992,21642.50,Balanced week,Mon
247,2,45,434858,273291.50,32001,24341.00,Balanced week,Tue
247,3,45,411797,283165.00,31196,24605.00,Balanced week,Wed
247,4,38,352181,249181.50,27511,22121.50,Balanced week,Thu
247,5,44,410338,328368.50,32536,28102.00,Balanced week,Fri
248,1,36,387541,258206.50,46215,38024.50,Christmas-driven,Mon
248,2,45,422305,306698.00,52472,45538.50,Christmas-driven,Tue
248,3,45,388042,310144.50,49990,45299.50,Christmas-driven,Wed
248,4,40,343270,283407.50,45333,41089.50,Christmas-driven,Thu
248,5,44,354025,334259.50,48240,47317.50,Christmas-driven,Fri
249,1,36,242625,167861.00,22653,18377.00,Christmas-driven,Mon
249,2,45,253631,189063.50,24929,21406.00,Christmas-driven,Tue
249,3,45,240568,191870.50,23514,20980.00,Christmas-driven,Wed
249,4,40,231325,180685.50,23309,19999.00,Christmas-driven,Thu
249,5,44,250713,222637.00,25452,23824.50,Christmas-driven,Fri
250,1,36,477245,226215.00,32134,20057.50,Balanced week,Mon
250,2,45,448901,267484.00,31567,23444.50,Balanced week,Tue
250,3,45,423955,278016.50,31026,24118.00,Balanced week,Wed
250,4,38,333399,228322.00,25226,20101.50,Balanced week,Thu
250,5,44,400644,303525.50,30364,25778.50,Balanced week,Fri
251,1,36,848258,599851.00,98338,82154.50,Balanced week,Mon
251,2,45,958583,734650.50,115625,101127.50,Balanced week,Tue
251,3,45,893393,724599.00,111133,98606.50,Balanced week,Wed
251,4,38,734822,623029.00,93382,84973.00,Balanced week,Thu
251,5,42,783375,720436.00,99096,96065.00,Balanced week,Fri
252,1,36,586663,290220.50,39015,24445.50,Balanced week,Mon
252,2,45,578922,355099.50,40036,29604.50,Balanced week,Tue
252,3,45,537406,371324.50,38548,30789.50,Balanced week,Wed
252,4,38,418092,320023.50,31133,26265.00,Balanced week,Thu
252,5,42,475543,385405.00,36520,31854.50,Balanced week,Fri
253,1,36,357905,174936.00,36551,23239.50,Weekday/promo-sensitive,Mon
253,2,45,346764,197829.00,38400,26938.00,Weekday/promo-sensitive,Tue
253,3,45,291365,192532.50,33746,26073.50,Weekday/promo-sensitive,Wed
253,4,38,228983,167447.50,28059,22740.50,Weekday/promo-sensitive,Thu
253,5,42,243278,198720.00,29651,26186.50,Weekday/promo-sensitive,Fri
254,1,36,140045,76581.50,10819,7278.50,Balanced week,Mon
254,2,45,151158,91910.00,12079,8865.00,Balanced week,Tue
254,3,45,139761,96091.50,11602,9086.50,Balanced week,Wed
254,4,38,115675,81212.00,9820,7744.00,Balanced week,Thu
254,5,42,144443,111890.00,12304,10420.00,Balanced week,Fri
255,1,36,300926,175461.00,26937,19827.50,Balanced week,Mon
255,2,45,308425,206736.50,28998,23456.00,Balanced week,Tue
255,3,45,299203,219505.50,29673,25002.00,Balanced week,Wed
255,4,38,238830,183500.50,23767,20179.50,Balanced week,Thu
255,5,42,288173,240898.00,28421,25841.00,Balanced week,Fri
256,1,32,474309,248291.00,51460,35044.50,Christmas-driven,Mon
256,2,45,553189,341234.00,64968,48291.50,Christmas-driven,Tue
256,3,45,478142,333193.50,57583,46705.00,Christmas-driven,Wed
256,4,38,385631,293277.50,48229,40691.00,Christmas-driven,Thu
256,5,42,411703,353248.00,51826,48031.00,Christmas-driven,Fri
257,1,36,270340,192582.00,29792,24551.00,Weekday/promo-sensitive,Mon
257,2,45,292965,221312.00,33065,28118.50,Weekday/promo-sensitive,Tue
257,3,45,270676,213112.50,31490,27300.50,Weekday/promo-sensitive,Wed
257,4,40,234997,199356.50,27753,24933.00,Weekday/promo-sensitive,Thu
257,5,44,252861,223542.00,29693,27702.00,Weekday/promo-sensitive,Fri
258,1,29,218068,152613.50,17433,14325.00,Balanced week,Mon
258,2,39,243528,190009.00,20189,17907.00,Balanced week,Tue
258,3,39,226349,189809.00,19014,17641.00,Balanced week,Wed
258,4,31,182023,155404.50,15694,14664.50,Balanced week,Thu
258,5,36,232529,204460.50,20351,18850.50,Balanced week,Fri
259,1,34,412900,375202.50,84125,81863.50,Sunday-trading,Mon
259,2,43,514832,461226.50,105284,102269.50,Sunday-trading,Tue
259,3,43,497867,453726.00,104349,100147.00,Sunday-trading,Wed
259,4,36,423119,378231.00,88241,82994.00,Sunday-trading,Thu
259,5,42,501724,460763.50,105449,100734.00,Sunday-trading,Fri
260,1,36,285064,233630.50,36745,33518.00,Balanced week,Mon
260,2,45,310928,268525.00,42238,39449.00,Balanced week,Tue
260,3,45,299749,268086.00,41343,39278.50,Balanced week,Wed
260,4,40,263276,235510.00,36590,34582.50,Balanced week,Thu
260,5,44,285312,269048.50,39951,38417.50,Balanced week,Fri
261,1,36,793181,336829.00,50435,29726.00,Weekday/promo-sensitive,Mon
261,2,45,750449,399357.00,49889,34703.00,Weekday/promo-sensitive,Tue
261,3,45,681710,409893.00,46601,35319.50,Weekday/promo-sensitive,Wed
261,4,36,541546,353233.00,39531,30868.50,Weekday/promo-sensitive,Thu
261,5,43,614278,442331.00,45957,37587.00,Weekday/promo-sensitive,Fri
262,1,36,765788,635270.50,118847,111488.50,Sunday-trading,Mon
262,2,45,896296,764563.00,140817,133391.50,Sunday-trading,Tue
262,3,45,881343,758477.50,141256,132010.00,Sunday-trading,Wed
262,4,40,788656,687513.50,127420,118606.00,Sunday-trading,Thu
262,5,44,934255,848566.50,159444,149960.00,Sunday-trading,Fri
263,1,29,123726,90485.00,11217,9318.50,Balanced week,Mon
263,2,39,153575,113797.50,14025,11988.00,Balanced week,Tue
263,3,39,141204,114088.00,13425,11965.50,Balanced week,Wed
263,4,31,103663,88733.50,10043,9077.50,Balanced week,Thu
263,5,36,135932,114995.00,12833,11481.50,Balanced week,Fri
264,1,35,396265,216761.00,44851,31529.50,Balanced week,Mon
264,2,42,395426,233038.00,47220,34532.50,Balanced week,Tue
264,3,42,347429,230526.00,43661,33648.00,Balanced week,Wed
264,4,38,300160,213391.50,38921,30588.50,Balanced week,Thu
264,5,42,322671,251060.50,41875,35251.50,Balanced week,Fri
265,1,36,299108,149055.50,26322,17415.00,Weekday/promo-sensitive,Mon
265,2,45,289806,179702.50,27090,20627.50,Weekday/promo-sensitive,Tue
265,3,45,260327,184247.50,25173,20644.50,Weekday/promo-sensitive,Wed
265,4,38,210850,158391.50,21246,18030.00,Weekday/promo-sensitive,Thu
265,5,42,225589,188055.00,23160,20646.50,Weekday/promo-sensitive,Fri
266,1,36,222686,147806.00,24297,19790.50,Weekday/promo-sensitive,Mon
266,2,45,250174,178080.50,29088,23748.50,Weekday/promo-sensitive,Tue
266,3,44,220667,169244.50,25923,22546.50,Weekday/promo-sensitive,Wed
266,4,36,184067,147438.50,22347,19488.00,Weekday/promo-sensitive,Thu
266,5,43,195461,166927.50,22781,21384.50,Weekday/promo-sensitive,Fri
267,1,36,376462,249809.50,40332,32619.50,Christmas-driven,Mon
267,2,45,400088,295215.50,44767,38550.00,Christmas-driven,Tue
267,3,45,387068,307329.50,44609,40360.50,Christmas-driven,Wed
267,4,40,406969,338869.50,47953,44279.00,Christmas-driven,Thu
267,5,44,387526,355276.00,46090,45372.00,Christmas-driven,Fri
268,1,36,262858,143067.00,28364,20061.00,Weekday/promo-sensitive,Mon
268,2,45,271824,166950.50,29999,22991.00,Weekday/promo-sensitive,Tue
268,3,45,274767,188993.00,32104,26209.50,Weekday/promo-sensitive,Wed
268,4,40,208561,147324.00,25004,20308.00,Weekday/promo-sensitive,Thu
268,5,44,235519,193579.00,28148,24751.50,Weekday/promo-sensitive,Fri
269,1,36,535936,273818.00,62046,40141.00,Weekday/promo-sensitive,Mon
269,2,45,542914,316722.50,67395,47294.00,Weekday/promo-sensitive,Tue
269,3,45,485751,318985.00,61029,47049.50,Weekday/promo-sensitive,Wed
269,4,38,372503,272651.00,49696,40241.50,Weekday/promo-sensitive,Thu
269,5,42,398896,337483.00,52964,47128.50,Weekday/promo-sensitive,Fri
270,1,36,438101,316594.50,51878,44325.00,Balanced week,Mon
270,2,45,469264,358077.00,58129,50727.50,Balanced week,Tue
270,3,45,434076,352730.00,55348,49150.50,Balanced week,Wed
270,4,40,387027,315198.00,49388,43461.00,Balanced week,Thu
270,5,44,420188,364003.50,53634,49405.50,Balanced week,Fri
271,1,36,480213,230861.00,41321,27774.00,Weekday/promo-sensitive,Mon
271,2,45,521415,296681.00,49487,36003.50,Weekday/promo-sensitive,Tue
271,3,44,421509,275477.50,39972,32048.00,Weekday/promo-sensitive,Wed
271,4,36,330692,229372.00,33343,27472.00,Weekday/promo-sensitive,Thu
271,5,43,365372,284594.50,37709,33185.00,Weekday/promo-sensitive,Fri
272,1,36,361288,183213.00,31215,22117.00,Weekday/promo-sensitive,Mon
272,2,45,364534,219174.50,33433,26069.50,Weekday/promo-sensitive,Tue
272,3,45,325374,213921.50,30794,25214.50,Weekday/promo-sensitive,Wed
272,4,38,275593,196054.50,26716,22775.50,Weekday/promo-sensitive,Thu
272,5,44,313506,238260.50,30676,26915.00,Weekday/promo-sensitive,Fri
273,1,36,396775,211443.50,34427,23420.50,Weekday/promo-sensitive,Mon
273,2,45,392038,245208.50,36122,27374.50,Weekday/promo-sensitive,Tue
273,3,45,348628,246464.50,33313,26911.00,Weekday/promo-sensitive,Wed
273,4,38,277605,208971.00,27605,23182.00,Weekday/promo-sensitive,Thu
273,5,42,311902,248586.00,30630,26828.50,Weekday/promo-sensitive,Fri
274,1,34,131890,114185.50,31801,30939.50,Sunday-trading,Mon
274,2,43,156249,139043.00,38506,37601.00,Sunday-trading,Tue
274,3,43,151677,137049.50,38971,37312.00,Sunday-trading,Wed
274,4,36,130978,116731.00,33697,32092.50,Sunday-trading,Thu
274,5,42,170449,161924.00,45228,43215.50,Sunday-trading,Fri
275,1,29,299223,186682.50,26698,20587.50,Christmas-driven,Mon
275,2,39,342211,223033.50,31683,25121.00,Christmas-driven,Tue
275,3,39,316406,229861.00,30203,25395.00,Christmas-driven,Wed
275,4,31,226853,175743.50,22483,19326.00,Christmas-driven,Thu
275,5,36,299932,237139.50,29494,25600.00,Christmas-driven,Fri
276,1,36,208485,134907.50,24430,19287.00,Weekday/promo-sensitive,Mon
276,2,45,233282,165489.00,28075,23323.00,Weekday/promo-sensitive,Tue
276,3,44,206133,154524.50,24975,21697.50,Weekday/promo-sensitive,Wed
276,4,36,166831,130744.00,20919,18169.00,Weekday/promo-sensitive,Thu
276,5,43,198790,171100.00,24822,22954.00,Weekday/promo-sensitive,Fri
277,1,29,255668,154223.50,18747,14352.50,Balanced week,Mon
277,2,39,300222,197854.50,22541,18209.50,Balanced week,Tue
277,3,39,277049,201419.50,21566,18169.50,Balanced week,Wed
277,4,31,203442,158830.50,16338,14368.00,Balanced week,Thu
277,5,36,273574,221131.00,22163,19960.00,Balanced week,Fri
278,1,36,362288,242694.00,36929,29522.00,Balanced week,Mon
278,2,45,378859,272827.00,39429,33488.50,Balanced week,Tue
278,3,45,351200,274797.50,37448,33256.00,Balanced week,Wed
278,4,40,309338,248353.50,34002,29926.00,Balanced week,Thu
278,5,44,317138,301131.00,35554,34696.00,Balanced week,Fri
279,1,29,409660,182805.50,26429,15560.00,Balanced week,Mon
279,2,39,406919,232507.00,27811,19848.50,Balanced week,Tue
279,3,39,364310,239937.00,26219,20319.50,Balanced week,Wed
279,4,31,271451,187017.50,20088,15925.50,Balanced week,Thu
279,5,36,346703,257203.50,25275,20628.50,Balanced week,Fri
280,1,35,270751,186871.00,20602,16871.50,Balanced week,Mon
280,2,45,290301,218351.50,23178,20133.00,Balanced week,Tue
280,3,45,285385,229825.50,22061,19877.50,Balanced week,Wed
280,4,38,250972,201179.50,21350,18558.50,Balanced week,Thu
280,5,42,295956,252799.50,23834,21628.50,Balanced week,Fri
281,1,36,261081,171755.50,21887,17927.00,Balanced week,Mon
281,2,45,271415,198386.00,23477,20424.50,Balanced week,Tue
281,3,45,263679,208685.00,23266,21360.00,Balanced week,Wed
281,4,40,243546,196033.00,22383,19748.50,Balanced week,Thu
281,5,44,283908,252485.00,26255,24956.50,Balanced week,Fri
282,1,36,224763,149560.50,29090,23722.50,Weekday/promo-sensitive,Mon
282,2,45,244446,177043.50,33179,28702.50,Weekday/promo-sensitive,Tue
282,3,45,222913,172914.00,31206,27567.00,Weekday/promo-sensitive,Wed
282,4,40,200293,158615.00,28402,25141.50,Weekday/promo-sensitive,Thu
282,5,44,204982,170028.50,29465,26382.00,Weekday/promo-sensitive,Fri
283,1,29,266654,181994.50,24838,20070.50,Balanced week,Mon
283,2,39,315471,224257.50,30190,24700.50,Balanced week,Tue
283,3,39,287426,229954.00,28462,25010.50,Balanced week,Wed
283,4,31,221298,184304.50,21992,19565.00,Balanced week,Thu
283,5,36,264901,227182.00,26661,24132.00,Balanced week,Fri
284,1,29,231267,116874.50,16720,11128.50,Balanced week,Mon
284,2,39,269652,150974.00,20245,13951.00,Balanced week,Tue
284,3,39,238726,152384.50,18528,14216.50,Balanced week,Wed
284,4,31,168524,115706.50,13481,10802.00,Balanced week,Thu
284,5,36,211573,154002.50,17017,13883.50,Balanced week,Fri
285,1,36,223077,150417.50,19171,15089.50,Balanced week,Mon
285,2,45,242366,178401.00,21302,17819.00,Balanced week,Tue
285,3,45,238527,180524.50,21023,18135.50,Balanced week,Wed
285,4,38,184210,145485.00,16685,14534.00,Balanced week,Thu
285,5,44,238377,194409.00,21328,18686.50,Balanced week,Fri
286,1,36,305492,137141.00,22447,14038.50,Weekday/promo-sensitive,Mon
286,2,45,299326,168335.50,23540,17349.50,Weekday/promo-sensitive,Tue
286,3,45,269220,171458.00,22190,17162.00,Weekday/promo-sensitive,Wed
286,4,36,209701,142406.00,17919,14485.00,Weekday/promo-sensitive,Thu
286,5,43,256558,192419.00,22379,18924.50,Weekday/promo-sensitive,Fri
287,1,29,294291,211125.50,27981,23123.50,Balanced week,Mon
287,2,39,342131,253931.50,33197,27987.50,Balanced week,Tue
287,3,39,317792,260031.50,31756,28121.00,Balanced week,Wed
287,4,31,245802,201659.50,24999,21801.00,Balanced week,Thu
287,5,36,308530,261413.00,30499,27450.50,Balanced week,Fri
288,1,29,246332,123542.00,16599,10486.00,Balanced week,Mon
288,2,39,256851,155634.50,17351,12515.50,Balanced week,Tue
288,3,39,243131,162512.00,16814,13123.50,Balanced week,Wed
288,4,31,193970,138109.00,14378,11359.50,Balanced week,Thu
288,5,36,224507,185930.00,16656,14593.00,Balanced week,Fri
289,1,36,321142,186373.50,25105,18001.50,Balanced week,Mon
289,2,45,313433,218587.00,25710,20806.00,Balanced week,Tue
289,3,45,298132,221003.50,24858,20879.50,Balanced week,Wed
289,4,38,245387,188471.00,21230,17851.50,Balanced week,Thu
289,5,44,304756,244366.50,26241,22949.50,Balanced week,Fri
290,1,36,396982,214410.00,33494,23081.00,Weekday/promo-sensitive,Mon
290,2,45,415615,269243.50,37400,28540.00,Weekday/promo-sensitive,Tue
290,3,45,363709,258901.50,33743,27591.00,Weekday/promo-sensitive,Wed
290,4,38,278190,211550.00,26786,22732.00,Weekday/promo-sensitive,Thu
290,5,42,325815,271672.00,31874,28412.00,Weekday/promo-sensitive,Fri
291,1,36,460682,250216.50,44027,29145.00,Weekday/promo-sensitive,Mon
291,2,45,448116,295703.00,44908,33928.50,Weekday/promo-sensitive,Tue
291,3,44,388608,287816.00,39034,32392.00,Weekday/promo-sensitive,Wed
291,4,36,314568,242945.00,32854,27601.50,Weekday/promo-sensitive,Thu
291,5,43,363357,313452.00,38624,35041.00,Weekday/promo-sensitive,Fri
292,1,35,316992,198897.50,33312,26860.00,Weekday/promo-sensitive,Mon
292,2,44,332663,225848.00,37430,30858.00,Weekday/promo-sensitive,Tue
292,3,44,287533,216878.50,33754,29378.00,Weekday/promo-sensitive,Wed
292,4,39,252912,198058.50,30736,26898.00,Weekday/promo-sensitive,Thu
292,5,43,264957,224975.50,31890,29172.00,Weekday/promo-sensitive,Fri
293,1,36,332219,187043.50,37729,27686.00,Balanced week,Mon
293,2,45,354189,225061.50,43173,33338.50,Balanced week,Tue
293,3,44,303595,214032.50,37497,30760.50,Balanced week,Wed
293,4,40,269021,201027.00,34969,29321.00,Balanced week,Thu
293,5,44,282064,234290.50,36358,32773.50,Balanced week,Fri
294,1,36,298349,188956.00,35729,27653.00,Weekday/promo-sensitive,Mon
294,2,45,343922,237952.00,43022,34663.50,Weekday/promo-sensitive,Tue
294,3,45,290971,216327.50,37346,31491.50,Weekday/promo-sensitive,Wed
294,4,38,248759,193425.00,32430,27967.00,Weekday/promo-sensitive,Thu
294,5,44,270342,226944.00,35538,31967.50,Weekday/promo-sensitive,Fri
295,1,35,251174,148540.50,27912,21154.50,Christmas-driven,Mon
295,2,45,288596,191906.50,33959,27087.00,Christmas-driven,Tue
295,3,45,272905,204110.00,33993,28934.50,Christmas-driven,Wed
295,4,38,201441,155946.00,25597,22094.50,Christmas-driven,Thu
295,5,42,220317,182131.00,27842,24859.50,Christmas-driven,Fri
296,1,36,350359,216753.00,33607,26681.50,Weekday/promo-sensitive,Mon
296,2,45,390553,262030.50,39528,32401.00,Weekday/promo-sensitive,Tue
296,3,45,346003,256113.00,36127,32061.00,Weekday/promo-sensitive,Wed
296,4,38,290098,225667.00,31184,27585.50,Weekday/promo-sensitive,Thu
296,5,44,322978,271687.00,34461,32093.00,Weekday/promo-sensitive,Fri
297,1,35,370132,207543.50,33227,24015.00,Weekday/promo-sensitive,Mon
297,2,45,384968,252062.50,36764,29070.00,Weekday/promo-sensitive,Tue
297,3,45,350116,255480.00,34403,29248.00,Weekday/promo-sensitive,Wed
297,4,38,281551,212292.00,28942,24432.50,Weekday/promo-sensitive,Thu
297,5,42,321120,254458.50,32427,28146.00,Weekday/promo-sensitive,Fri
298,1,29,314983,206150.50,23637,17757.00,Balanced week,Mon
298,2,39,346944,246527.50,26497,21282.50,Balanced week,Tue
298,3,39,336193,256995.00,26719,22431.50,Balanced week,Wed
298,4,31,271417,209794.50,21376,18230.50,Balanced week,Thu
298,5,36,356194,297122.00,29091,25919.00,Balanced week,Fri
299,1,36,298649,248123.50,30949,28366.00,Summer/tourist,Mon
299,2,45,294297,269733.50,31015,30875.50,Summer/tourist,Tue
299,3,45,286964,254770.00,30995,29495.00,Summer/tourist,Wed
299,4,40,249272,223292.00,27571,25806.00,Summer/tourist,Thu
299,5,44,286669,275837.00,31743,31470.00,Summer/tourist,Fri
300,1,36,307178,211411.50,35972,28580.50,Balanced week,Mon
300,2,45,361364,261845.50,42849,35014.00,Balanced week,Tue
300,3,45,318147,245383.50,38586,33152.00,Balanced week,Wed
300,4,38,278084,219215.00,33869,28703.00,Balanced week,Thu
300,5,44,336033,284610.00,40556,36219.50,Balanced week,Fri
301,1,36,248789,178113.50,24618,20952.00,Christmas-driven,Mon
301,2,45,272852,217251.00,27860,25569.00,Christmas-driven,Tue
301,3,45,265808,215181.50,27622,25482.00,Christmas-driven,Wed
301,4,40,236081,187867.50,24709,22267.00,Christmas-driven,Thu
301,5,44,272282,239293.50,28930,27472.50,Christmas-driven,Fri
302,1,36,179138,99783.00,13603,9434.50,Balanced week,Mon
302,2,45,183916,115171.00,14575,11019.50,Balanced week,Tue
302,3,45,177935,118976.00,14536,11443.50,Balanced week,Wed
302,4,38,144277,99596.50,12031,9380.50,Balanced week,Thu
302,5,44,188434,144126.00,15596,13249.00,Balanced week,Fri
303,1,36,311145,186110.50,30097,22665.50,Weekday/promo-sensitive,Mon
303,2,45,349685,225668.50,34242,27387.50,Weekday/promo-sensitive,Tue
303,3,45,344275,231216.50,34441,28122.50,Weekday/promo-sensitive,Wed
303,4,37,244619,190072.50,26111,22708.50,Weekday/promo-sensitive,Thu
303,5,41,268262,227264.50,28639,26491.00,Weekday/promo-sensitive,Fri
304,1,36,356330,226225.50,47326,37983.50,Balanced week,Mon
304,2,45,389578,267429.00,54621,45480.50,Balanced week,Tue
304,3,45,347095,260032.50,49949,43673.50,Balanced week,Wed
304,4,40,303022,240985.50,45367,39878.00,Balanced week,Thu
304,5,44,316691,287347.00,47156,44642.00,Balanced week,Fri
305,1,36,268273,151496.50,22854,16047.50,Balanced week,Mon
305,2,45,261036,173713.00,23392,18561.00,Balanced week,Tue
305,3,45,248177,175014.00,22398,18338.00,Balanced week,Wed
305,4,38,203490,148976.00,19263,15749.50,Balanced week,Thu
305,5,44,238763,197078.00,22275,19783.00,Balanced week,Fri
306,1,29,176567,121832.50,17474,13955.50,Weekday/promo-sensitive,Mon
306,2,39,208364,152719.50,20996,17294.00,Weekday/promo-sensitive,Tue
306,3,39,185880,151687.50,19154,17229.50,Weekday/promo-sensitive,Wed
306,4,31,145619,122016.00,15385,13976.50,Weekday/promo-sensitive,Thu
306,5,36,175041,151459.00,18780,16867.50,Weekday/promo-sensitive,Fri
307,1,36,149511,71220.00,14478,9202.50,Weekday/promo-sensitive,Mon
307,2,45,166165,97181.50,17966,13348.50,Weekday/promo-sensitive,Tue
307,3,45,131497,89600.00,13687,11277.00,Weekday/promo-sensitive,Wed
307,4,38,127924,91575.50,14665,12212.00,Weekday/promo-sensitive,Thu
307,5,43,136198,111263.00,15498,13835.00,Weekday/promo-sensitive,Fri
308,1,34,462797,257569.50,39526,28739.00,Balanced week,Mon
308,2,43,498340,322574.00,45218,36010.50,Balanced week,Tue
308,3,43,455481,314965.50,42850,35248.50,Balanced week,Wed
308,4,36,358410,266507.50,34616,30063.00,Balanced week,Thu
308,5,41,413911,341859.00,39961,37214.50,Balanced week,Fri
309,1,36,394332,185981.50,28390,18050.00,Weekday/promo-sensitive,Mon
309,2,45,391672,236528.50,29838,22314.50,Weekday/promo-sensitive,Tue
309,3,45,360776,238240.00,28429,22442.50,Weekday/promo-sensitive,Wed
309,4,38,302314,208349.50,24476,20059.50,Weekday/promo-sensitive,Thu
309,5,42,317161,240114.00,26639,22467.50,Weekday/promo-sensitive,Fri
310,1,36,469485,283701.00,35757,26318.00,Christmas-driven,Mon
310,2,45,459331,324427.00,36928,30566.50,Christmas-driven,Tue
310,3,45,436634,336263.50,35513,30686.00,Christmas-driven,Wed
310,4,40,377680,298212.00,31837,27518.00,Christmas-driven,Thu
310,5,44,430553,370923.00,36357,33148.00,Christmas-driven,Fri
311,1,36,315223,214991.00,34750,29150.00,Balanced week,Mon
311,2,45,361793,253552.50,40518,33833.50,Balanced week,Tue
311,3,45,332164,254558.50,38767,34118.50,Balanced week,Wed
311,4,38,265902,213889.00,31558,28060.00,Balanced week,Thu
311,5,44,302201,252769.50,35515,31779.50,Balanced week,Fri
312,1,36,309079,156743.50,25282,17382.00,Weekday/promo-sensitive,Mon
312,2,45,303841,183744.50,26498,20285.00,Weekday/promo-sensitive,Tue
312,3,45,270932,185567.50,24803,20180.00,Weekday/promo-sensitive,Wed
312,4,38,231232,169595.00,21895,18355.50,Weekday/promo-sensitive,Thu
312,5,44,275853,216691.00,26424,23007.00,Weekday/promo-sensitive,Fri
313,1,36,404410,207558.50,35303,23487.50,Weekday/promo-sensitive,Mon
313,2,45,389731,243881.50,36279,27971.00,Weekday/promo-sensitive,Tue
313,3,45,337063,237275.00,31386,26271.50,Weekday/promo-sensitive,Wed
313,4,38,301061,223073.50,29351,24840.50,Weekday/promo-sensitive,Thu
313,5,43,342923,296115.00,34267,31998.00,Weekday/promo-sensitive,Fri
314,1,36,282017,160392.00,27725,19751.00,Weekday/promo-sensitive,Mon
314,2,45,277371,187805.00,28728,22948.50,Weekday/promo-sensitive,Tue
314,3,45,256749,189643.50,26911,23041.50,Weekday/promo-sensitive,Wed
314,4,38,218534,171690.50,24750,21389.50,Weekday/promo-sensitive,Thu
314,5,42,228126,194607.00,25275,23138.50,Weekday/promo-sensitive,Fri
315,1,36,206542,148932.00,20382,17126.50,Christmas-driven,Mon
315,2,45,219769,169636.50,22179,19639.50,Christmas-driven,Tue
315,3,45,203726,173371.00,20951,19764.00,Christmas-driven,Wed
315,4,40,183089,159287.00,19325,18114.00,Christmas-driven,Thu
315,5,44,204405,189875.50,21406,20798.50,Christmas-driven,Fri
316,1,36,538512,279933.00,42794,29260.50,Balanced week,Mon
316,2,45,525679,337552.00,44083,34580.00,Balanced week,Tue
316,3,45,469903,326720.00,40375,32850.00,Balanced week,Wed
316,4,38,396071,295360.00,35891,29996.00,Balanced week,Thu
316,5,42,456951,364607.00,40421,35304.50,Balanced week,Fri
317,1,29,190144,124858.50,17954,14618.50,Balanced week,Mon
317,2,39,219513,156706.00,21619,18517.00,Balanced week,Tue
317,3,39,206897,163145.00,21254,19137.00,Balanced week,Wed
317,4,31,159730,126302.50,16766,14984.50,Balanced week,Thu
317,5,36,229817,184260.00,23936,21464.50,Balanced week,Fri
318,1,36,384903,223421.00,30137,21282.50,Weekday/promo-sensitive,Mon
318,2,45,380956,254166.50,31125,24379.50,Weekday/promo-sensitive,Tue
318,3,44,355487,264212.50,30105,25273.50,Weekday/promo-sensitive,Wed
318,4,36,300055,237102.50,26307,22674.00,Weekday/promo-sensitive,Thu
318,5,43,366254,319202.50,32877,30482.00,Weekday/promo-sensitive,Fri
319,1,36,345134,252224.00,35324,30233.00,Christmas-driven,Mon
319,2,45,378987,291681.00,38844,34781.00,Christmas-driven,Tue
319,3,45,365435,303881.50,37865,34934.50,Christmas-driven,Wed
319,4,40,325258,274387.00,34583,31660.50,Christmas-driven,Thu
319,5,44,389754,361137.00,42770,42138.00,Christmas-driven,Fri
320,1,36,702463,488283.00,87622,72720.50,Christmas-driven,Mon
320,2,45,769601,572173.00,100913,87344.50,Christmas-driven,Tue
320,3,45,682451,545606.00,92647,83023.00,Christmas-driven,Wed
320,4,40,624968,522599.00,86881,77857.50,Christmas-driven,Thu
320,5,44,629094,587215.50,88648,85974.00,Christmas-driven,Fri
321,1,36,271847,158410.00,23990,16617.50,Balanced week,Mon
321,2,45,290317,189840.00,26454,20382.00,Balanced week,Tue
321,3,44,269118,198077.50,24864,20958.50,Balanced week,Wed
321,4,36,232410,167980.50,22077,18213.00,Balanced week,Thu
321,5,43,287597,241171.50,28021,25685.00,Balanced week,Fri
322,1,36,305220,154009.50,28728,19303.00,Weekday/promo-sensitive,Mon
322,2,45,316952,196261.00,32147,24633.50,Weekday/promo-sensitive,Tue
322,3,45,253701,175818.50,26274,21587.00,Weekday/promo-sensitive,Wed
322,4,38,236867,174507.50,25762,21716.00,Weekday/promo-sensitive,Thu
322,5,43,227647,187485.50,24941,22422.50,Weekday/promo-sensitive,Fri
323,1,36,335476,220514.50,26001,20340.50,Balanced week,Mon
323,2,45,349706,260831.50,27572,23870.50,Balanced week,Tue
323,3,45,336869,269081.00,27381,24124.00,Balanced week,Wed
323,4,38,285274,233478.50,23705,21115.50,Balanced week,Thu
323,5,42,329212,282936.00,27248,25166.00,Balanced week,Fri
324,1,35,338505,175290.00,37456,25269.00,Weekday/promo-sensitive,Mon
324,2,45,393447,233021.50,45928,33717.00,Weekday/promo-sensitive,Tue
324,3,45,291558,205027.50,35046,29052.00,Weekday/promo-sensitive,Wed
324,4,38,251579,189252.50,31563,26749.00,Weekday/promo-sensitive,Thu
324,5,43,239452,205337.50,30233,28495.50,Weekday/promo-sensitive,Fri
325,1,36,311402,189235.00,28089,21492.50,Weekday/promo-sensitive,Mon
325,2,45,345900,234237.00,32239,26408.00,Weekday/promo-sensitive,Tue
325,3,45,308979,232167.00,30132,26465.50,Weekday/promo-sensitive,Wed
325,4,38,332073,264433.00,35825,32349.50,Weekday/promo-sensitive,Thu
325,5,42,274811,233632.00,27315,25613.50,Weekday/promo-sensitive,Fri
326,1,36,223916,141344.00,17129,13016.00,Balanced week,Mon
326,2,45,223747,162314.00,17493,14767.00,Balanced week,Tue
326,3,45,218862,163016.00,17120,14717.50,Balanced week,Wed
326,4,38,199192,153480.50,16240,13858.00,Balanced week,Thu
326,5,42,240653,197422.00,19408,16917.00,Balanced week,Fri
327,1,33,349923,214538.00,38471,28247.50,Balanced week,Mon
327,2,43,386217,271172.50,44831,35738.00,Balanced week,Tue
327,3,43,345463,269833.50,40097,34849.00,Balanced week,Wed
327,4,38,300549,244213.00,36264,32129.00,Balanced week,Thu
327,5,43,318306,302958.00,38726,37895.50,Balanced week,Fri
328,1,36,221065,146755.00,23826,19144.00,Weekday/promo-sensitive,Mon
328,2,45,247118,173737.00,26726,22061.00,Weekday/promo-sensitive,Tue
328,3,45,229563,179178.00,26169,22911.00,Weekday/promo-sensitive,Wed
328,4,38,179086,148768.00,21125,18957.00,Weekday/promo-sensitive,Thu
328,5,42,202329,180602.50,24079,22504.00,Weekday/promo-sensitive,Fri
329,1,36,350613,211347.00,27681,21012.00,Weekday/promo-sensitive,Mon
329,2,45,379473,251008.50,31370,24914.00,Weekday/promo-sensitive,Tue
329,3,45,346969,257070.50,29388,25370.50,Weekday/promo-sensitive,Wed
329,4,38,289225,220454.50,26548,23017.00,Weekday/promo-sensitive,Thu
329,5,42,357818,288987.50,30400,27152.50,Weekday/promo-sensitive,Fri
330,1,36,191767,120327.50,18928,14382.50,Balanced week,Mon
330,2,45,212117,139710.00,21486,16924.00,Balanced week,Tue
330,3,45,200567,144166.50,20651,17115.50,Balanced week,Wed
330,4,38,167009,122330.50,17730,14388.00,Balanced week,Thu
330,5,42,193217,148682.50,19599,16955.00,Balanced week,Fri
331,1,36,325989,206933.00,39429,29920.00,Weekday/promo-sensitive,Mon
331,2,45,343357,240477.00,43520,34962.50,Weekday/promo-sensitive,Tue
331,3,45,321649,244963.00,41340,34696.00,Weekday/promo-sensitive,Wed
331,4,38,267280,210035.50,34886,29993.00,Weekday/promo-sensitive,Thu
331,5,42,268939,236939.00,36353,32933.50,Weekday/promo-sensitive,Fri
332,1,35,204305,130148.50,24603,19448.00,Weekday/promo-sensitive,Mon
332,2,45,214911,157941.50,27339,23304.00,Weekday/promo-sensitive,Tue
332,3,45,188455,151581.50,24943,22535.50,Weekday/promo-sensitive,Wed
332,4,38,153703,126404.00,21072,18714.50,Weekday/promo-sensitive,Thu
332,5,43,166336,148866.50,22263,21027.50,Weekday/promo-sensitive,Fri
333,1,36,457955,306962.00,53733,43443.00,Balanced week,Mon
333,2,45,530005,369183.00,65100,53861.00,Balanced week,Tue
333,3,45,483988,360330.50,60237,51067.50,Balanced week,Wed
333,4,40,438539,334156.00,56059,48028.50,Balanced week,Thu
333,5,44,440092,374312.00,56234,51422.00,Balanced week,Fri
334,1,36,258675,164338.00,23819,18983.00,Balanced week,Mon
334,2,45,268393,190440.50,25325,21939.00,Balanced week,Tue
334,3,45,260869,198610.50,25426,22506.50,Balanced week,Wed
334,4,38,219981,173639.00,22137,19688.50,Balanced week,Thu
334,5,42,256472,217183.00,25369,23573.00,Balanced week,Fri
335,1,36,781872,439401.00,115969,89471.50,Sunday-trading,Mon
335,2,45,846268,539251.00,136558,109749.50,Sunday-trading,Tue
335,3,45,784214,533328.50,133266,107978.50,Sunday-trading,Wed
335,4,38,627610,453402.50,109547,91358.50,Sunday-trading,Thu
335,5,42,661931,520616.00,117311,102256.00,Sunday-trading,Fri
336,1,36,682836,423676.50,85346,65784.00,Balanced week,Mon
336,2,45,790519,510284.50,101422,78919.50,Balanced week,Tue
336,3,45,707207,509464.00,94591,78639.00,Balanced week,Wed
336,4,38,561710,437280.50,77762,66597.50,Balanced week,Thu
336,5,44,630952,522515.50,88194,78401.50,Balanced week,Fri
337,1,36,215111,149478.50,15437,12465.00,Balanced week,Mon
337,2,45,227292,172161.50,16561,14291.50,Balanced week,Tue
337,3,45,217882,178046.00,16210,14682.00,Balanced week,Wed
337,4,38,190408,153333.00,14180,12337.00,Balanced week,Thu
337,5,44,237765,210653.00,17925,16789.50,Balanced week,Fri
338,1,36,370015,224956.50,28719,22007.00,Balanced week,Mon
338,2,45,385933,256765.00,31306,25011.00,Balanced week,Tue
338,3,45,361276,255991.00,29354,24964.00,Balanced week,Wed
338,4,38,294412,218795.50,24855,20994.50,Balanced week,Thu
338,5,44,365337,275115.50,29692,25617.00,Balanced week,Fri
339,1,34,210980,156999.00,26190,22769.00,Christmas-driven,Mon
339,2,43,262640,195572.00,32454,28035.50,Christmas-driven,Tue
339,3,42,232896,187791.00,29809,26715.50,Christmas-driven,Wed
339,4,35,188362,154878.00,24149,21931.50,Christmas-driven,Thu
339,5,40,212307,197040.00,27406,26963.50,Christmas-driven,Fri
340,1,36,341388,201197.00,32615,24756.50,Balanced week,Mon
340,2,45,347041,236708.00,35546,29563.50,Balanced week,Tue
340,3,45,317335,236747.50,33160,28983.00,Balanced week,Wed
340,4,40,277988,213822.50,30411,26382.50,Balanced week,Thu
340,5,44,309016,256129.50,34152,31146.50,Balanced week,Fri
341,1,36,269817,167741.00,33486,24975.50,Balanced week,Mon
341,2,45,300503,195424.50,38088,29070.00,Balanced week,Tue
341,3,45,272063,197440.50,35378,29199.50,Balanced week,Wed
341,4,38,221102,165908.50,29761,24427.00,Balanced week,Thu
341,5,42,244964,207942.50,33293,29518.00,Balanced week,Fri
342,1,29,418580,279594.00,29355,22955.50,Balanced week,Mon
342,2,39,494577,356996.50,35019,29201.50,Balanced week,Tue
342,3,38,437144,346171.50,32315,28075.50,Balanced week,Wed
342,4,31,350592,282999.00,26063,22827.00,Balanced week,Thu
342,5,36,434404,368485.00,32790,29388.50,Balanced week,Fri
343,1,36,369603,192776.00,31105,21654.50,Balanced week,Mon
343,2,45,376264,237055.50,33218,26146.00,Balanced week,Tue
343,3,45,347941,249098.00,32191,26870.50,Balanced week,Wed
343,4,38,294300,218520.50,28129,23898.00,Balanced week,Thu
343,5,42,341104,280376.50,32783,29577.00,Balanced week,Fri
344,1,36,470113,247466.50,54627,38314.00,Balanced week,Mon
344,2,45,506376,298660.00,60970,45557.50,Balanced week,Tue
344,3,45,427677,281655.50,54957,43183.00,Balanced week,Wed
344,4,40,384995,268728.50,50494,40639.50,Balanced week,Thu
344,5,44,378719,304256.00,50611,44544.00,Balanced week,Fri
345,1,29,194898,120281.50,18829,14271.00,Weekday/promo-sensitive,Mon
345,2,39,224197,147593.50,22477,17753.50,Weekday/promo-sensitive,Tue
345,3,39,197562,148271.50,20799,17651.50,Weekday/promo-sensitive,Wed
345,4,31,151463,119100.50,16408,14233.00,Weekday/promo-sensitive,Thu
345,5,36,176126,150059.00,18846,17032.00,Weekday/promo-sensitive,Fri
346,1,36,313906,215199.00,26264,20832.50,Weekday/promo-sensitive,Mon
346,2,45,356593,267775.50,30356,25979.00,Weekday/promo-sensitive,Tue
346,3,45,331097,272938.00,29124,26184.00,Weekday/promo-sensitive,Wed
346,4,38,266475,227333.00,24133,22096.00,Weekday/promo-sensitive,Thu
346,5,42,308362,277559.00,28155,26359.50,Weekday/promo-sensitive,Fri
347,1,35,190882,136983.50,14482,11876.00,Balanced week,Mon
347,2,45,211118,168248.00,16313,14205.50,Balanced week,Tue
347,3,45,210434,170332.50,16371,14545.50,Balanced week,Wed
347,4,38,185577,149692.50,14753,12863.00,Balanced week,Thu
347,5,42,223280,199417.00,17846,16360.00,Balanced week,Fri
348,1,26,281432,200189.00,22039,18258.00,Balanced week,Mon
348,2,36,346820,269368.00,27616,23823.50,Balanced week,Tue
348,3,36,318964,268224.00,26200,24072.00,Balanced week,Wed
348,4,28,237209,212307.50,19734,18615.00,Balanced week,Thu
348,5,32,303136,260057.50,24857,22744.50,Balanced week,Fri
349,1,32,302657,248195.50,29514,26580.00,Balanced week,Mon
349,2,40,345378,290008.00,34663,31183.00,Balanced week,Tue
349,3,39,321654,277058.50,32289,29645.50,Balanced week,Wed
349,4,34,269160,233449.00,27755,25532.50,Balanced week,Thu
349,5,38,304475,282053.00,31340,29914.50,Balanced week,Fri
350,1,36,355763,190744.50,23512,16087.00,Balanced week,Mon
350,2,45,353510,225596.00,23999,18648.00,Balanced week,Tue
350,3,45,318360,230808.50,22866,19090.50,Balanced week,Wed
350,4,38,279835,204906.50,20591,17095.50,Balanced week,Thu
350,5,44,357820,273946.50,26101,22126.50,Balanced week,Fri
351,1,36,315650,170735.50,24065,16295.00,Balanced week,Mon
351,2,45,311571,204950.00,25322,19288.50,Balanced week,Tue
351,3,45,282977,208192.00,23451,19529.00,Balanced week,Wed
351,4,38,239975,178445.50,20479,16806.50,Balanced week,Thu
351,5,42,278716,229314.00,23436,20774.00,Balanced week,Fri
352,1,36,300391,203907.00,26036,21325.50,Balanced week,Mon
352,2,45,311740,236076.50,28092,24958.50,Balanced week,Tue
352,3,45,298657,242927.50,27347,25010.00,Balanced week,Wed
352,4,40,276363,232140.00,25994,23533.50,Balanced week,Thu
352,5,44,321897,286346.50,30131,28292.00,Balanced week,Fri
353,1,34,193254,176717.00,50037,49255.50,Sunday-trading,Mon
353,2,44,241195,222075.00,63758,61683.50,Sunday-trading,Tue
353,3,44,239478,217541.00,63736,61256.00,Sunday-trading,Wed
353,4,37,197859,182426.50,53840,51248.50,Sunday-trading,Thu
353,5,41,234558,219346.00,64413,61922.00,Sunday-trading,Fri
354,1,36,424734,233403.00,31484,21615.50,Balanced week,Mon
354,2,45,418594,272690.50,32341,25198.50,Balanced week,Tue
354,3,45,396063,281995.50,31845,26335.50,Balanced week,Wed
354,4,38,319415,237681.00,26333,21675.00,Balanced week,Thu
354,5,42,391553,320256.00,32365,28356.50,Balanced week,Fri
355,1,36,433344,309921.00,48081,40417.00,Christmas-driven,Mon
355,2,45,465820,362682.00,53427,48102.00,Christmas-driven,Tue
355,3,45,426943,351165.50,50542,45909.50,Christmas-driven,Wed
355,4,40,407805,340384.50,48656,44325.00,Christmas-driven,Thu
355,5,44,400480,379627.50,48825,48419.50,Christmas-driven,Fri
356,1,35,232580,167606.00,16675,13872.00,Balanced week,Mon
356,2,45,259136,202850.50,19115,16439.50,Balanced week,Tue
356,3,45,256610,208564.50,19004,16740.50,Balanced week,Wed
356,4,38,209000,172340.50,15892,14073.00,Balanced week,Thu
356,5,42,255387,227935.50,19210,17800.00,Balanced week,Fri
357,1,35,413467,220643.50,46920,32217.00,Christmas-driven,Mon
357,2,43,395590,256775.00,48480,36860.00,Christmas-driven,Tue
357,3,42,358128,253990.50,45288,36884.50,Christmas-driven,Wed
357,4,34,289417,216456.00,36692,30073.50,Christmas-driven,Thu
357,5,41,325243,278217.00,43421,38867.00,Christmas-driven,Fri
358,1,36,561513,293570.00,52976,36321.00,Balanced week,Mon
358,2,45,534803,348704.50,54189,42370.50,Balanced week,Tue
358,3,45,500142,363705.50,53104,44586.00,Balanced week,Wed
358,4,38,393311,299756.00,42026,36009.50,Balanced week,Thu
358,5,42,449926,385724.00,48489,43962.00,Balanced week,Fri
359,1,36,291880,213411.50,24689,20754.50,Balanced week,Mon
359,2,45,310582,234892.50,26354,22866.50,Balanced week,Tue
359,3,45,312545,251385.50,26550,24016.00,Balanced week,Wed
359,4,38,268471,220854.50,23661,21195.50,Balanced week,Thu
359,5,42,303733,278911.50,26791,25592.00,Balanced week,Fri
360,1,36,364522,216537.50,35283,26625.00,Weekday/promo-sensitive,Mon
360,2,45,375184,252643.50,38209,30965.00,Weekday/promo-sensitive,Tue
360,3,45,341841,253061.50,35282,30393.00,Weekday/promo-sensitive,Wed
360,4,40,302790,229509.00,31898,27266.50,Weekday/promo-sensitive,Thu
360,5,44,337869,285117.50,36725,33321.00,Weekday/promo-sensitive,Fri
361,1,35,295942,151192.50,26141,17003.50,Balanced week,Mon
361,2,45,317082,189083.00,29096,21266.50,Balanced week,Tue
361,3,45,306717,206301.00,28929,23067.00,Balanced week,Wed
361,4,38,264061,184786.50,26104,20814.50,Balanced week,Thu
361,5,43,313409,251015.50,32258,28165.00,Balanced week,Fri
362,1,36,452923,320056.50,47645,38538.00,Christmas-driven,Mon
362,2,45,495622,346055.00,56141,45255.00,Christmas-driven,Tue
362,3,45,450797,335160.50,53637,44998.00,Christmas-driven,Wed
362,4,38,365343,288787.00,43871,37457.00,Christmas-driven,Thu
362,5,44,402956,343905.50,50111,45587.50,Christmas-driven,Fri
363,1,36,350072,237892.00,41852,33462.50,Balanced week,Mon
363,2,45,379228,268209.50,47060,38290.00,Balanced week,Tue
363,3,45,345469,265697.50,43943,37546.50,Balanced week,Wed
363,4,40,304701,245727.00,39562,34546.00,Balanced week,Thu
363,5,44,314919,279979.50,41588,38254.00,Balanced week,Fri
364,1,36,198566,146613.50,23764,20291.50,Christmas-driven,Mon
364,2,44,250986,190559.00,29174,25417.50,Christmas-driven,Tue
364,3,44,214071,177215.50,26414,24477.50,Christmas-driven,Wed
364,4,38,187711,153125.00,23515,21390.00,Christmas-driven,Thu
364,5,41,210745,185840.50,25516,23833.50,Christmas-driven,Fri
365,1,29,215188,122602.50,20790,15201.00,Balanced week,Mon
365,2,39,249601,152839.50,24463,18777.50,Balanced week,Tue
365,3,39,241461,161034.00,24089,19319.00,Balanced week,Wed
365,4,30,168022,124478.50,17699,14737.50,Balanced week,Thu
365,5,36,209731,160825.50,21898,18685.00,Balanced week,Fri
366,1,35,345714,186732.50,29749,20415.00,Weekday/promo-sensitive,Mon
366,2,45,364801,232359.00,33457,25817.00,Weekday/promo-sensitive,Tue
366,3,45,300491,224714.00,28097,24106.00,Weekday/promo-sensitive,Wed
366,4,38,266499,204753.50,25903,22217.50,Weekday/promo-sensitive,Thu
366,5,43,286373,258393.50,27955,26160.50,Weekday/promo-sensitive,Fri
367,1,36,302625,141655.00,26550,17361.00,Balanced week,Mon
367,2,45,280770,166238.50,26075,19800.50,Balanced week,Tue
367,3,45,260749,173484.00,25263,20406.50,Balanced week,Wed
367,4,40,228413,160180.00,23051,18567.50,Balanced week,Thu
367,5,44,252725,195527.50,25407,21718.50,Balanced week,Fri
368,1,35,550278,237280.00,34928,20343.50,Balanced week,Mon
368,2,45,531345,289893.00,35699,24357.50,Balanced week,Tue
368,3,45,510902,311678.00,35658,26333.50,Balanced week,Wed
368,4,38,393869,260413.50,28014,21381.00,Balanced week,Thu
368,5,42,450512,322076.50,32243,25843.00,Balanced week,Fri
369,1,36,320905,199812.50,25079,18294.00,Balanced week,Mon
369,2,45,323472,230292.50,25761,20684.50,Balanced week,Tue
369,3,45,305643,235376.00,24568,21178.50,Balanced week,Wed
369,4,38,270630,208162.50,22505,18754.50,Balanced week,Thu
369,5,44,337585,284001.00,27678,24574.00,Balanced week,Fri
370,1,36,379008,219876.00,27393,20385.50,Balanced week,Mon
370,2,45,377146,252294.50,28252,23150.00,Balanced week,Tue
370,3,45,353397,259123.00,27314,23398.50,Balanced week,Wed
370,4,38,320485,238834.50,25581,21769.00,Balanced week,Thu
370,5,42,377285,300435.00,30188,26868.00,Balanced week,Fri
371,1,36,367086,196761.00,26201,17216.00,Balanced week,Mon
371,2,45,361986,220899.00,26635,19217.50,Balanced week,Tue
371,3,45,342720,232369.00,26125,20289.00,Balanced week,Wed
371,4,38,276451,192292.50,21499,16781.50,Balanced week,Thu
371,5,44,315980,250862.50,24779,21190.50,Balanced week,Fri
372,1,36,459551,250679.00,35368,24126.00,Balanced week,Mon
372,2,45,455981,299570.00,36338,28640.00,Balanced week,Tue
372,3,45,416715,311344.50,34554,29584.50,Balanced week,Wed
372,4,38,332598,263084.00,28865,24598.50,Balanced week,Thu
372,5,42,398725,342490.00,34561,31516.00,Balanced week,Fri
373,1,35,193539,128963.50,12568,9751.50,Balanced week,Mon
373,2,45,204346,156593.00,13747,11653.00,Balanced week,Tue
373,3,45,202691,162938.50,13895,12136.00,Balanced week,Wed
373,4,38,167626,141090.00,11571,10376.00,Balanced week,Thu
373,5,42,209082,177933.00,14436,13080.50,Balanced week,Fri
374,1,36,356292,245944.50,38602,31968.00,Weekday/promo-sensitive,Mon
374,2,45,392838,293176.50,44185,37690.50,Weekday/promo-sensitive,Tue
374,3,45,351708,280484.00,40406,35684.00,Weekday/promo-sensitive,Wed
374,4,40,306774,251498.00,36353,32426.00,Weekday/promo-sensitive,Thu
374,5,44,330508,282196.50,38413,35255.00,Weekday/promo-sensitive,Fri
375,1,35,524198,252952.50,38412,23750.50,Weekday/promo-sensitive,Mon
375,2,45,574564,336441.00,45417,32276.00,Weekday/promo-sensitive,Tue
375,3,45,480180,324257.50,37342,29421.50,Weekday/promo-sensitive,Wed
375,4,38,401929,284107.00,32352,26113.00,Weekday/promo-sensitive,Thu
375,5,43,439602,364078.50,37291,33187.50,Weekday/promo-sensitive,Fri
376,1,34,425517,247064.00,42472,31119.50,Balanced week,Mon
376,2,43,448844,291788.00,46914,36325.50,Balanced week,Tue
376,3,43,402903,279062.50,43005,34868.50,Balanced week,Wed
376,4,38,346139,261298.00,37956,32252.00,Balanced week,Thu
376,5,42,372519,307062.50,42079,37318.00,Balanced week,Fri
377,1,36,345317,238406.50,38958,32375.00,Christmas-driven,Mon
377,2,45,431343,306993.50,50583,42373.50,Christmas-driven,Tue
377,3,45,366970,273464.00,42924,37304.50,Christmas-driven,Wed
377,4,40,337240,269113.50,40652,36365.00,Christmas-driven,Thu
377,5,44,360974,317412.00,44256,42471.00,Christmas-driven,Fri
378,1,36,290242,180290.50,39236,29999.50,Christmas-driven,Mon
378,2,45,329817,234028.50,47154,38798.50,Christmas-driven,Tue
378,3,45,286360,217397.50,42234,36113.00,Christmas-driven,Wed
378,4,38,243837,202818.50,37315,33453.50,Christmas-driven,Thu
378,5,42,245088,229109.50,38003,36959.00,Christmas-driven,Fri
379,1,36,210487,118924.00,22273,16116.00,Weekday/promo-sensitive,Mon
379,2,45,212020,140903.50,23635,19002.00,Weekday/promo-sensitive,Tue
379,3,45,196254,141562.00,22515,18883.00,Weekday/promo-sensitive,Wed
379,4,40,171645,132846.50,20530,17441.00,Weekday/promo-sensitive,Thu
379,5,44,182362,158407.50,21635,19994.00,Weekday/promo-sensitive,Fri
380,1,36,707489,400745.00,61042,43575.50,Balanced week,Mon
380,2,45,779011,490614.50,68982,52677.50,Balanced week,Tue
380,3,45,762347,525555.00,70129,56287.00,Balanced week,Wed
380,4,38,564705,416879.50,53435,44535.00,Balanced week,Thu
380,5,42,639022,533355.00,59518,53891.50,Balanced week,Fri
381,1,35,454417,315135.00,44523,37386.50,Weekday/promo-sensitive,Mon
381,2,45,499843,382742.50,50944,45012.00,Weekday/promo-sensitive,Tue
381,3,45,446984,371454.50,47614,43780.00,Weekday/promo-sensitive,Wed
381,4,38,373361,307406.50,40133,36172.50,Weekday/promo-sensitive,Thu
381,5,43,397667,351984.50,41981,39583.00,Weekday/promo-sensitive,Fri
382,1,35,423351,207322.50,30378,19163.00,Weekday/promo-sensitive,Mon
382,2,45,419033,252689.00,31123,23102.00,Weekday/promo-sensitive,Tue
382,3,45,388284,265576.50,29443,23872.00,Weekday/promo-sensitive,Wed
382,4,38,352628,246000.50,27827,22308.00,Weekday/promo-sensitive,Thu
382,5,43,396221,327824.00,32127,28698.00,Weekday/promo-sensitive,Fri
383,1,36,756184,561291.00,89603,76010.50,Balanced week,Mon
383,2,45,839390,638283.00,103231,87840.00,Balanced week,Tue
383,3,44,780274,622985.50,97482,85696.00,Balanced week,Wed
383,4,38,707002,581689.50,89961,79443.50,Balanced week,Thu
383,5,44,804953,689994.50,101147,91554.50,Balanced week,Fri
384,1,36,479003,291430.00,48703,35953.00,Weekday/promo-sensitive,Mon
384,2,45,509971,357754.50,55042,45569.50,Weekday/promo-sensitive,Tue
384,3,45,407413,319369.00,44262,38770.00,Weekday/promo-sensitive,Wed
384,4,38,378603,309110.00,42591,38112.50,Weekday/promo-sensitive,Thu
384,5,43,360224,342695.00,41183,40475.00,Weekday/promo-sensitive,Fri
385,1,29,314349,155411.50,24463,15586.00,Balanced week,Mon
385,2,39,340988,195019.00,27413,19465.50,Balanced week,Tue
385,3,39,319423,205823.00,26857,20398.50,Balanced week,Wed
385,4,31,233753,157131.00,19641,15710.00,Balanced week,Thu
385,5,36,309390,217691.50,26422,21418.50,Balanced week,Fri
386,1,36,466372,239013.50,32115,20983.50,Balanced week,Mon
386,2,45,439638,267081.50,32493,24166.00,Balanced week,Tue
386,3,45,402621,272699.50,30738,24321.50,Balanced week,Wed
386,4,38,325464,234521.00,25262,20618.00,Balanced week,Thu
386,5,42,378784,297970.50,29643,25143.50,Balanced week,Fri
387,1,31,438704,227666.00,47457,33620.00,Balanced week,Mon
387,2,44,525637,317211.00,60554,46911.50,Balanced week,Tue
387,3,44,470186,318878.50,55544,46086.50,Balanced week,Wed
387,4,37,372270,277762.50,46178,39823.50,Balanced week,Thu
387,5,41,403849,333556.50,50278,46096.50,Balanced week,Fri
388,1,36,553428,305750.50,51411,36960.00,Weekday/promo-sensitive,Mon
388,2,45,556242,372943.50,55182,44271.00,Weekday/promo-sensitive,Tue
388,3,45,502030,368140.50,51207,43204.00,Weekday/promo-sensitive,Wed
388,4,38,416087,321454.50,45472,38877.00,Weekday/promo-sensitive,Thu
388,5,42,454138,377268.50,48603,43476.00,Weekday/promo-sensitive,Fri
389,1,36,490447,345262.50,54205,45656.00,Weekday/promo-sensitive,Mon
389,2,45,565534,419389.50,64561,55912.00,Weekday/promo-sensitive,Tue
389,3,45,519120,401845.50,60525,53495.00,Weekday/promo-sensitive,Wed
389,4,40,447106,363282.50,54208,48209.50,Weekday/promo-sensitive,Thu
389,5,44,470276,401712.00,56912,52740.50,Weekday/promo-sensitive,Fri
390,1,34,556403,328143.50,45414,33150.50,Balanced week,Mon
390,2,43,594914,392431.00,50642,39443.50,Balanced week,Tue
390,3,43,556376,401270.50,50226,41243.50,Balanced week,Wed
390,4,38,465742,344598.50,41310,34164.00,Balanced week,Thu
390,5,44,547074,452614.00,49464,43926.00,Balanced week,Fri
391,1,34,308725,173077.00,32433,23294.50,Weekday/promo-sensitive,Mon
391,2,43,317682,215207.50,36847,29364.00,Weekday/promo-sensitive,Tue
391,3,43,264688,198973.50,30493,26032.00,Weekday/promo-sensitive,Wed
391,4,36,222342,178106.50,26834,23350.50,Weekday/promo-sensitive,Thu
391,5,40,257190,231760.50,31810,29869.50,Weekday/promo-sensitive,Fri
392,1,36,431145,226536.00,36295,24989.50,Weekday/promo-sensitive,Mon
392,2,45,409198,269755.00,37301,29601.00,Weekday/promo-sensitive,Tue
392,3,45,370340,273123.00,34842,29405.50,Weekday/promo-sensitive,Wed
392,4,38,292809,231914.50,29651,25782.00,Weekday/promo-sensitive,Thu
392,5,42,321531,272792.00,32190,29335.50,Weekday/promo-sensitive,Fri
393,1,36,301682,161657.00,26533,17905.00,Balanced week,Mon
393,2,45,304182,201297.00,27918,21044.00,Balanced week,Tue
393,3,45,275938,209142.00,26777,21943.50,Balanced week,Wed
393,4,38,227363,177263.50,22523,18663.50,Balanced week,Thu
393,5,42,264787,229945.00,26885,23941.50,Balanced week,Fri
394,1,36,388733,227601.00,27755,19994.00,Balanced week,Mon
394,2,45,422574,275958.50,30725,24227.00,Balanced week,Tue
394,3,45,388466,281215.00,28909,24206.00,Balanced week,Wed
394,4,38,328362,245616.00,25273,20694.50,Balanced week,Thu
394,5,44,424397,341317.00,32867,28548.00,Balanced week,Fri
395,1,36,182790,133187.50,22262,18811.50,Weekday/promo-sensitive,Mon
395,2,45,217689,156349.00,26500,22243.50,Weekday/promo-sensitive,Tue
395,3,45,191626,154190.00,24450,21700.50,Weekday/promo-sensitive,Wed
395,4,38,158602,133568.00,20698,18544.50,Weekday/promo-sensitive,Thu
395,5,42,187043,169665.00,24357,22734.50,Weekday/promo-sensitive,Fri
396,1,35,529380,318538.00,51500,37107.00,Weekday/promo-sensitive,Mon
396,2,45,582632,400591.00,58922,46900.50,Weekday/promo-sensitive,Tue
396,3,45,490838,382994.50,50181,43824.00,Weekday/promo-sensitive,Wed
396,4,38,463414,367417.50,50805,44121.00,Weekday/promo-sensitive,Thu
396,5,43,422900,399600.50,45157,44168.00,Weekday/promo-sensitive,Fri
397,1,36,296711,155970.00,34331,24075.50,Weekday/promo-sensitive,Mon
397,2,45,317449,191628.50,38379,29558.00,Weekday/promo-sensitive,Tue
397,3,45,280248,191829.50,35646,29242.00,Weekday/promo-sensitive,Wed
397,4,38,219297,166476.50,29189,25249.00,Weekday/promo-sensitive,Thu
397,5,42,243787,204755.50,32861,29874.50,Weekday/promo-sensitive,Fri
398,1,36,274731,149697.00,26515,18957.00,Balanced week,Mon
398,2,45,282424,176259.50,28784,22571.50,Balanced week,Tue
398,3,45,269090,181608.00,28157,23056.50,Balanced week,Wed
398,4,40,224236,159722.00,24235,20050.50,Balanced week,Thu
398,5,44,273762,216083.50,29440,26076.50,Balanced week,Fri
399,1,29,217534,142246.50,20139,15949.00,Balanced week,Mon
399,2,39,250046,172101.00,23625,19389.00,Balanced week,Tue
399,3,39,231094,177878.00,22642,19701.50,Balanced week,Wed
399,4,31,178764,143244.00,17494,15558.00,Balanced week,Thu
399,5,36,219429,184941.00,21519,19397.00,Balanced week,Fri
400,1,36,500616,268709.50,58122,41044.00,Weekday/promo-sensitive,Mon
400,2,45,515225,313800.00,64905,48772.00,Weekday/promo-sensitive,Tue
400,3,45,449542,313726.00,58589,48098.00,Weekday/promo-sensitive,Wed
400,4,38,361344,267054.50,48741,40838.50,Weekday/promo-sensitive,Thu
400,5,43,373019,312043.00,51536,46682.50,Weekday/promo-sensitive,Fri
401,1,36,395734,237628.00,32973,24468.50,Weekday/promo-sensitive,Mon
401,2,45,400091,277265.00,35132,28510.50,Weekday/promo-sensitive,Tue
401,3,44,355023,275572.50,32444,28181.50,Weekday/promo-sensitive,Wed
401,4,36,274443,222736.50,25164,22793.00,Weekday/promo-sensitive,Thu
401,5,43,309752,272763.00,28693,26855.00,Weekday/promo-sensitive,Fri
402,1,35,268981,159042.50,24942,18020.50,Christmas-driven,Mon
402,2,45,287150,190454.00,27887,22061.50,Christmas-driven,Tue
402,3,45,268630,200281.00,26632,23132.50,Christmas-driven,Wed
402,4,38,217098,167590.00,21975,19049.50,Christmas-driven,Thu
402,5,43,251048,222438.50,26198,25472.00,Christmas-driven,Fri
403,1,36,369429,248317.50,33031,26535.50,Weekday/promo-sensitive,Mon
403,2,45,401402,292911.50,37218,31280.50,Weekday/promo-sensitive,Tue
403,3,45,376001,299574.00,35733,31687.00,Weekday/promo-sensitive,Wed
403,4,38,297057,241804.00,29024,25585.50,Weekday/promo-sensitive,Thu
403,5,42,348041,302536.00,33836,31353.00,Weekday/promo-sensitive,Fri
404,1,34,222586,148823.00,24593,19937.50,Weekday/promo-sensitive,Mon
404,2,44,259510,188975.00,29473,25033.50,Weekday/promo-sensitive,Tue
404,3,43,240363,190311.50,27723,24691.00,Weekday/promo-sensitive,Wed
404,4,36,185938,154212.00,22422,20379.00,Weekday/promo-sensitive,Thu
404,5,40,198074,171502.00,23060,21229.00,Weekday/promo-sensitive,Fri
405,1,36,295138,119509.50,26458,14633.50,Weekday/promo-sensitive,Mon
405,2,45,271172,143714.50,26209,17949.00,Weekday/promo-sensitive,Tue
405,3,45,239417,145919.50,24337,18443.00,Weekday/promo-sensitive,Wed
405,4,38,195220,125979.50,20625,15799.50,Weekday/promo-sensitive,Thu
405,5,42,208963,151497.00,22333,18118.50,Weekday/promo-sensitive,Fri
406,1,36,280653,173246.00,19921,14792.00,Balanced week,Mon
406,2,45,290320,202060.50,21268,17266.50,Balanced week,Tue
406,3,45,281414,207364.50,20951,17552.00,Balanced week,Wed
406,4,38,234551,178383.50,18039,15015.00,Balanced week,Thu
406,5,42,270347,233229.00,20687,18712.00,Balanced week,Fri
407,1,29,143184,90079.00,10709,8267.50,Balanced week,Mon
407,2,39,166800,114802.50,12322,9928.50,Balanced week,Tue
407,3,39,153636,115807.50,11790,10113.00,Balanced week,Wed
407,4,31,125313,97052.00,10013,8728.50,Balanced week,Thu
407,5,36,158714,134816.00,12330,11204.50,Balanced week,Fri
408,1,35,228323,129666.50,19681,14557.50,Balanced week,Mon
408,2,45,241774,158169.00,21637,17795.50,Balanced week,Tue
408,3,45,232673,167940.50,21139,18004.50,Balanced week,Wed
408,4,38,182174,135744.50,17102,14610.00,Balanced week,Thu
408,5,42,219520,165328.00,20760,17919.50,Balanced week,Fri
409,1,36,267545,158983.00,24053,17617.00,Balanced week,Mon
409,2,45,294779,201657.50,26749,20774.50,Balanced week,Tue
409,3,45,260585,192615.50,25395,20960.00,Balanced week,Wed
409,4,38,228230,171264.50,21365,17839.00,Balanced week,Thu
409,5,44,265274,205150.50,25206,21533.00,Balanced week,Fri
410,1,36,354699,170744.50,37077,24249.00,Balanced week,Mon
410,2,45,358117,206156.50,40150,29386.00,Balanced week,Tue
410,3,45,356024,233717.50,41956,33112.50,Balanced week,Wed
410,4,38,251187,179124.00,30038,24860.00,Balanced week,Thu
410,5,42,297861,223691.00,34951,30114.50,Balanced week,Fri
411,1,36,476271,249199.00,32635,21390.00,Balanced week,Mon
411,2,45,451111,289426.00,32127,24565.50,Balanced week,Tue
411,3,45,427949,312896.00,31352,25925.00,Balanced week,Wed
411,4,38,361295,268145.50,27370,22481.00,Balanced week,Thu
411,5,44,447523,360846.00,33903,29395.00,Balanced week,Fri
412,1,29,302861,214501.50,19724,16387.00,Balanced week,Mon
412,2,39,369263,269021.50,24230,20235.50,Balanced week,Tue
412,3,39,341755,270177.50,23261,20768.00,Balanced week,Wed
412,4,31,260664,217724.50,18032,16222.50,Balanced week,Thu
412,5,36,348551,297756.50,24079,21938.00,Balanced week,Fri
413,1,29,281540,196938.00,32632,26753.50,Weekday/promo-sensitive,Mon
413,2,39,324365,243408.00,39147,33385.50,Weekday/promo-sensitive,Tue
413,3,39,301737,237708.50,37261,32627.50,Weekday/promo-sensitive,Wed
413,4,31,240148,198899.50,29930,27208.00,Weekday/promo-sensitive,Thu
413,5,36,268357,227994.50,33159,30090.50,Weekday/promo-sensitive,Fri
414,1,36,284790,200518.00,20118,16050.00,Balanced week,Mon
414,2,45,283947,216449.50,20113,17557.50,Balanced week,Tue
414,3,45,278385,222638.50,20120,18102.50,Balanced week,Wed
414,4,38,245536,199699.50,18388,16010.50,Balanced week,Thu
414,5,44,300467,261157.50,22604,20571.00,Balanced week,Fri
415,1,36,276477,186342.50,21436,16792.50,Balanced week,Mon
415,2,45,301609,213349.50,23612,19255.50,Balanced week,Tue
415,3,45,283567,227138.00,22692,20201.50,Balanced week,Wed
415,4,38,245625,194119.00,20085,17456.50,Balanced week,Thu
415,5,42,277004,247868.50,22976,21359.00,Balanced week,Fri
416,1,36,544369,344597.50,60884,47454.50,Balanced week,Mon
416,2,45,570911,405020.50,67648,56451.00,Balanced week,Tue
416,3,45,528901,400672.50,64148,55357.50,Balanced week,Wed
416,4,40,482855,375823.50,60547,52335.50,Balanced week,Thu
416,5,44,472687,410797.50,59256,55586.00,Balanced week,Fri
417,1,36,422590,239998.50,39289,28249.50,Weekday/promo-sensitive,Mon
417,2,45,447068,286868.00,42665,33337.00,Weekday/promo-sensitive,Tue
417,3,45,397446,286087.00,40474,33487.50,Weekday/promo-sensitive,Wed
417,4,38,317917,245389.00,33201,28438.50,Weekday/promo-sensitive,Thu
417,5,42,337359,279953.50,34164,30692.00,Weekday/promo-sensitive,Fri
418,1,32,268027,135209.00,23582,15979.00,Weekday/promo-sensitive,Mon
418,2,45,304002,182440.00,28994,21735.00,Weekday/promo-sensitive,Tue
418,3,45,274165,187044.00,27048,21989.00,Weekday/promo-sensitive,Wed
418,4,38,210727,162297.00,21656,19045.50,Weekday/promo-sensitive,Thu
418,5,42,270420,227246.00,28829,26632.00,Weekday/promo-sensitive,Fri
419,1,36,267624,166370.50,37511,29327.00,Balanced week,Mon
419,2,45,282569,194600.50,41986,34559.00,Balanced week,Tue
419,3,45,264162,200569.50,40774,35230.50,Balanced week,Wed
419,4,40,220658,179742.00,34970,30988.50,Balanced week,Thu
419,5,44,234325,217742.00,38131,36647.50,Balanced week,Fri
420,1,29,163167,112584.50,13547,10968.50,Balanced week,Mon
420,2,39,192124,138658.00,16495,13768.50,Balanced week,Tue
420,3,39,180663,144411.00,16013,14157.50,Balanced week,Wed
420,4,31,137881,111310.00,12491,11012.50,Balanced week,Thu
420,5,36,172797,145358.00,14659,13272.00,Balanced week,Fri
421,1,36,388125,273707.00,38484,31495.50,Christmas-driven,Mon
421,2,45,407343,307447.00,41054,35986.00,Christmas-driven,Tue
421,3,45,401738,323323.00,41188,36734.00,Christmas-driven,Wed
421,4,40,351105,294602.00,36901,33666.50,Christmas-driven,Thu
421,5,44,428644,409378.00,45271,44500.00,Christmas-driven,Fri
422,1,36,194743,148866.50,18517,16377.50,Christmas-driven,Mon
422,2,45,217418,173434.00,20887,19100.50,Christmas-driven,Tue
422,3,45,215119,175090.50,21290,19403.00,Christmas-driven,Wed
422,4,40,186144,153453.00,18741,17111.00,Christmas-driven,Thu
422,5,44,212349,186844.50,21591,20472.50,Christmas-driven,Fri
423,1,36,434527,343103.00,69133,63636.50,Sunday-trading,Mon
423,2,45,493479,412717.50,81771,77092.50,Sunday-trading,Tue
423,3,45,484156,417823.50,82581,78613.50,Sunday-trading,Wed
423,4,40,435336,375477.00,75853,71238.00,Sunday-trading,Thu
423,5,44,538714,484130.50,100256,94057.00,Sunday-trading,Fri
424,1,36,335451,217293.00,33704,26944.00,Balanced week,Mon
424,2,45,334217,241190.00,35632,30089.50,Balanced week,Tue
424,3,45,325162,254737.00,35785,31137.00,Balanced week,Wed
424,4,38,259711,213416.00,29148,25785.00,Balanced week,Thu
424,5,42,300818,269478.00,32972,30818.50,Balanced week,Fri
425,1,32,149256,97782.00,17973,13749.50,Weekday/promo-sensitive,Mon
425,2,45,174755,125231.50,22534,18557.00,Weekday/promo-sensitive,Tue
425,3,45,159705,123378.50,20573,17979.50,Weekday/promo-sensitive,Wed
425,4,38,135704,111019.00,17886,15922.50,Weekday/promo-sensitive,Thu
425,5,42,143596,128401.50,19206,17983.00,Weekday/promo-sensitive,Fri
426,1,36,267686,150877.00,28594,20933.50,Weekday/promo-sensitive,Mon
426,2,45,303720,182371.50,33883,25534.00,Weekday/promo-sensitive,Tue
426,3,45,280075,190960.00,33564,27167.00,Weekday/promo-sensitive,Wed
426,4,38,202394,149534.00,25108,20806.50,Weekday/promo-sensitive,Thu
426,5,42,217231,170784.00,26926,23235.50,Weekday/promo-sensitive,Fri
427,1,29,367281,177886.50,31118,19841.00,Christmas-driven,Mon
427,2,39,390770,218127.00,35266,25481.00,Christmas-driven,Tue
427,3,39,333549,218286.50,32016,25227.00,Christmas-driven,Wed
427,4,31,254951,182479.50,25137,20365.50,Christmas-driven,Thu
427,5,36,302877,220911.50,29652,24287.00,Christmas-driven,Fri
428,1,29,243870,155914.50,18452,13934.00,Balanced week,Mon
428,2,39,267059,195585.00,20906,17144.00,Balanced week,Tue
428,3,39,253540,200719.00,20354,17531.50,Balanced week,Wed
428,4,31,199960,162114.50,16417,14462.50,Balanced week,Thu
428,5,36,248364,210711.50,20366,18154.00,Balanced week,Fri
429,1,29,214524,123119.50,15290,11018.50,Balanced week,Mon
429,2,39,231618,152676.50,16814,13432.00,Balanced week,Tue
429,3,39,219029,162755.00,16699,14064.50,Balanced week,Wed
429,4,31,169965,125794.50,13363,11079.50,Balanced week,Thu
429,5,36,227274,181756.50,18050,15545.50,Balanced week,Fri
430,1,29,320171,209915.50,23569,18346.00,Balanced week,Mon
430,2,39,357778,267044.00,26678,22703.00,Balanced week,Tue
430,3,39,343795,277922.50,26557,23438.00,Balanced week,Wed
430,4,31,276389,216932.00,21833,18828.00,Balanced week,Thu
430,5,36,338617,289574.00,27069,24800.50,Balanced week,Fri
431,1,36,444196,291950.50,43190,34150.50,Balanced week,Mon
431,2,45,469083,337834.00,46672,38812.00,Balanced week,Tue
431,3,45,446918,332970.00,44411,38037.00,Balanced week,Wed
431,4,38,395770,316559.00,42054,36391.50,Balanced week,Thu
431,5,42,428141,371690.50,44320,40330.50,Balanced week,Fri
432,1,36,512752,379849.50,66309,57839.00,Weekday/promo-sensitive,Mon
432,2,45,585559,455398.50,78471,70488.00,Weekday/promo-sensitive,Tue
432,3,45,566061,454791.00,77718,69986.00,Weekday/promo-sensitive,Wed
432,4,40,477992,402922.50,68258,62413.00,Weekday/promo-sensitive,Thu
432,5,44,500892,440664.50,70825,66547.00,Weekday/promo-sensitive,Fri
433,1,36,286836,191246.00,29568,24058.00,Christmas-driven,Mon
433,2,45,312878,225525.50,33567,28814.00,Christmas-driven,Tue
433,3,45,273650,219230.00,30490,27671.50,Christmas-driven,Wed
433,4,40,246986,203649.00,28121,25176.50,Christmas-driven,Thu
433,5,44,265571,237824.50,29823,28933.00,Christmas-driven,Fri
434,1,29,335467,233433.00,23435,18687.50,Balanced week,Mon
434,2,39,390718,289738.00,27567,23159.50,Balanced week,Tue
434,3,39,369723,305511.50,26602,23724.00,Balanced week,Wed
434,4,31,304473,251691.50,22620,20026.50,Balanced week,Thu
434,5,36,400654,354837.00,29663,27268.00,Balanced week,Fri
435,1,36,172760,111297.00,18058,14064.50,Weekday/promo-sensitive,Mon
435,2,45,185496,130159.00,20214,16617.50,Weekday/promo-sensitive,Tue
435,3,45,169935,133067.50,19435,16942.50,Weekday/promo-sensitive,Wed
435,4,38,128170,104709.00,15232,13417.00,Weekday/promo-sensitive,Thu
435,5,42,147526,124944.50,17379,15784.00,Weekday/promo-sensitive,Fri
436,1,36,304849,172705.00,30721,21803.50,Weekday/promo-sensitive,Mon
436,2,45,299649,201501.50,31788,24833.50,Weekday/promo-sensitive,Tue
436,3,44,263604,196463.50,28519,24021.00,Weekday/promo-sensitive,Wed
436,4,36,213614,161569.50,23592,19871.50,Weekday/promo-sensitive,Thu
436,5,43,262348,224543.50,28931,26409.00,Weekday/promo-sensitive,Fri
437,1,36,345692,201978.00,29270,21430.00,Christmas-driven,Mon
437,2,45,343522,226965.50,30968,24621.50,Christmas-driven,Tue
437,3,44,325298,235178.50,29640,25561.00,Christmas-driven,Wed
437,4,36,240767,188686.00,22579,20136.00,Christmas-driven,Thu
437,5,43,304651,266655.50,28591,28641.00,Christmas-driven,Fri
438,1,36,306390,145569.50,26731,16789.50,Weekday/promo-sensitive,Mon
438,2,45,289428,170406.50,26978,19567.50,Weekday/promo-sensitive,Tue
438,3,44,252339,171524.50,24301,19590.00,Weekday/promo-sensitive,Wed
438,4,36,194731,141530.50,19385,15962.50,Weekday/promo-sensitive,Thu
438,5,43,242448,190179.00,24384,20796.50,Weekday/promo-sensitive,Fri
439,1,36,406289,218278.00,42631,29797.00,Balanced week,Mon
439,2,45,397747,255231.50,44618,34791.50,Balanced week,Tue
439,3,45,355076,253617.50,41545,34442.50,Balanced week,Wed
439,4,40,300129,226868.00,35839,30300.50,Balanced week,Thu
439,5,44,336073,288494.00,40777,37175.00,Balanced week,Fri
440,1,35,246788,153998.00,25299,19885.50,Weekday/promo-sensitive,Mon
440,2,45,269136,195530.00,29277,25236.00,Weekday/promo-sensitive,Tue
440,3,45,255673,199552.00,28270,24938.50,Weekday/promo-sensitive,Wed
440,4,38,203063,164000.00,23303,20947.00,Weekday/promo-sensitive,Thu
440,5,42,249020,210281.00,27511,25249.00,Weekday/promo-sensitive,Fri
441,1,36,285771,176710.50,28270,22031.00,Balanced week,Mon
441,2,45,323973,205226.50,31956,25628.00,Balanced week,Tue
441,3,45,301438,214644.50,31415,26293.50,Balanced week,Wed
441,4,38,245950,185190.00,26464,22721.50,Balanced week,Thu
441,5,42,301999,253385.00,31785,28977.50,Balanced week,Fri
442,1,35,214163,101813.50,19309,12898.00,Balanced week,Mon
442,2,45,224802,129639.00,21476,15815.00,Balanced week,Tue
442,3,45,207687,133737.50,20386,16142.00,Balanced week,Wed
442,4,38,174753,119385.50,17810,14373.00,Balanced week,Thu
442,5,42,204731,150235.00,20635,17465.50,Balanced week,Fri
443,1,36,277744,147572.00,22686,15408.00,Weekday/promo-sensitive,Mon
443,2,45,277799,178896.00,23844,18619.00,Weekday/promo-sensitive,Tue
443,3,44,247358,181181.00,21227,18178.50,Weekday/promo-sensitive,Wed
443,4,36,213561,156069.50,19476,16245.00,Weekday/promo-sensitive,Thu
443,5,43,255915,215440.50,24197,22086.50,Weekday/promo-sensitive,Fri
444,1,36,483204,351724.50,51296,43247.50,Christmas-driven,Mon
444,2,45,518241,410788.00,57089,51073.00,Christmas-driven,Tue
444,3,44,510527,427758.50,56501,53267.50,Christmas-driven,Wed
444,4,36,396553,330256.00,45150,41185.50,Christmas-driven,Thu
444,5,43,538341,509935.50,62652,63260.50,Christmas-driven,Fri
445,1,32,309883,223637.50,43584,36266.50,Christmas-driven,Mon
445,2,45,399425,294881.50,58303,48621.00,Christmas-driven,Tue
445,3,45,380905,302559.00,58285,50349.50,Christmas-driven,Wed
445,4,38,300495,241269.00,46551,40668.00,Christmas-driven,Thu
445,5,42,368686,335376.00,59185,56379.00,Christmas-driven,Fri
446,1,36,273836,149786.00,31144,22195.00,Weekday/promo-sensitive,Mon
446,2,45,284712,184166.50,34583,26531.00,Weekday/promo-sensitive,Tue
446,3,45,259975,185462.50,32416,26856.00,Weekday/promo-sensitive,Wed
446,4,38,209350,158331.50,27187,22561.00,Weekday/promo-sensitive,Thu
446,5,42,232867,194725.50,30094,26843.50,Weekday/promo-sensitive,Fri
447,1,36,248440,185442.50,26688,23080.00,Balanced week,Mon
447,2,45,260893,211749.50,29021,26495.00,Balanced week,Tue
447,3,45,243891,204545.50,27706,25577.00,Balanced week,Wed
447,4,40,210816,177606.50,24092,22026.50,Balanced week,Thu
447,5,44,227920,210587.00,26603,25684.00,Balanced week,Fri
448,1,36,440923,266035.50,34421,25609.00,Weekday/promo-sensitive,Mon
448,2,45,449521,322984.50,37596,31000.00,Weekday/promo-sensitive,Tue
448,3,45,418644,334835.50,35750,31485.00,Weekday/promo-sensitive,Wed
448,4,38,332716,276142.00,29549,26170.00,Weekday/promo-sensitive,Thu
448,5,42,403238,349963.50,35706,32574.00,Weekday/promo-sensitive,Fri
449,1,36,553698,363336.00,66209,53957.00,Weekday/promo-sensitive,Mon
449,2,45,602704,423712.00,76833,64646.00,Weekday/promo-sensitive,Tue
449,3,45,567337,425947.50,74845,64075.00,Weekday/promo-sensitive,Wed
449,4,38,450073,372941.00,61061,55500.00,Weekday/promo-sensitive,Thu
449,5,44,494634,427064.00,67512,62534.00,Weekday/promo-sensitive,Fri
450,1,35,371234,227581.50,38284,30872.50,Christmas-driven,Mon
450,2,45,413630,279955.50,45156,38128.50,Christmas-driven,Tue
450,3,45,401852,291163.00,45415,39909.50,Christmas-driven,Wed
450,4,38,393602,296840.00,46567,41455.50,Christmas-driven,Thu
450,5,42,359911,295172.00,43248,40682.50,Christmas-driven,Fri
451,1,36,262310,170776.50,19794,15752.50,Balanced week,Mon
451,2,45,270218,201811.00,21339,18136.50,Balanced week,Tue
451,3,45,255037,198766.50,21148,18399.00,Balanced week,Wed
451,4,38,212823,171010.00,17633,15478.50,Balanced week,Thu
451,5,44,262929,217694.50,21714,19451.00,Balanced week,Fri
452,1,36,275238,155312.00,22280,16391.00,Christmas-driven,Mon
452,2,45,291601,186371.00,25161,20340.50,Christmas-driven,Tue
452,3,45,256832,181275.50,22644,19177.00,Christmas-driven,Wed
452,4,40,240124,178301.00,21850,18579.00,Christmas-driven,Thu
452,5,44,263549,214704.50,24169,22066.50,Christmas-driven,Fri
453,1,36,384244,291951.50,40947,36382.50,Summer/tourist,Mon
453,2,45,407147,336415.50,44809,42647.50,Summer/tourist,Tue
453,3,45,421667,365389.00,49110,46939.00,Summer/tourist,Wed
453,4,40,321944,280548.50,36970,34805.00,Summer/tourist,Thu
453,5,44,348731,335881.50,41039,41539.00,Summer/tourist,Fri
454,1,35,319344,177718.50,34011,24015.50,Weekday/promo-sensitive,Mon
454,2,45,340724,228206.00,38300,30659.50,Weekday/promo-sensitive,Tue
454,3,45,323264,244683.00,40141,34463.00,Weekday/promo-sensitive,Wed
454,4,38,248819,192585.00,29567,25597.50,Weekday/promo-sensitive,Thu
454,5,43,265719,242879.50,33706,32485.00,Weekday/promo-sensitive,Fri
455,1,35,277330,206317.00,17157,13693.50,Christmas-driven,Mon
455,2,45,319330,243504.00,19954,16435.50,Christmas-driven,Tue
455,3,45,348042,280966.00,21302,18200.00,Christmas-driven,Wed
455,4,38,265025,212284.50,17010,14453.00,Christmas-driven,Thu
455,5,42,312050,283427.00,19884,18280.50,Christmas-driven,Fri
456,1,36,320220,186449.00,40442,29585.50,Weekday/promo-sensitive,Mon
456,2,45,350423,230220.00,47336,36789.50,Weekday/promo-sensitive,Tue
456,3,45,303451,223831.50,41895,35616.50,Weekday/promo-sensitive,Wed
456,4,38,254322,193062.50,36261,31117.00,Weekday/promo-sensitive,Thu
456,5,42,258217,219584.50,37037,34061.00,Weekday/promo-sensitive,Fri
457,1,29,189028,108842.50,14977,10797.50,Balanced week,Mon
457,2,39,214373,140726.00,17271,13436.50,Balanced week,Tue
457,3,39,191632,143758.00,16358,13854.50,Balanced week,Wed
457,4,31,149897,117740.00,13320,11417.00,Balanced week,Thu
457,5,36,202417,162647.00,17839,15265.00,Balanced week,Fri
458,1,36,349696,209125.50,29253,21270.50,Balanced week,Mon
458,2,45,360448,246872.50,31387,24782.00,Balanced week,Tue
458,3,45,342100,256959.50,30799,25438.50,Balanced week,Wed
458,4,38,274011,215022.00,25726,21237.50,Balanced week,Thu
458,5,44,358513,288912.00,32241,27862.00,Balanced week,Fri
459,1,36,487080,270503.50,53112,38706.00,Weekday/promo-sensitive,Mon
459,2,45,554969,324536.00,61693,46424.50,Weekday/promo-sensitive,Tue
459,3,45,465943,314405.50,54307,44439.50,Weekday/promo-sensitive,Wed
459,4,40,424219,316552.00,51661,43718.50,Weekday/promo-sensitive,Thu
459,5,44,404394,338231.50,49587,46011.00,Weekday/promo-sensitive,Fri
460,1,35,220272,104330.00,17342,11202.50,Weekday/promo-sensitive,Mon
460,2,45,229603,140286.00,19612,15076.50,Weekday/promo-sensitive,Tue
460,3,45,187248,125417.50,16550,13180.00,Weekday/promo-sensitive,Wed
460,4,38,167070,123998.00,15314,12809.00,Weekday/promo-sensitive,Thu
460,5,43,178066,152496.00,16995,15623.00,Weekday/promo-sensitive,Fri
461,1,35,203526,127871.00,18325,14298.00,Balanced week,Mon
461,2,45,234528,160024.50,21687,17642.00,Balanced week,Tue
461,3,45,231123,175580.50,21824,18985.00,Balanced week,Wed
461,4,38,174398,137225.00,16987,14892.00,Balanced week,Thu
461,5,42,212559,184453.00,20273,18938.50,Balanced week,Fri
462,1,35,249800,149754.50,27678,20902.00,Weekday/promo-sensitive,Mon
462,2,45,294888,202729.50,34621,28528.00,Weekday/promo-sensitive,Tue
462,3,45,237139,182075.50,29107,25301.00,Weekday/promo-sensitive,Wed
462,4,38,207099,169884.00,25638,23172.00,Weekday/promo-sensitive,Thu
462,5,43,212692,194477.50,27182,26380.00,Weekday/promo-sensitive,Fri
463,1,36,326847,210358.00,45707,36740.00,Weekday/promo-sensitive,Mon
463,2,45,343141,241194.50,51709,42752.00,Weekday/promo-sensitive,Tue
463,3,45,313348,238114.00,48326,41296.00,Weekday/promo-sensitive,Wed
463,4,38,248132,196526.00,39067,34380.00,Weekday/promo-sensitive,Thu
463,5,42,262354,214824.50,41138,36300.50,Weekday/promo-sensitive,Fri
464,1,36,447601,334268.50,49391,42568.50,Christmas-driven,Mon
464,2,45,476781,383715.00,56134,50084.50,Christmas-driven,Tue
464,3,45,469819,392016.00,55326,50822.50,Christmas-driven,Wed
464,4,40,400494,328971.00,47933,43129.00,Christmas-driven,Thu
464,5,44,459237,416145.00,55843,53863.50,Christmas-driven,Fri
465,1,36,400114,210499.00,27416,18394.00,Balanced week,Mon
465,2,45,395781,251948.50,28402,21805.00,Balanced week,Tue
465,3,45,376057,262377.50,27648,22503.50,Balanced week,Wed
465,4,38,298997,219487.00,22858,18736.00,Balanced week,Thu
465,5,44,372529,297952.50,28801,24688.00,Balanced week,Fri
466,1,36,418163,227379.50,35910,24687.50,Weekday/promo-sensitive,Mon
466,2,45,445382,275463.00,40202,30462.00,Weekday/promo-sensitive,Tue
466,3,45,413896,286987.00,39247,31842.50,Weekday/promo-sensitive,Wed
466,4,38,322057,237417.50,30910,25755.50,Weekday/promo-sensitive,Thu
466,5,42,393388,308696.50,38840,33260.50,Weekday/promo-sensitive,Fri
467,1,36,603226,405072.50,64164,52308.00,Christmas-driven,Mon
467,2,45,710900,526059.00,79052,68115.50,Christmas-driven,Tue
467,3,45,629712,493109.00,72518,63971.00,Christmas-driven,Wed
467,4,38,531894,440791.00,62886,57144.50,Christmas-driven,Thu
467,5,42,527100,501965.50,62650,63079.50,Christmas-driven,Fri
468,1,36,289942,179736.50,28267,22057.50,Christmas-driven,Mon
468,2,45,281181,200054.00,29594,25240.50,Christmas-driven,Tue
468,3,45,281736,215224.50,30222,27136.50,Christmas-driven,Wed
468,4,40,246263,198533.00,27312,24692.00,Christmas-driven,Thu
468,5,44,295815,272025.50,33188,32847.00,Christmas-driven,Fri
469,1,36,584589,331537.00,65048,46337.00,Balanced week,Mon
469,2,45,615724,401407.00,72324,55871.50,Balanced week,Tue
469,3,45,560402,402491.00,68998,56735.50,Balanced week,Wed
469,4,40,457409,356043.50,58130,49600.50,Balanced week,Thu
469,5,44,535645,483438.50,69384,64930.00,Balanced week,Fri
470,1,32,543989,347893.00,64990,51228.00,Christmas-driven,Mon
470,2,45,696285,446879.50,85988,66931.00,Christmas-driven,Tue
470,3,45,646564,467263.50,82695,68784.00,Christmas-driven,Wed
470,4,38,506108,379308.50,66770,56376.50,Christmas-driven,Thu
470,5,42,571768,473401.50,76473,68718.00,Christmas-driven,Fri
471,1,29,269466,172136.50,20102,15521.00,Balanced week,Mon
471,2,39,309329,210661.50,23352,18934.50,Balanced week,Tue
471,3,39,292513,211934.50,22775,18926.00,Balanced week,Wed
471,4,31,227102,182553.50,18464,16102.00,Balanced week,Thu
471,5,36,291993,237587.00,23582,20841.50,Balanced week,Fri
472,1,36,242063,167441.50,29779,24546.50,Balanced week,Mon
472,2,45,262856,191673.50,32985,28327.50,Balanced week,Tue
472,3,45,248089,191016.50,31846,27945.00,Balanced week,Wed
472,4,40,219968,176194.50,28624,25050.50,Balanced week,Thu
472,5,44,243689,216842.00,31870,29646.00,Balanced week,Fri
473,1,36,187681,105143.50,22564,16112.00,Weekday/promo-sensitive,Mon
473,2,45,202195,127267.50,25311,19433.00,Weekday/promo-sensitive,Tue
473,3,45,176318,124247.00,23268,18925.00,Weekday/promo-sensitive,Wed
473,4,38,160174,114302.00,22107,17832.50,Weekday/promo-sensitive,Thu
473,5,42,162933,134404.00,21914,19386.00,Weekday/promo-sensitive,Fri
474,1,36,406968,227719.50,35102,24677.50,Weekday/promo-sensitive,Mon
474,2,45,408636,276460.50,37232,29593.50,Weekday/promo-sensitive,Tue
474,3,45,389318,295050.50,37214,31789.50,Weekday/promo-sensitive,Wed
474,4,38,308560,238043.00,29122,24934.00,Weekday/promo-sensitive,Thu
474,5,43,353328,307039.50,35172,32726.00,Weekday/promo-sensitive,Fri
475,1,32,289782,168514.50,38604,28048.50,Christmas-driven,Mon
475,2,45,351904,222453.00,48188,37286.00,Christmas-driven,Tue
475,3,45,317136,225716.00,45839,37467.50,Christmas-driven,Wed
475,4,38,243403,181700.50,36885,30199.50,Christmas-driven,Thu
475,5,42,271886,228791.50,41247,36919.50,Christmas-driven,Fri
476,1,36,348936,184677.50,34222,23502.50,Weekday/promo-sensitive,Mon
476,2,45,342202,220484.50,35444,27603.00,Weekday/promo-sensitive,Tue
476,3,44,304509,219948.50,32903,27536.00,Weekday/promo-sensitive,Wed
476,4,36,237750,180367.50,25787,22077.00,Weekday/promo-sensitive,Thu
476,5,43,275461,238720.50,30613,28129.00,Weekday/promo-sensitive,Fri
477,1,29,253468,144213.00,16462,11736.00,Balanced week,Mon
477,2,39,277887,182627.50,18520,14320.50,Balanced week,Tue
477,3,39,252943,182345.50,17193,14212.00,Balanced week,Wed
477,4,31,210196,157986.00,14823,12474.50,Balanced week,Thu
477,5,36,265038,205883.00,18279,15674.50,Balanced week,Fri
478,1,36,366552,212981.50,33588,24615.50,Weekday/promo-sensitive,Mon
478,2,45,373519,249556.50,36079,28463.00,Weekday/promo-sensitive,Tue
478,3,45,343248,250783.00,33796,28457.00,Weekday/promo-sensitive,Wed
478,4,40,287524,232476.50,29368,25510.50,Weekday/promo-sensitive,Thu
478,5,44,319392,286602.00,33037,30799.00,Weekday/promo-sensitive,Fri
479,1,35,527437,334367.00,55371,43559.00,Weekday/promo-sensitive,Mon
479,2,45,640042,449796.50,70854,59185.50,Weekday/promo-sensitive,Tue
479,3,45,537070,419161.00,60717,53839.00,Weekday/promo-sensitive,Wed
479,4,38,453150,373895.50,52054,47377.50,Weekday/promo-sensitive,Thu
479,5,43,508686,458233.50,60930,58370.50,Weekday/promo-sensitive,Fri
480,1,36,269421,168747.50,30447,23730.50,Weekday/promo-sensitive,Mon
480,2,45,283372,197572.00,33554,27548.00,Weekday/promo-sensitive,Tue
480,3,45,264939,196833.00,31862,27054.00,Weekday/promo-sensitive,Wed
480,4,40,222564,173322.50,27612,23518.50,Weekday/promo-sensitive,Thu
480,5,44,226626,190867.00,28788,26062.50,Weekday/promo-sensitive,Fri
481,1,36,266693,142186.50,21537,14768.00,Balanced week,Mon
481,2,45,260335,165775.00,22060,17079.50,Balanced week,Tue
481,3,45,240451,167216.50,21187,17131.00,Balanced week,Wed
481,4,38,201989,150822.50,18405,15448.50,Balanced week,Thu
481,5,44,243345,197417.00,21993,19214.50,Balanced week,Fri
482,1,35,380749,212656.00,36404,26461.50,Christmas-driven,Mon
482,2,45,393431,256623.00,39764,31379.50,Christmas-driven,Tue
482,3,45,373179,274420.50,39485,33644.00,Christmas-driven,Wed
482,4,38,308155,230119.00,33493,28152.00,Christmas-driven,Thu
482,5,43,375203,326934.50,41180,39024.50,Christmas-driven,Fri
483,1,35,263128,152864.00,30758,22474.00,Weekday/promo-sensitive,Mon
483,2,45,338176,224818.50,42908,33851.00,Weekday/promo-sensitive,Tue
483,3,45,245924,181876.00,30714,26185.50,Weekday/promo-sensitive,Wed
483,4,38,226495,183437.50,29549,26639.00,Weekday/promo-sensitive,Thu
483,5,43,204877,187021.00,26661,25832.50,Weekday/promo-sensitive,Fri
484,1,36,313947,217176.00,27428,22977.00,Christmas-driven,Mon
484,2,45,319332,246909.50,29150,25944.00,Christmas-driven,Tue
484,3,45,325069,264556.00,29374,27188.50,Christmas-driven,Wed
484,4,40,307675,239722.50,28794,25129.00,Christmas-driven,Thu
484,5,44,392557,342327.50,37048,35042.50,Christmas-driven,Fri
485,1,29,176641,116106.00,13713,10802.00,Balanced week,Mon
485,2,39,208097,148807.00,16462,13801.50,Balanced week,Tue
485,3,39,192185,148483.00,16023,13769.00,Balanced week,Wed
485,4,31,143917,114574.00,12241,10769.50,Balanced week,Thu
485,5,36,196459,163765.00,16450,14680.00,Balanced week,Fri
486,1,36,241742,131596.50,25456,17716.00,Weekday/promo-sensitive,Mon
486,2,45,232866,149454.50,26204,20251.00,Weekday/promo-sensitive,Tue
486,3,45,210333,152202.50,24476,20447.00,Weekday/promo-sensitive,Wed
486,4,38,184879,144957.50,23378,20235.00,Weekday/promo-sensitive,Thu
486,5,42,194082,166455.50,23052,21082.50,Weekday/promo-sensitive,Fri
487,1,36,328690,190096.00,27425,20282.00,Balanced week,Mon
487,2,45,345523,228248.00,30276,24769.00,Balanced week,Tue
487,3,45,330431,235711.00,29763,25264.00,Balanced week,Wed
487,4,40,296224,222880.00,27532,23459.50,Balanced week,Thu
487,5,44,341544,287442.50,32510,29757.50,Balanced week,Fri
488,1,36,191163,118550.00,17381,13707.00,Balanced week,Mon
488,2,45,193560,134448.50,18755,15669.00,Balanced week,Tue
488,3,45,175811,132714.00,17806,15475.00,Balanced week,Wed
488,4,40,146020,114181.50,15244,13326.00,Balanced week,Thu
488,5,44,173951,140579.00,17797,15798.50,Balanced week,Fri
489,1,35,449500,200234.00,33442,20592.50,Weekday/promo-sensitive,Mon
489,2,45,486476,270438.50,39628,28204.50,Weekday/promo-sensitive,Tue
489,3,45,394431,257936.00,33016,26012.00,Weekday/promo-sensitive,Wed
489,4,38,340046,236222.00,29781,24189.00,Weekday/promo-sensitive,Thu
489,5,43,327525,261751.00,29130,26233.00,Weekday/promo-sensitive,Fri
490,1,29,286678,220449.00,34632,29779.00,Balanced week,Mon
490,2,39,349737,271888.50,43460,37447.50,Balanced week,Tue
490,3,39,321212,272046.00,41802,37566.00,Balanced week,Wed
490,4,31,248214,214522.50,32482,29241.50,Balanced week,Thu
490,5,36,298556,267249.50,38907,35852.00,Balanced week,Fri
491,1,35,336485,183286.50,23251,16085.00,Balanced week,Mon
491,2,45,343913,223118.50,25161,19356.00,Balanced week,Tue
491,3,45,319661,229950.50,23960,19866.00,Balanced week,Wed
491,4,38,258253,189854.50,19912,16459.50,Balanced week,Thu
491,5,42,304717,244078.50,23375,20119.50,Balanced week,Fri
492,1,27,280829,170717.50,36111,27453.00,Balanced week,Mon
492,2,37,355496,233545.50,47544,38120.50,Balanced week,Tue
492,3,37,308039,227468.00,43705,36974.00,Balanced week,Wed
492,4,29,230926,185379.50,32852,29663.50,Balanced week,Thu
492,5,34,274803,232272.00,40142,37490.50,Balanced week,Fri
493,1,36,438358,236872.00,36577,25646.00,Balanced week,Mon
493,2,45,432916,281314.00,39128,30955.00,Balanced week,Tue
493,3,45,395210,283597.00,36177,30438.00,Balanced week,Wed
493,4,38,318521,248223.50,30324,26251.00,Balanced week,Thu
493,5,42,374851,317744.00,36225,32938.50,Balanced week,Fri
494,1,36,369852,243348.00,45933,37136.50,Sunday-trading,Mon
494,2,45,417221,294972.00,53889,45247.00,Sunday-trading,Tue
494,3,45,392304,300419.00,52670,45562.50,Sunday-trading,Wed
494,4,40,337620,266563.50,46248,40356.00,Sunday-trading,Thu
494,5,44,364998,313213.50,51553,46527.00,Sunday-trading,Fri
495,1,35,271685,136393.50,18069,11986.50,Balanced week,Mon
495,2,45,271072,159235.50,18880,14073.50,Balanced week,Tue
495,3,45,254005,164202.50,18178,14358.50,Balanced week,Wed
495,4,38,221377,149664.00,16441,12954.00,Balanced week,Thu
495,5,42,251699,182489.00,18434,15159.00,Balanced week,Fri
496,1,36,409168,229983.50,38656,27826.50,Balanced week,Mon
496,2,45,410019,264415.50,40636,31828.00,Balanced week,Tue
496,3,45,374549,268195.50,38796,32172.00,Balanced week,Wed
496,4,40,314290,241944.00,33323,28321.00,Balanced week,Thu
496,5,44,358597,304315.00,38368,34308.00,Balanced week,Fri
497,1,36,420835,282081.50,46476,38326.00,Weekday/promo-sensitive,Mon
497,2,45,482350,353076.00,55981,48321.00,Weekday/promo-sensitive,Tue
497,3,45,427624,344932.50,51153,46070.50,Weekday/promo-sensitive,Wed
497,4,38,355959,287404.50,43203,38110.50,Weekday/promo-sensitive,Thu
497,5,44,439434,375602.50,54657,50046.50,Weekday/promo-sensitive,Fri
498,1,29,236208,194711.00,28490,25769.50,Balanced week,Mon
498,2,39,287597,236528.00,35631,32019.50,Balanced week,Tue
498,3,39,268792,241700.00,34562,32547.50,Balanced week,Wed
498,4,31,205041,182094.50,26795,24657.00,Balanced week,Thu
498,5,36,245203,227155.00,31081,29345.50,Balanced week,Fri
499,1,35,221225,156352.50,28833,24239.50,Balanced week,Mon
499,2,45,241698,183636.50,32254,28817.00,Balanced week,Tue
499,3,45,240915,186530.00,32937,29087.00,Balanced week,Wed
499,4,38,192184,156896.50,27323,24296.50,Balanced week,Thu
499,5,42,224863,193341.50,31310,29192.00,Balanced week,Fri
500,1,29,177643,135797.50,12360,10729.50,Balanced week,Mon
500,2,39,214555,175675.50,14829,13430.00,Balanced week,Tue
500,3,39,204908,178974.00,14801,13789.50,Balanced week,Wed
500,4,31,154560,133934.50,11110,10349.50,Balanced week,Thu
500,5,36,205313,182387.50,14994,13826.50,Balanced week,Fri
501,1,29,209016,135974.50,20136,16058.50,Christmas-driven,Mon
501,2,39,239988,168123.50,23998,20097.50,Christmas-driven,Tue
501,3,39,258034,198614.50,28155,24717.00,Christmas-driven,Wed
501,4,31,173377,138282.00,18532,16289.00,Christmas-driven,Thu
501,5,36,203886,177070.00,22000,20744.00,Christmas-driven,Fri
502,1,34,488535,327011.00,61279,49856.50,Balanced week,Mon
502,2,43,545188,373399.50,70938,58281.50,Balanced week,Tue
502,3,43,494979,371982.50,67398,57593.50,Balanced week,Wed
502,4,36,402944,323477.00,55888,49232.50,Balanced week,Thu
502,5,42,470675,409111.00,65364,60260.50,Balanced week,Fri
503,1,35,333675,164562.00,20397,12930.50,Balanced week,Mon
503,2,45,338969,199406.50,21859,15547.50,Balanced week,Tue
503,3,45,316892,213916.50,20879,16294.00,Balanced week,Wed
503,4,38,299870,205085.50,20650,15991.00,Balanced week,Thu
503,5,43,337079,269013.50,23361,20508.00,Balanced week,Fri
504,1,36,324300,226232.00,42211,34400.00,Balanced week,Mon
504,2,45,327713,248990.50,44790,38889.00,Balanced week,Tue
504,3,45,302623,245204.00,42382,37971.00,Balanced week,Wed
504,4,40,273397,234645.00,38771,35213.50,Balanced week,Thu
504,5,44,281474,281393.50,41033,40422.50,Balanced week,Fri
505,1,35,240358,142799.50,26540,20353.00,Weekday/promo-sensitive,Mon
505,2,45,263840,180669.00,30214,25029.00,Weekday/promo-sensitive,Tue
505,3,45,242878,176049.00,28858,24521.50,Weekday/promo-sensitive,Wed
505,4,38,197340,146339.50,24078,20486.00,Weekday/promo-sensitive,Thu
505,5,42,216599,174394.00,26492,23326.00,Weekday/promo-sensitive,Fri
506,1,36,428663,227277.50,40655,27959.50,Weekday/promo-sensitive,Mon
506,2,45,423002,265612.00,42660,32920.00,Weekday/promo-sensitive,Tue
506,3,45,410665,293269.00,44941,37321.50,Weekday/promo-sensitive,Wed
506,4,38,298117,234243.00,32707,28408.50,Weekday/promo-sensitive,Thu
506,5,42,337885,284062.00,37027,33811.50,Weekday/promo-sensitive,Fri
507,1,36,441902,246070.50,29789,21508.50,Balanced week,Mon
507,2,45,420008,277568.50,30256,24415.00,Balanced week,Tue
507,3,45,396545,289468.00,29304,24966.50,Balanced week,Wed
507,4,38,335302,249598.50,25519,21699.00,Balanced week,Thu
507,5,42,396858,321844.00,30314,27054.00,Balanced week,Fri
508,1,32,327713,175661.00,28316,19106.50,Balanced week,Mon
508,2,45,359463,225668.50,32945,24983.00,Balanced week,Tue
508,3,45,321038,230397.00,30381,24984.50,Balanced week,Wed
508,4,38,268487,202431.00,25684,21634.00,Balanced week,Thu
508,5,42,306005,262583.50,30259,27910.00,Balanced week,Fri
509,1,36,337379,186335.50,24902,18192.00,Weekday/promo-sensitive,Mon
509,2,45,354557,223185.00,27109,21444.00,Weekday/promo-sensitive,Tue
509,3,45,316366,221855.50,24960,21096.00,Weekday/promo-sensitive,Wed
509,4,38,249852,185747.00,20679,17526.00,Weekday/promo-sensitive,Thu
509,5,44,304460,237224.50,25141,21900.50,Weekday/promo-sensitive,Fri
510,1,36,416916,262524.00,38789,29962.50,Weekday/promo-sensitive,Mon
510,2,45,444691,315190.50,42933,36667.50,Weekday/promo-sensitive,Tue
510,3,45,427939,324990.00,42418,37396.50,Weekday/promo-sensitive,Wed
510,4,38,330851,261053.00,34009,29944.50,Weekday/promo-sensitive,Thu
510,5,42,389647,340134.00,38927,36709.00,Weekday/promo-sensitive,Fri
511,1,36,244049,192293.00,32415,29214.00,Balanced week,Mon
511,2,45,268458,223584.00,36551,33918.00,Balanced week,Tue
511,3,45,253805,223442.50,35747,33974.00,Balanced week,Wed
511,4,40,223461,193841.50,31804,29245.50,Balanced week,Thu
511,5,44,251799,234496.50,35999,34878.50,Balanced week,Fri
512,1,28,160203,137870.50,37768,36035.50,Sunday-trading,Mon
512,2,38,210906,185536.50,50562,47710.50,Sunday-trading,Tue
512,3,37,202164,180974.00,48797,46550.00,Sunday-trading,Wed
512,4,30,163548,152095.50,39924,38213.50,Sunday-trading,Thu
512,5,35,216672,208019.50,52985,51389.00,Sunday-trading,Fri
513,1,36,832076,591415.50,87834,72003.00,Balanced week,Mon
513,2,45,946559,696562.00,103547,86402.50,Balanced week,Tue
513,3,45,846755,666823.50,94211,81342.50,Balanced week,Wed
513,4,40,765397,624249.00,87108,76749.50,Balanced week,Thu
513,5,44,807852,714742.50,92743,86746.50,Balanced week,Fri
514,1,29,234289,137602.50,21856,16243.50,Balanced week,Mon
514,2,39,272893,180510.50,26313,20961.00,Balanced week,Tue
514,3,39,245398,177663.00,25031,20527.00,Balanced week,Wed
514,4,31,187620,144608.50,19198,16444.50,Balanced week,Thu
514,5,36,232647,185167.00,23482,20704.50,Balanced week,Fri
515,1,36,386489,252954.50,28636,22757.50,Balanced week,Mon
515,2,45,403349,297908.00,30841,26704.50,Balanced week,Tue
515,3,45,409681,319122.50,31437,27801.00,Balanced week,Wed
515,4,38,339141,277547.50,27248,24481.50,Balanced week,Thu
515,5,42,440920,377153.50,35088,32217.50,Balanced week,Fri
516,1,36,320349,168270.50,36037,24512.00,Weekday/promo-sensitive,Mon
516,2,45,338153,206614.00,40542,30065.00,Weekday/promo-sensitive,Tue
516,3,45,285470,192925.00,35800,28242.50,Weekday/promo-sensitive,Wed
516,4,38,247805,183462.00,31425,25990.00,Weekday/promo-sensitive,Thu
516,5,42,247311,202403.00,31582,28014.50,Weekday/promo-sensitive,Fri
517,1,34,313011,168698.50,29885,20808.50,Balanced week,Mon
517,2,43,319655,206828.50,32988,25468.00,Balanced week,Tue
517,3,42,276183,195973.50,29415,23951.00,Balanced week,Wed
517,4,35,231072,176173.00,24930,21366.00,Balanced week,Thu
517,5,42,274578,232720.50,30060,26946.00,Balanced week,Fri
518,1,29,259451,121799.50,18418,12084.50,Balanced week,Mon
518,2,39,267610,155697.50,20243,15445.50,Balanced week,Tue
518,3,39,237201,162080.00,19213,15916.50,Balanced week,Wed
518,4,31,179949,127737.50,14881,12210.00,Balanced week,Thu
518,5,36,240244,186150.00,19811,17107.00,Balanced week,Fri
519,1,36,256042,153505.00,23828,17949.50,Christmas-driven,Mon
519,2,45,250931,172180.50,24669,20443.50,Christmas-driven,Tue
519,3,45,243271,175617.00,24477,20787.00,Christmas-driven,Wed
519,4,40,212483,160521.00,21800,18654.00,Christmas-driven,Thu
519,5,44,251896,209506.00,25632,23628.50,Christmas-driven,Fri
520,1,36,186272,130190.50,18037,15065.00,Christmas-driven,Mon
520,2,45,203559,154813.50,20427,17978.50,Christmas-driven,Tue
520,3,45,184767,149874.50,18919,17288.00,Christmas-driven,Wed
520,4,40,158936,133145.00,16713,15482.00,Christmas-driven,Thu
520,5,44,181033,161561.00,19579,18605.00,Christmas-driven,Fri
521,1,36,236705,140530.50,17682,13109.50,Balanced week,Mon
521,2,45,253393,169328.50,19004,15281.50,Balanced week,Tue
521,3,45,242365,177049.50,18506,15449.50,Balanced week,Wed
521,4,38,222337,163290.00,17591,14652.50,Balanced week,Thu
521,5,42,256993,208781.00,20681,18772.00,Balanced week,Fri
522,1,29,299788,197502.50,20956,16431.50,Balanced week,Mon
522,2,39,333071,248534.00,23964,20746.50,Balanced week,Tue
522,3,39,322154,253198.00,23714,21043.50,Balanced week,Wed
522,4,31,261729,212115.00,19608,17301.50,Balanced week,Thu
522,5,36,337088,284580.00,25114,22794.50,Balanced week,Fri
523,1,36,674042,533662.50,72491,64601.50,Balanced week,Mon
523,2,45,724907,600828.00,81208,74139.00,Balanced week,Tue
523,3,45,695256,603160.50,79228,73762.00,Balanced week,Wed
523,4,40,598916,513340.50,68613,63191.00,Balanced week,Thu
523,5,44,676328,632991.00,78133,74876.00,Balanced week,Fri
524,1,36,398543,273396.00,38545,31628.50,Christmas-driven,Mon
524,2,45,420953,322020.00,42335,37532.50,Christmas-driven,Tue
524,3,45,385473,312178.50,39064,35532.50,Christmas-driven,Wed
524,4,40,355016,297480.00,37598,33948.50,Christmas-driven,Thu
524,5,44,365009,342179.50,39103,38132.50,Christmas-driven,Fri
525,1,36,461973,329634.00,36801,30940.00,Balanced week,Mon
525,2,45,486425,372320.50,40220,34718.00,Balanced week,Tue
525,3,43,441142,358143.50,36885,33141.50,Balanced week,Wed
525,4,40,409235,340906.50,34685,30992.50,Balanced week,Thu
525,5,44,479922,424159.50,40219,37604.00,Balanced week,Fri
526,1,36,592829,315043.50,68667,48661.50,Weekday/promo-sensitive,Mon
526,2,45,650447,403934.50,81263,62522.50,Weekday/promo-sensitive,Tue
526,3,45,531962,379577.00,69554,58551.50,Weekday/promo-sensitive,Wed
526,4,38,455655,341385.00,61115,52238.50,Weekday/promo-sensitive,Thu
526,5,43,455577,371342.50,61950,56241.50,Weekday/promo-sensitive,Fri
527,1,36,470853,321609.50,40183,32363.00,Balanced week,Mon
527,2,45,527072,385507.00,46038,38944.00,Balanced week,Tue
527,3,45,505033,395346.00,44486,39223.00,Balanced week,Wed
527,4,38,403089,333057.50,36984,33133.50,Balanced week,Thu
527,5,42,486003,435402.50,44765,42222.50,Balanced week,Fri
528,1,36,578473,308394.00,44459,31570.00,Balanced week,Mon
528,2,45,593608,364103.50,47162,36943.50,Balanced week,Tue
528,3,45,540038,363957.00,44473,36311.50,Balanced week,Wed
528,4,38,443219,317979.00,37630,31688.50,Balanced week,Thu
528,5,42,508297,408527.00,45069,40070.50,Balanced week,Fri
529,1,36,382064,233002.50,33140,25484.00,Christmas-driven,Mon
529,2,45,386396,269398.00,34742,29326.00,Christmas-driven,Tue
529,3,45,357512,271150.00,32865,28980.00,Christmas-driven,Wed
529,4,40,333942,260400.50,31753,27425.50,Christmas-driven,Thu
529,5,44,380008,332631.50,36991,34310.00,Christmas-driven,Fri
530,1,36,213418,174228.50,30575,28506.50,Summer/tourist,Mon
530,2,45,231663,199799.50,35582,34154.50,Summer/tourist,Tue
530,3,45,218789,192134.00,34805,33105.50,Summer/tourist,Wed
530,4,40,186286,166306.00,29823,28064.00,Summer/tourist,Thu
530,5,44,203891,197695.50,33163,32989.00,Summer/tourist,Fri
531,1,36,210117,170242.00,24605,22317.50,Christmas-driven,Mon
531,2,45,240243,200695.00,28226,26164.00,Christmas-driven,Tue
531,3,45,225488,194358.50,27042,25282.50,Christmas-driven,Wed
531,4,40,203565,178677.00,25215,23145.50,Christmas-driven,Thu
531,5,44,210356,200339.50,25786,25418.00,Christmas-driven,Fri
532,1,36,456703,368253.00,51459,45503.50,Balanced week,Mon
532,2,45,536791,446145.50,61285,54992.50,Balanced week,Tue
532,3,45,519832,436670.50,60173,54585.50,Balanced week,Wed
532,4,38,416175,344912.00,48545,42698.00,Balanced week,Thu
532,5,42,468926,409090.50,53900,49708.00,Balanced week,Fri
533,1,35,469191,293558.50,39309,30421.50,Balanced week,Mon
533,2,45,498086,359958.50,44244,37087.50,Balanced week,Tue
533,3,45,455200,348509.50,40989,35726.00,Balanced week,Wed
533,4,38,381396,312011.50,35779,32103.00,Balanced week,Thu
533,5,42,447513,383682.50,42515,39013.00,Balanced week,Fri
534,1,29,338334,156649.00,22337,13344.50,Balanced week,Mon
534,2,39,354555,198678.50,24313,16760.00,Balanced week,Tue
534,3,39,321840,212291.50,22676,17320.50,Balanced week,Wed
534,4,31,249327,169464.50,18221,14065.50,Balanced week,Thu
534,5,36,319916,239651.50,23544,19124.50,Balanced week,Fri
535,1,36,420650,255741.00,42860,31857.00,Weekday/promo-sensitive,Mon
535,2,45,459009,316995.50,48573,39004.00,Weekday/promo-sensitive,Tue
535,3,45,420943,321005.50,46120,39437.50,Weekday/promo-sensitive,Wed
535,4,38,339819,266808.50,39198,33425.00,Weekday/promo-sensitive,Thu
535,5,42,354755,308896.50,40637,37250.50,Weekday/promo-sensitive,Fri
536,1,36,421524,255995.50,40604,29026.00,Weekday/promo-sensitive,Mon
536,2,45,481670,325271.00,49760,38474.00,Weekday/promo-sensitive,Tue
536,3,45,388955,297930.50,39808,33702.00,Weekday/promo-sensitive,Wed
536,4,38,324632,265905.50,34190,29744.50,Weekday/promo-sensitive,Thu
536,5,42,394205,358308.00,43716,40643.50,Weekday/promo-sensitive,Fri
537,1,35,254123,168046.00,25362,20136.00,Weekday/promo-sensitive,Mon
537,2,45,292408,205395.50,29943,24694.50,Weekday/promo-sensitive,Tue
537,3,45,269001,209629.50,28527,24889.50,Weekday/promo-sensitive,Wed
537,4,38,218072,173300.50,23277,20721.00,Weekday/promo-sensitive,Thu
537,5,42,251910,208105.00,26364,23698.00,Weekday/promo-sensitive,Fri
538,1,36,210190,141685.00,27159,22393.00,Weekday/promo-sensitive,Mon
538,2,45,221220,163738.00,30490,26415.00,Weekday/promo-sensitive,Tue
538,3,45,187198,151504.00,26901,24388.50,Weekday/promo-sensitive,Wed
538,4,40,168508,134962.00,24672,21721.00,Weekday/promo-sensitive,Thu
538,5,44,169280,148130.00,25220,23349.50,Weekday/promo-sensitive,Fri
539,1,29,390826,298366.00,37461,32160.00,Balanced week,Mon
539,2,39,485394,370306.00,47415,40133.50,Balanced week,Tue
539,3,39,446359,367185.00,44802,39758.50,Balanced week,Wed
539,4,31,337457,288195.50,34526,31121.00,Balanced week,Thu
539,5,36,424548,369915.50,42682,38561.00,Balanced week,Fri
540,1,29,240027,127638.00,14817,9680.50,Balanced week,Mon
540,2,39,260544,167473.50,16975,12670.00,Balanced week,Tue
540,3,39,240017,170932.50,16350,12969.50,Balanced week,Wed
540,4,31,176890,129851.00,12023,9898.50,Balanced week,Thu
540,5,36,204497,162068.00,14116,11849.50,Balanced week,Fri
541,1,36,354166,199214.00,39933,27691.50,Christmas-driven,Mon
541,2,45,356925,232009.00,42583,32592.00,Christmas-driven,Tue
541,3,45,321348,236696.00,39828,32886.50,Christmas-driven,Wed
541,4,38,253838,200106.50,32803,28242.50,Christmas-driven,Thu
541,5,42,271808,241962.50,35278,32293.50,Christmas-driven,Fri
542,1,29,250209,162783.00,19304,15142.00,Weekday/promo-sensitive,Mon
542,2,39,300952,202401.00,23472,18663.00,Weekday/promo-sensitive,Tue
542,3,39,262757,202179.00,21714,18907.50,Weekday/promo-sensitive,Wed
542,4,31,206189,162525.50,17367,15152.00,Weekday/promo-sensitive,Thu
542,5,36,254813,207258.50,20867,18268.00,Weekday/promo-sensitive,Fri
543,1,36,175079,66851.50,12240,6905.00,Weekday/promo-sensitive,Mon
543,2,45,178794,83757.00,13722,8823.00,Weekday/promo-sensitive,Tue
543,3,45,164776,91621.50,13165,9353.00,Weekday/promo-sensitive,Wed
543,4,38,131638,75462.00,10831,7769.50,Weekday/promo-sensitive,Thu
543,5,44,146268,88421.50,12020,9031.50,Weekday/promo-sensitive,Fri
544,1,36,796568,449035.00,89640,64691.00,Weekday/promo-sensitive,Mon
544,2,45,843475,541057.50,101676,78127.50,Weekday/promo-sensitive,Tue
544,3,44,699594,505609.00,86969,72471.00,Weekday/promo-sensitive,Wed
544,4,36,551901,421933.00,70565,60162.00,Weekday/promo-sensitive,Thu
544,5,43,595014,525043.50,78816,73846.50,Weekday/promo-sensitive,Fri
545,1,36,577802,305099.50,48883,34047.50,Weekday/promo-sensitive,Mon
545,2,45,601849,365965.00,53122,40449.50,Weekday/promo-sensitive,Tue
545,3,45,557136,377216.50,51005,40894.00,Weekday/promo-sensitive,Wed
545,4,38,457200,333070.50,44250,37025.50,Weekday/promo-sensitive,Thu
545,5,42,480523,383630.50,45476,40113.50,Weekday/promo-sensitive,Fri
546,1,36,618330,475952.00,68365,59901.50,Weekday/promo-sensitive,Mon
546,2,45,701994,551129.50,80386,70654.00,Weekday/promo-sensitive,Tue
546,3,45,643805,530227.50,74591,67458.00,Weekday/promo-sensitive,Wed
546,4,40,582259,493782.00,69389,62577.00,Weekday/promo-sensitive,Thu
546,5,44,608552,546959.00,72924,67947.50,Weekday/promo-sensitive,Fri
547,1,29,212606,150893.50,15026,12212.00,Balanced week,Mon
547,2,39,238793,187572.50,17392,15307.50,Balanced week,Tue
547,3,39,229094,188534.00,16827,15266.00,Balanced week,Wed
547,4,31,181031,154363.00,13413,12224.00,Balanced week,Thu
547,5,36,218760,198031.50,16573,15704.50,Balanced week,Fri
548,1,34,243936,131788.50,17427,11938.00,Christmas-driven,Mon
548,2,43,265193,170644.00,18838,14262.50,Christmas-driven,Tue
548,3,43,232873,162547.00,18157,14632.50,Christmas-driven,Wed
548,4,36,194918,134842.00,14726,11878.50,Christmas-driven,Thu
548,5,42,226896,180718.00,18207,15484.50,Christmas-driven,Fri
549,1,36,202089,150851.50,22686,19737.50,Weekday/promo-sensitive,Mon
549,2,45,228351,183413.50,26142,23438.00,Weekday/promo-sensitive,Tue
549,3,45,217261,178826.50,25207,23057.50,Weekday/promo-sensitive,Wed
549,4,40,192459,156237.00,22603,20217.00,Weekday/promo-sensitive,Thu
549,5,44,238882,206726.50,27948,26100.50,Weekday/promo-sensitive,Fri
550,1,36,267367,170834.50,20294,15648.50,Balanced week,Mon
550,2,45,285892,199977.50,21999,17965.00,Balanced week,Tue
550,3,45,278287,207658.50,21642,18456.00,Balanced week,Wed
550,4,38,222712,170798.00,18212,15169.50,Balanced week,Thu
550,5,44,285006,229306.00,23071,19909.50,Balanced week,Fri
551,1,36,310075,226157.50,43185,36555.00,Balanced week,Mon
551,2,45,365507,268707.50,52891,45232.50,Balanced week,Tue
551,3,45,307612,246673.50,45012,40295.50,Balanced week,Wed
551,4,40,268194,234711.50,40152,36992.50,Balanced week,Thu
551,5,44,286019,281659.00,42719,41966.00,Balanced week,Fri
552,1,36,501070,211738.50,36848,22960.00,Weekday/promo-sensitive,Mon
552,2,45,487839,249099.00,38418,26825.50,Weekday/promo-sensitive,Tue
552,3,45,444798,257442.50,36957,27427.00,Weekday/promo-sensitive,Wed
552,4,38,336418,220810.00,29110,22996.50,Weekday/promo-sensitive,Thu
552,5,44,379436,261825.50,32377,26367.00,Weekday/promo-sensitive,Fri
553,1,35,266594,186709.50,21889,18066.50,Balanced week,Mon
553,2,45,294796,228401.00,25482,22239.00,Balanced week,Tue
553,3,45,287881,224132.50,25284,22440.00,Balanced week,Wed
553,4,38,243418,202366.50,21647,19182.50,Balanced week,Thu
553,5,42,306393,279868.00,27077,25482.50,Balanced week,Fri
554,1,36,197262,160387.00,22966,21025.50,Christmas-driven,Mon
554,2,45,217140,194535.00,26914,25587.50,Christmas-driven,Tue
554,3,45,208014,181856.50,25867,24496.00,Christmas-driven,Wed
554,4,40,181720,162135.00,22519,21159.50,Christmas-driven,Thu
554,5,44,189090,176861.00,22749,22019.00,Christmas-driven,Fri
555,1,29,207906,120034.00,17418,12347.50,Christmas-driven,Mon
555,2,39,230985,148476.50,19767,15151.00,Christmas-driven,Tue
555,3,39,218461,153106.00,19111,15430.00,Christmas-driven,Wed
555,4,31,171779,124471.50,15251,12505.00,Christmas-driven,Thu
555,5,36,215405,161765.00,18959,15986.50,Christmas-driven,Fri
556,1,36,375719,223168.00,38641,28481.00,Weekday/promo-sensitive,Mon
556,2,45,410090,273575.50,44719,35208.00,Weekday/promo-sensitive,Tue
556,3,45,346159,255362.00,38461,32395.50,Weekday/promo-sensitive,Wed
556,4,40,303268,247488.00,35587,31114.50,Weekday/promo-sensitive,Thu
556,5,42,300261,261251.50,34696,31824.00,Weekday/promo-sensitive,Fri
557,1,34,219514,120241.50,28237,20455.50,Christmas-driven,Mon
557,2,45,237249,146558.50,32956,25019.00,Christmas-driven,Tue
557,3,45,239034,166546.50,36577,29339.50,Christmas-driven,Wed
557,4,38,167997,126149.00,25174,21031.50,Christmas-driven,Thu
557,5,42,176304,144842.00,26749,23954.00,Christmas-driven,Fri
558,1,36,153762,100998.00,19994,15707.50,Balanced week,Mon
558,2,45,176947,119430.50,23069,18556.00,Balanced week,Tue
558,3,45,160464,114253.50,21312,17806.00,Balanced week,Wed
558,4,40,148284,105940.50,19889,16096.50,Balanced week,Thu
558,5,44,157138,127873.00,21484,18831.00,Balanced week,Fri
559,1,35,348868,186452.50,39582,27072.50,Weekday/promo-sensitive,Mon
559,2,45,364736,229281.00,43248,32712.50,Weekday/promo-sensitive,Tue
559,3,45,311105,224677.00,38230,31698.00,Weekday/promo-sensitive,Wed
559,4,38,263540,202803.50,33573,28452.00,Weekday/promo-sensitive,Thu
559,5,43,265908,230541.00,33922,31364.50,Weekday/promo-sensitive,Fri
560,1,33,575294,354256.50,61279,46178.50,Balanced week,Mon
560,2,42,634781,435963.00,71208,56821.50,Balanced week,Tue
560,3,41,572451,433957.00,66307,56496.50,Balanced week,Wed
560,4,36,479852,375021.50,56788,48941.50,Balanced week,Thu
560,5,41,554004,499706.00,67029,62690.00,Balanced week,Fri
561,1,36,341509,204038.50,29998,22386.00,Balanced week,Mon
561,2,45,369405,253105.50,34073,27697.00,Balanced week,Tue
561,3,45,341468,258370.00,32099,27808.50,Balanced week,Wed
561,4,38,286260,223066.50,27496,24271.50,Balanced week,Thu
561,5,42,334033,279362.50,32907,30097.50,Balanced week,Fri
562,1,36,772274,603550.00,121501,109615.50,Sunday-trading,Mon
562,2,45,889522,736303.50,144110,133497.00,Sunday-trading,Tue
562,3,45,854540,736569.50,141657,132948.00,Sunday-trading,Wed
562,4,40,745749,652798.50,127833,118404.00,Sunday-trading,Thu
562,5,44,840828,768207.50,149642,141362.50,Sunday-trading,Fri
563,1,36,257054,166728.00,29368,22932.50,Christmas-driven,Mon
563,2,41,256366,184561.00,31011,25506.00,Christmas-driven,Tue
563,3,45,254112,198750.00,31132,26788.00,Christmas-driven,Wed
563,4,38,216432,177346.00,27132,24194.50,Christmas-driven,Thu
563,5,42,215415,205423.50,27554,26860.50,Christmas-driven,Fri
564,1,36,258295,164891.00,20625,15571.00,Balanced week,Mon
564,2,45,262485,195711.00,21997,18490.00,Balanced week,Tue
564,3,45,250709,201874.50,21160,18967.50,Balanced week,Wed
564,4,38,212174,173402.50,18518,16390.00,Balanced week,Thu
564,5,42,250598,222772.50,21802,20328.50,Balanced week,Fri
565,1,36,349339,193586.50,35438,25324.50,Weekday/promo-sensitive,Mon
565,2,45,362790,235207.00,39131,30477.00,Weekday/promo-sensitive,Tue
565,3,45,348918,248476.00,41871,34707.50,Weekday/promo-sensitive,Wed
565,4,38,258175,198052.50,29696,25314.00,Weekday/promo-sensitive,Thu
565,5,42,294885,248974.50,34182,31105.50,Weekday/promo-sensitive,Fri
566,1,36,234673,147526.50,23915,18360.00,Weekday/promo-sensitive,Mon
566,2,45,271498,184770.50,28450,23035.00,Weekday/promo-sensitive,Tue
566,3,45,233336,173161.00,24394,20944.50,Weekday/promo-sensitive,Wed
566,4,40,214172,160741.00,23023,19330.50,Weekday/promo-sensitive,Thu
566,5,44,243691,204842.00,27615,25012.50,Weekday/promo-sensitive,Fri
567,1,36,289732,170617.50,32520,24529.50,Weekday/promo-sensitive,Mon
567,2,45,298113,189321.50,35457,27765.00,Weekday/promo-sensitive,Tue
567,3,45,274580,191270.50,33218,27383.00,Weekday/promo-sensitive,Wed
567,4,38,219312,169451.50,28092,24048.50,Weekday/promo-sensitive,Thu
567,5,42,232158,203257.50,29107,27302.00,Weekday/promo-sensitive,Fri
568,1,36,207715,147197.00,16603,13654.50,Balanced week,Mon
568,2,45,217118,162166.00,17585,15231.50,Balanced week,Tue
568,3,45,210685,170176.50,17249,15586.00,Balanced week,Wed
568,4,38,179353,144792.00,15074,13425.00,Balanced week,Thu
568,5,44,234830,201969.00,19116,17525.50,Balanced week,Fri
569,1,36,212479,174879.50,28736,26228.50,Weekday/promo-sensitive,Mon
569,2,45,231964,201447.00,33128,30744.00,Weekday/promo-sensitive,Tue
569,3,45,225559,193288.00,32313,29855.50,Weekday/promo-sensitive,Wed
569,4,40,190536,168360.50,28151,26207.00,Weekday/promo-sensitive,Thu
569,5,44,205608,192691.00,30140,29010.50,Weekday/promo-sensitive,Fri
570,1,36,255264,128345.50,32121,21195.50,Balanced week,Mon
570,2,45,262970,166715.00,35582,26806.50,Balanced week,Tue
570,3,45,238112,168584.50,33866,26554.50,Balanced week,Wed
570,4,38,179080,143376.50,26107,22149.50,Balanced week,Thu
570,5,42,194875,170311.00,28660,26354.50,Balanced week,Fri
571,1,29,284750,179976.50,19728,14557.00,Balanced week,Mon
571,2,39,315592,218162.50,21881,17370.50,Balanced week,Tue
571,3,39,288447,224609.50,20819,17625.00,Balanced week,Wed
571,4,31,227478,187159.00,17079,15079.00,Balanced week,Thu
571,5,36,305467,258598.00,22372,19717.50,Balanced week,Fri
572,1,36,362232,200438.50,26413,18512.50,Balanced week,Mon
572,2,45,348739,230459.50,26748,21132.00,Balanced week,Tue
572,3,45,334335,245089.00,26411,22401.00,Balanced week,Wed
572,4,37,279019,207021.00,22758,18971.50,Balanced week,Thu
572,5,41,320338,259638.50,25919,22728.00,Balanced week,Fri
573,1,29,167910,97915.00,12664,9264.00,Weekday/promo-sensitive,Mon
573,2,39,205634,122756.50,15697,11542.00,Weekday/promo-sensitive,Tue
573,3,39,183331,128378.00,14533,11935.00,Weekday/promo-sensitive,Wed
573,4,31,131047,94891.00,10847,8974.50,Weekday/promo-sensitive,Thu
573,5,36,169572,128151.50,13728,11626.00,Weekday/promo-sensitive,Fri
574,1,35,440889,253989.00,29601,20820.50,Balanced week,Mon
574,2,45,456072,304384.00,31949,25004.00,Balanced week,Tue
574,3,45,427519,311959.00,30676,25626.00,Balanced week,Wed
574,4,38,342190,262036.50,25175,21308.00,Balanced week,Thu
574,5,42,408985,331869.00,29984,26292.50,Balanced week,Fri
575,1,29,300032,116896.50,23242,12608.50,Weekday/promo-sensitive,Mon
575,2,39,306405,152137.50,25313,16298.50,Weekday/promo-sensitive,Tue
575,3,39,253240,151816.50,22357,16282.00,Weekday/promo-sensitive,Wed
575,4,31,188394,122349.00,17049,13188.00,Weekday/promo-sensitive,Thu
575,5,36,229033,155009.50,20557,16044.00,Weekday/promo-sensitive,Fri
576,1,36,377100,199320.50,45246,31382.50,Balanced week,Mon
576,2,45,379815,227591.50,48411,35854.00,Balanced week,Tue
576,3,45,341379,230845.50,44890,35490.50,Balanced week,Wed
576,4,40,302952,213947.00,40737,32858.00,Balanced week,Thu
576,5,44,321460,260156.50,43860,38499.00,Balanced week,Fri
577,1,36,249600,166427.00,26971,21848.00,Balanced week,Mon
577,2,45,261021,191036.50,28741,25089.00,Balanced week,Tue
577,3,45,231979,183202.50,26255,23829.50,Balanced week,Wed
577,4,40,207743,167692.00,24131,21467.00,Balanced week,Thu
577,5,44,235550,205319.00,27430,25627.00,Balanced week,Fri
578,1,36,406362,289579.50,34510,29081.00,Summer/tourist,Mon
578,2,45,417843,321169.00,36412,32478.50,Summer/tourist,Tue
578,3,45,405935,318685.00,35890,32265.00,Summer/tourist,Wed
578,4,40,352472,289386.00,32388,29236.00,Summer/tourist,Thu
578,5,44,404675,351208.50,37780,35177.50,Summer/tourist,Fri
579,1,36,441726,226942.00,40891,27892.50,Balanced week,Mon
579,2,45,449104,272989.00,44045,33792.00,Balanced week,Tue
579,3,45,414161,279804.50,41860,33893.50,Balanced week,Wed
579,4,38,321290,234129.00,34108,28842.50,Balanced week,Thu
579,5,42,362091,299427.50,38647,35133.00,Balanced week,Fri
580,1,36,448090,350738.00,64126,57805.50,Christmas-driven,Mon
580,2,45,505111,401979.50,75481,67905.00,Christmas-driven,Tue
580,3,45,463288,402309.00,71645,67749.50,Christmas-driven,Wed
580,4,40,425081,368818.00,65537,62023.00,Christmas-driven,Thu
580,5,44,422138,417595.00,67193,69098.50,Christmas-driven,Fri
581,1,36,317876,161519.00,29256,20877.00,Weekday/promo-sensitive,Mon
581,2,45,332642,192457.50,32487,24967.00,Weekday/promo-sensitive,Tue
581,3,45,298431,189637.00,30578,24255.50,Weekday/promo-sensitive,Wed
581,4,38,235377,163880.50,25429,20995.00,Weekday/promo-sensitive,Thu
581,5,42,252806,191606.50,27246,23620.00,Weekday/promo-sensitive,Fri
582,1,36,372097,207252.50,39594,28629.00,Weekday/promo-sensitive,Mon
582,2,45,385505,256118.50,43450,35543.00,Weekday/promo-sensitive,Tue
582,3,45,350748,247945.50,40520,34146.50,Weekday/promo-sensitive,Wed
582,4,38,294234,217201.00,35689,30275.50,Weekday/promo-sensitive,Thu
582,5,44,325196,269157.00,39809,36030.50,Weekday/promo-sensitive,Fri
583,1,35,231345,131749.50,21816,15373.50,Weekday/promo-sensitive,Mon
583,2,45,234806,157710.00,22598,17863.50,Weekday/promo-sensitive,Tue
583,3,45,206884,163921.50,20580,18112.00,Weekday/promo-sensitive,Wed
583,4,38,173526,138542.50,17983,15762.00,Weekday/promo-sensitive,Thu
583,5,43,209002,188142.50,21957,20844.00,Weekday/promo-sensitive,Fri
584,1,36,217454,131486.00,18052,13750.50,Balanced week,Mon
584,2,45,239194,166359.00,20354,16570.00,Balanced week,Tue
584,3,45,229994,167211.50,19961,16819.50,Balanced week,Wed
584,4,38,185681,142724.00,16483,14219.50,Balanced week,Thu
584,5,44,224281,188247.50,20307,18012.00,Balanced week,Fri
585,1,36,286467,193275.00,39610,32382.00,Balanced week,Mon
585,2,45,306351,210511.00,44011,36352.50,Balanced week,Tue
585,3,45,284129,209388.00,40660,35092.00,Balanced week,Wed
585,4,40,250280,199403.00,37266,32485.50,Balanced week,Thu
585,5,44,273777,245917.00,41308,38809.50,Balanced week,Fri
586,1,32,585931,395850.50,79115,65157.50,Christmas-driven,Mon
586,2,45,747943,532963.50,105703,88716.50,Christmas-driven,Tue
586,3,45,738797,569161.50,109849,96084.50,Christmas-driven,Wed
586,4,38,549212,441406.50,83061,74508.00,Christmas-driven,Thu
586,5,42,589217,526928.50,89902,87026.50,Christmas-driven,Fri
587,1,29,370756,219984.00,24685,17108.00,Balanced week,Mon
587,2,39,399854,279166.50,27008,21117.50,Balanced week,Tue
587,3,39,377741,294941.50,26316,22126.00,Balanced week,Wed
587,4,31,298606,229877.50,21523,17499.00,Balanced week,Thu
587,5,36,379614,320907.00,26323,22935.50,Balanced week,Fri
588,1,36,285058,198376.00,28168,23212.00,Christmas-driven,Mon
588,2,45,298276,231196.50,30842,27468.50,Christmas-driven,Tue
588,3,45,278396,232234.00,29385,26860.50,Christmas-driven,Wed
588,4,40,263356,218837.50,28200,25492.00,Christmas-driven,Thu
588,5,44,302850,271074.50,32887,31152.00,Christmas-driven,Fri
589,1,36,259891,137791.50,23865,16909.50,Christmas-driven,Mon
589,2,44,261975,161002.50,25394,19596.50,Christmas-driven,Tue
589,3,44,235045,158905.00,23813,19341.50,Christmas-driven,Wed
589,4,37,188634,133650.00,19788,16349.00,Christmas-driven,Thu
589,5,43,214406,164138.50,22166,19414.50,Christmas-driven,Fri
590,1,35,222236,144146.00,15853,12164.00,Balanced week,Mon
590,2,45,225618,166488.50,16557,13923.00,Balanced week,Tue
590,3,45,216482,167985.00,16685,14425.00,Balanced week,Wed
590,4,38,188033,148179.00,14767,12750.50,Balanced week,Thu
590,5,42,227191,192172.50,17539,15916.00,Balanced week,Fri
591,1,35,261897,180857.50,21315,17138.50,Weekday/promo-sensitive,Mon
591,2,45,290509,216525.00,24824,20994.50,Weekday/promo-sensitive,Tue
591,3,45,270098,216819.50,23077,20581.50,Weekday/promo-sensitive,Wed
591,4,38,228091,184104.00,19950,17596.00,Weekday/promo-sensitive,Thu
591,5,42,281607,246505.50,24672,22477.50,Weekday/promo-sensitive,Fri
592,1,36,216789,140967.00,24566,19650.50,Weekday/promo-sensitive,Mon
592,2,45,248282,171493.50,29298,24095.00,Weekday/promo-sensitive,Tue
592,3,45,220098,169198.50,26661,23414.50,Weekday/promo-sensitive,Wed
592,4,38,212213,174554.00,27612,24831.50,Weekday/promo-sensitive,Thu
592,5,42,194558,168139.00,24774,22785.50,Weekday/promo-sensitive,Fri
593,1,36,441195,300423.50,52151,42291.00,Christmas-driven,Mon
593,2,45,487811,363844.50,58836,50959.50,Christmas-driven,Tue
593,3,45,424828,351817.50,53146,48770.00,Christmas-driven,Wed
593,4,40,465624,385738.00,60744,55104.00,Christmas-driven,Thu
593,5,44,381502,366922.00,50473,49823.50,Christmas-driven,Fri
594,1,36,213515,149721.00,21426,17592.50,Weekday/promo-sensitive,Mon
594,2,45,236274,174658.00,25075,20920.00,Weekday/promo-sensitive,Tue
594,3,45,212943,168445.00,22651,19975.50,Weekday/promo-sensitive,Wed
594,4,40,180416,150641.50,20054,17921.50,Weekday/promo-sensitive,Thu
594,5,44,196268,172206.50,21622,20094.50,Weekday/promo-sensitive,Fri
595,1,36,712522,449085.00,73963,58271.00,Balanced week,Mon
595,2,45,753542,531798.00,82721,69156.50,Balanced week,Tue
595,3,45,707707,546793.50,80098,70241.00,Balanced week,Wed
595,4,40,586281,474539.00,68332,60698.50,Balanced week,Thu
595,5,44,652686,599017.00,77230,73531.00,Balanced week,Fri
596,1,36,206063,144016.50,28398,24045.00,Christmas-driven,Mon
596,2,45,231094,168907.50,33257,28629.00,Christmas-driven,Tue
596,3,45,215995,168285.50,31707,28076.50,Christmas-driven,Wed
596,4,40,181831,147563.00,27545,24750.50,Christmas-driven,Thu
596,5,44,197674,174337.50,30669,28609.00,Christmas-driven,Fri
597,1,36,221692,158273.00,29696,24156.00,Christmas-driven,Mon
597,2,45,264099,194964.00,36216,30691.50,Christmas-driven,Tue
597,3,45,243048,189904.50,34049,29603.00,Christmas-driven,Wed
597,4,38,193638,160088.00,28075,25160.00,Christmas-driven,Thu
597,5,42,216119,190297.00,31267,29025.00,Christmas-driven,Fri
598,1,29,221130,158455.50,26582,21850.50,Balanced week,Mon
598,2,39,262628,189018.50,31604,26489.50,Balanced week,Tue
598,3,39,235554,183443.50,29787,25783.00,Balanced week,Wed
598,4,31,185025,149782.00,23605,20728.00,Balanced week,Thu
598,5,36,224051,185874.50,27395,24131.00,Balanced week,Fri
599,1,36,441960,291511.50,36330,28025.00,Balanced week,Mon
599,2,45,452607,326977.00,38957,31708.50,Balanced week,Tue
599,3,45,437639,336307.00,38155,32565.00,Balanced week,Wed
599,4,40,391237,296235.50,34307,28498.50,Balanced week,Thu
599,5,44,459181,394423.50,40935,36959.50,Balanced week,Fri
600,1,36,334299,199196.00,26110,19720.00,Balanced week,Mon
600,2,45,330023,228758.50,26786,22597.00,Balanced week,Tue
600,3,45,323076,239627.50,26745,23377.50,Balanced week,Wed
600,4,40,291498,224153.00,24990,21601.50,Balanced week,Thu
600,5,44,344095,297242.50,29974,27702.50,Balanced week,Fri
601,1,36,228185,137600.50,16320,12680.00,Balanced week,Mon
601,2,45,238326,163031.00,17796,14744.50,Balanced week,Tue
601,3,45,228877,170697.00,17437,14993.50,Balanced week,Wed
601,4,38,183939,141449.00,14516,12480.00,Balanced week,Thu
601,5,44,247526,194812.00,18960,16641.00,Balanced week,Fri
602,1,36,315210,196890.50,28200,21517.00,Balanced week,Mon
602,2,45,335397,237892.50,30540,25446.00,Balanced week,Tue
602,3,45,314708,233786.50,28991,24884.00,Balanced week,Wed
602,4,38,254024,204020.00,24655,21665.00,Balanced week,Thu
602,5,44,298526,242138.50,28710,25423.00,Balanced week,Fri
603,1,33,316845,176140.50,36635,27777.50,Weekday/promo-sensitive,Mon
603,2,43,386680,237758.00,47686,36541.00,Weekday/promo-sensitive,Tue
603,3,43,339901,232259.00,43749,36159.00,Weekday/promo-sensitive,Wed
603,4,36,275786,199452.00,36775,31421.50,Weekday/promo-sensitive,Thu
603,5,40,282697,220080.50,37058,32593.50,Weekday/promo-sensitive,Fri
604,1,29,324912,191037.00,21751,15549.50,Balanced week,Mon
604,2,39,357077,235823.50,24120,18723.50,Balanced week,Tue
604,3,39,328066,241382.00,22864,19098.50,Balanced week,Wed
604,4,31,266078,199816.50,19077,16107.00,Balanced week,Thu
604,5,36,323018,267962.00,23680,21044.50,Balanced week,Fri
605,1,35,336627,182703.50,20867,15298.50,Balanced week,Mon
605,2,45,357026,230144.00,23386,18323.00,Balanced week,Tue
605,3,45,331322,236539.00,22536,18928.50,Balanced week,Wed
605,4,38,279440,207215.50,19567,16669.00,Balanced week,Thu
605,5,42,344762,262293.50,24036,20373.50,Balanced week,Fri
606,1,36,294557,191479.00,28198,22578.50,Weekday/promo-sensitive,Mon
606,2,45,322402,224427.50,32477,26611.00,Weekday/promo-sensitive,Tue
606,3,45,299453,225187.00,30619,26147.50,Weekday/promo-sensitive,Wed
606,4,40,250064,199645.00,26369,23064.00,Weekday/promo-sensitive,Thu
606,5,44,273698,234113.00,28969,26869.00,Weekday/promo-sensitive,Fri
607,1,36,262047,108160.00,23408,13905.00,Weekday/promo-sensitive,Mon
607,2,45,261426,134344.00,24838,16775.50,Weekday/promo-sensitive,Tue
607,3,45,213933,129187.50,21262,15874.00,Weekday/promo-sensitive,Wed
607,4,38,175575,114128.00,18219,14198.50,Weekday/promo-sensitive,Thu
607,5,43,197339,150512.00,22078,18782.50,Weekday/promo-sensitive,Fri
608,1,35,520215,276007.00,46424,31617.50,Weekday/promo-sensitive,Mon
608,2,45,580706,367154.00,55484,41911.50,Weekday/promo-sensitive,Tue
608,3,45,469810,344258.50,45667,38430.00,Weekday/promo-sensitive,Wed
608,4,38,402396,312511.50,40447,35116.50,Weekday/promo-sensitive,Thu
608,5,43,408009,357340.00,42197,39610.00,Weekday/promo-sensitive,Fri
609,1,36,229767,170094.50,22709,19487.00,Weekday/promo-sensitive,Mon
609,2,45,250982,193678.50,26432,22839.50,Weekday/promo-sensitive,Tue
609,3,45,225283,190971.50,24214,22238.00,Weekday/promo-sensitive,Wed
609,4,40,198114,163284.00,21608,19228.00,Weekday/promo-sensitive,Thu
609,5,44,228223,199901.00,24979,22958.50,Weekday/promo-sensitive,Fri
610,1,36,245244,119009.00,26308,16760.00,Weekday/promo-sensitive,Mon
610,2,45,245608,152792.50,27681,20415.00,Weekday/promo-sensitive,Tue
610,3,45,206779,147894.50,24451,20150.50,Weekday/promo-sensitive,Wed
610,4,38,164817,128582.00,20450,17469.50,Weekday/promo-sensitive,Thu
610,5,42,189030,157784.00,23832,21218.50,Weekday/promo-sensitive,Fri
611,1,29,214430,155207.50,16854,13813.50,Balanced week,Mon
611,2,39,252301,195444.50,20205,17259.50,Balanced week,Tue
611,3,39,238324,197888.50,19491,17447.00,Balanced week,Wed
611,4,31,173152,152888.00,14763,13692.50,Balanced week,Thu
611,5,36,215516,188638.00,18224,16629.50,Balanced week,Fri
612,1,29,267468,152369.00,15153,10558.00,Balanced week,Mon
612,2,39,284803,185098.50,16445,12696.00,Balanced week,Tue
612,3,39,266508,192294.50,15742,12912.00,Balanced week,Wed
612,4,31,226471,161624.00,13679,10979.50,Balanced week,Thu
612,5,36,294834,223239.50,17576,14451.00,Balanced week,Fri
613,1,36,326844,208497.50,41875,33828.50,Christmas-driven,Mon
613,2,45,345100,240068.00,46771,39664.50,Christmas-driven,Tue
613,3,45,308106,243312.00,43874,39692.00,Christmas-driven,Wed
613,4,38,251947,201603.00,36712,32785.00,Christmas-driven,Thu
613,5,43,286972,250030.50,41518,39526.50,Christmas-driven,Fri
614,1,36,298836,217798.50,38142,32806.00,Christmas-driven,Mon
614,2,45,346670,259468.00,45949,39554.50,Christmas-driven,Tue
614,3,44,311324,243696.00,43014,37318.00,Christmas-driven,Wed
614,4,36,242799,201305.00,34401,30750.50,Christmas-driven,Thu
614,5,43,278705,247572.50,39897,37401.50,Christmas-driven,Fri
615,1,36,476525,282545.50,53028,40469.00,Balanced week,Mon
615,2,45,517901,345150.50,61344,49177.50,Balanced week,Tue
615,3,45,470985,346550.50,57628,49077.50,Balanced week,Wed
615,4,38,372478,296517.00,46869,41444.50,Balanced week,Thu
615,5,44,434263,367432.50,54431,50241.00,Balanced week,Fri
616,1,36,417369,265548.00,36751,28508.00,Weekday/promo-sensitive,Mon
616,2,45,457575,329609.50,42204,35416.50,Weekday/promo-sensitive,Tue
616,3,45,416217,321183.50,39021,34206.00,Weekday/promo-sensitive,Wed
616,4,38,350287,284314.00,33839,29934.50,Weekday/promo-sensitive,Thu
616,5,42,404980,350752.00,38787,35900.50,Weekday/promo-sensitive,Fri
617,1,36,345734,208226.50,28194,20676.50,Weekday/promo-sensitive,Mon
617,2,45,346408,241157.00,30086,24137.00,Weekday/promo-sensitive,Tue
617,3,44,315378,239679.50,27312,23828.50,Weekday/promo-sensitive,Wed
617,4,36,250307,196126.00,22280,19356.00,Weekday/promo-sensitive,Thu
617,5,43,312499,275253.50,28527,26762.00,Weekday/promo-sensitive,Fri
618,1,36,320083,198417.00,21481,16030.00,Balanced week,Mon
618,2,45,327569,233932.00,23042,18894.50,Balanced week,Tue
618,3,45,311002,235478.50,22257,18821.50,Balanced week,Wed
618,4,38,258613,206145.50,18966,16217.50,Balanced week,Thu
618,5,44,328312,276274.50,24036,21567.00,Balanced week,Fri
619,1,29,199334,106663.00,17280,12457.00,Weekday/promo-sensitive,Mon
619,2,39,226159,139216.00,20281,15614.00,Weekday/promo-sensitive,Tue
619,3,39,205641,139098.00,19115,15811.00,Weekday/promo-sensitive,Wed
619,4,31,150380,109254.00,14515,12377.00,Weekday/promo-sensitive,Thu
619,5,36,179409,135114.50,17683,15041.50,Weekday/promo-sensitive,Fri
620,1,29,270244,197906.00,23587,19766.00,Balanced week,Mon
620,2,39,316244,245803.00,28205,24194.50,Balanced week,Tue
620,3,39,304582,251844.00,27076,24386.50,Balanced week,Wed
620,4,31,229332,196797.00,21033,18932.50,Balanced week,Thu
620,5,36,299229,256844.50,26705,24057.50,Balanced week,Fri
621,1,36,274014,172950.50,34337,25994.00,Balanced week,Mon
621,2,45,328839,206957.50,41450,31542.50,Balanced week,Tue
621,3,45,307189,215472.00,39685,31612.00,Balanced week,Wed
621,4,38,244505,178608.50,32406,26100.50,Balanced week,Thu
621,5,42,272853,216478.00,36691,31458.00,Balanced week,Fri
622,1,36,214450,143703.50,19318,15746.50,Christmas-driven,Mon
622,2,45,216993,164527.50,20423,18125.00,Christmas-driven,Tue
622,3,45,206464,168801.50,20049,18309.50,Christmas-driven,Wed
622,4,40,190741,152403.50,18781,16748.00,Christmas-driven,Thu
622,5,44,216017,190406.00,21178,20018.00,Christmas-driven,Fri
623,1,34,330028,211817.50,34859,27550.50,Weekday/promo-sensitive,Mon
623,2,43,371909,267231.00,40732,34066.00,Weekday/promo-sensitive,Tue
623,3,44,335470,283715.50,38378,33651.50,Weekday/promo-sensitive,Wed
623,4,36,277189,227441.00,31429,27834.50,Weekday/promo-sensitive,Thu
623,5,40,328745,294652.50,37857,36036.00,Weekday/promo-sensitive,Fri
624,1,36,371175,229135.00,31946,23943.00,Weekday/promo-sensitive,Mon
624,2,45,368453,265527.50,33903,28154.50,Weekday/promo-sensitive,Tue
624,3,45,338986,267635.50,32024,28398.00,Weekday/promo-sensitive,Wed
624,4,38,283196,240000.50,28232,25522.50,Weekday/promo-sensitive,Thu
624,5,42,320797,287997.50,31321,29523.50,Weekday/promo-sensitive,Fri
625,1,36,342967,189886.50,29005,20486.50,Weekday/promo-sensitive,Mon
625,2,45,354543,228321.00,32248,24707.50,Weekday/promo-sensitive,Tue
625,3,45,321862,229796.00,29737,24868.50,Weekday/promo-sensitive,Wed
625,4,38,260438,196401.00,24961,21343.00,Weekday/promo-sensitive,Thu
625,5,42,290508,234216.00,27577,24516.00,Weekday/promo-sensitive,Fri
626,1,36,510257,259940.50,40139,25023.50,Weekday/promo-sensitive,Mon
626,2,45,489260,302569.50,39867,28761.00,Weekday/promo-sensitive,Tue
626,3,44,444141,313447.00,36937,29804.50,Weekday/promo-sensitive,Wed
626,4,36,380431,275187.00,33484,26742.00,Weekday/promo-sensitive,Thu
626,5,43,432146,372000.00,39147,35661.50,Weekday/promo-sensitive,Fri
627,1,36,303842,171351.50,27370,19199.50,Balanced week,Mon
627,2,45,301568,195783.00,28823,22258.50,Balanced week,Tue
627,3,45,286443,196845.00,27925,22624.50,Balanced week,Wed
627,4,38,231807,166063.00,23030,18789.50,Balanced week,Thu
627,5,44,275019,216822.50,27844,23681.00,Balanced week,Fri
628,1,36,331714,204165.00,36404,27820.50,Weekday/promo-sensitive,Mon
628,2,45,348110,232842.00,39706,31906.00,Weekday/promo-sensitive,Tue
628,3,45,318787,236656.50,38017,32242.50,Weekday/promo-sensitive,Wed
628,4,40,263307,210791.00,31977,28072.50,Weekday/promo-sensitive,Thu
628,5,44,286391,273562.50,35103,33690.00,Weekday/promo-sensitive,Fri
629,1,29,299934,195225.50,24501,18046.00,Christmas-driven,Mon
629,2,39,330940,235597.00,27176,22127.50,Christmas-driven,Tue
629,3,39,310737,240769.50,26720,22815.00,Christmas-driven,Wed
629,4,31,242120,193629.00,21054,18297.50,Christmas-driven,Thu
629,5,36,317070,268971.00,27601,24743.00,Christmas-driven,Fri
630,1,36,382087,215084.50,37757,27860.50,Weekday/promo-sensitive,Mon
630,2,45,421176,280737.00,45290,36810.50,Weekday/promo-sensitive,Tue
630,3,45,352850,265299.50,38850,33989.00,Weekday/promo-sensitive,Wed
630,4,36,289690,224640.50,32780,28993.50,Weekday/promo-sensitive,Thu
630,5,43,322320,264546.50,36805,33672.00,Weekday/promo-sensitive,Fri
631,1,36,259851,174302.50,28101,22640.00,Balanced week,Mon
631,2,45,286061,207678.50,31415,27308.00,Balanced week,Tue
631,3,45,255811,200116.00,28758,25752.50,Balanced week,Wed
631,4,40,225350,183985.00,26322,23608.50,Balanced week,Thu
631,5,44,242823,219437.50,28159,26948.00,Balanced week,Fri
632,1,36,317688,220049.50,37826,30858.00,Balanced week,Mon
632,2,45,339713,255629.50,41601,35846.50,Balanced week,Tue
632,3,45,329745,253049.50,40546,35599.00,Balanced week,Wed
632,4,40,284418,225275.50,36160,30981.00,Balanced week,Thu
632,5,44,309776,269576.00,39682,36797.50,Balanced week,Fri
633,1,29,232490,172084.00,16613,14039.50,Balanced week,Mon
633,2,39,282073,213570.00,20159,17358.50,Balanced week,Tue
633,3,39,266443,226370.00,19694,18190.00,Balanced week,Wed
633,4,31,211845,181534.50,15808,14554.00,Balanced week,Thu
633,5,36,297816,260178.50,21923,20347.00,Balanced week,Fri
634,1,36,412662,199437.50,35108,21913.50,Weekday/promo-sensitive,Mon
634,2,45,377161,235388.50,33662,25436.50,Weekday/promo-sensitive,Tue
634,3,44,334153,236244.50,31019,25070.00,Weekday/promo-sensitive,Wed
634,4,36,271975,202601.50,26459,22329.00,Weekday/promo-sensitive,Thu
634,5,43,306589,258820.00,30467,27896.50,Weekday/promo-sensitive,Fri
635,1,35,351850,160416.50,30197,18960.50,Weekday/promo-sensitive,Mon
635,2,45,390666,224386.50,37327,26269.50,Weekday/promo-sensitive,Tue
635,3,45,299321,201699.00,28400,22456.00,Weekday/promo-sensitive,Wed
635,4,38,265258,187764.50,26616,21429.50,Weekday/promo-sensitive,Thu
635,5,43,288685,240950.00,30419,27131.50,Weekday/promo-sensitive,Fri
636,1,29,310182,114461.00,30212,16801.50,Weekday/promo-sensitive,Mon
636,2,39,317604,148151.00,33063,21440.00,Weekday/promo-sensitive,Tue
636,3,39,264967,151364.00,29830,21539.00,Weekday/promo-sensitive,Wed
636,4,31,195995,120684.50,22684,17222.00,Weekday/promo-sensitive,Thu
636,5,36,243234,161955.50,28300,22084.00,Weekday/promo-sensitive,Fri
637,1,29,324958,217350.50,23407,18792.50,Balanced week,Mon
637,2,39,382716,284659.00,29037,25103.00,Balanced week,Tue
637,3,39,356180,280677.50,27173,24247.50,Balanced week,Wed
637,4,31,294462,235869.50,23138,20656.00,Balanced week,Thu
637,5,36,359117,302500.00,27423,24855.00,Balanced week,Fri
638,1,29,209969,135548.50,16052,12498.00,Balanced week,Mon
638,2,39,258976,181368.00,19935,16387.50,Balanced week,Tue
638,3,39,248170,188876.50,19797,16808.00,Balanced week,Wed
638,4,31,193822,151959.50,16044,13783.50,Balanced week,Thu
638,5,36,251373,212885.50,20516,18496.00,Balanced week,Fri
639,1,36,254369,131790.00,22524,15591.00,Weekday/promo-sensitive,Mon
639,2,45,274479,175735.50,25670,20244.50,Weekday/promo-sensitive,Tue
639,3,45,251552,179609.00,24373,20629.50,Weekday/promo-sensitive,Wed
639,4,38,195241,149658.00,19760,16865.00,Weekday/promo-sensitive,Thu
639,5,42,233711,192849.00,23929,21494.00,Weekday/promo-sensitive,Fri
640,1,36,573861,335166.00,39167,27943.00,Balanced week,Mon
640,2,45,589856,389659.00,41370,32612.00,Balanced week,Tue
640,3,45,566626,403180.00,40826,33564.50,Balanced week,Wed
640,4,38,453090,341658.50,33738,28499.50,Balanced week,Thu
640,5,42,528164,435109.50,40000,35562.50,Balanced week,Fri
641,1,36,319329,168801.50,26134,17889.00,Weekday/promo-sensitive,Mon
641,2,45,334851,202317.50,28579,21272.50,Weekday/promo-sensitive,Tue
641,3,45,291206,199490.00,25732,20718.00,Weekday/promo-sensitive,Wed
641,4,38,261850,188876.00,25004,20462.00,Weekday/promo-sensitive,Thu
641,5,42,257160,207747.50,23914,21086.00,Weekday/promo-sensitive,Fri
642,1,36,164518,103309.50,19069,15103.50,Christmas-driven,Mon
642,2,45,194985,137660.00,24145,20141.00,Christmas-driven,Tue
642,3,45,192451,145448.50,24280,21221.00,Christmas-driven,Wed
642,4,38,142103,112038.50,18185,16046.00,Christmas-driven,Thu
642,5,42,151302,128629.50,19430,17824.00,Christmas-driven,Fri
643,1,36,373292,234724.50,42608,33642.00,Balanced week,Mon
643,2,45,446672,292039.50,53067,42321.50,Balanced week,Tue
643,3,45,382554,281258.50,46132,39487.50,Balanced week,Wed
643,4,40,331433,262756.00,41670,36684.50,Balanced week,Thu
643,5,44,380053,334405.00,48256,45624.50,Balanced week,Fri
644,1,24,252082,176955.00,26322,22197.00,Christmas-driven,Mon
644,2,34,326635,235621.50,33707,29212.50,Christmas-driven,Tue
644,3,34,306328,244597.00,33038,29861.00,Christmas-driven,Wed
644,4,26,229884,188480.00,25374,22955.50,Christmas-driven,Thu
644,5,31,317073,274296.00,34582,31991.50,Christmas-driven,Fri
645,1,35,520614,293025.50,56902,40174.00,Balanced week,Mon
645,2,45,588093,368346.50,66774,50375.00,Balanced week,Tue
645,3,45,540172,375131.50,63403,50456.50,Balanced week,Wed
645,4,38,431678,322451.50,52665,43554.50,Balanced week,Thu
645,5,42,454623,368306.00,55875,48862.00,Balanced week,Fri
646,1,29,187421,130726.50,24207,19714.00,Balanced week,Mon
646,2,39,227910,169677.00,29769,25495.00,Balanced week,Tue
646,3,39,211880,171003.00,28751,25538.00,Balanced week,Wed
646,4,31,165628,137024.50,22890,20548.50,Balanced week,Thu
646,5,36,189131,166039.50,26454,24431.50,Balanced week,Fri
647,1,36,305388,175810.00,31290,23136.50,Balanced week,Mon
647,2,45,304829,203109.00,33268,26843.50,Balanced week,Tue
647,3,45,276433,200509.00,30871,26339.00,Balanced week,Wed
647,4,40,248163,189762.00,28196,24296.00,Balanced week,Thu
647,5,44,285506,243935.50,33622,30933.50,Balanced week,Fri
648,1,36,323577,198312.00,27064,20436.50,Balanced week,Mon
648,2,45,332173,222640.00,28581,22824.50,Balanced week,Tue
648,3,45,314977,228557.00,27814,23135.50,Balanced week,Wed
648,4,40,279964,205589.00,25226,20926.50,Balanced week,Thu
648,5,44,325350,263527.00,29950,25858.50,Balanced week,Fri
649,1,35,215829,108775.50,19797,13399.50,Weekday/promo-sensitive,Mon
649,2,45,215321,131921.00,20736,15842.50,Weekday/promo-sensitive,Tue
649,3,45,191251,137950.00,19018,15855.00,Weekday/promo-sensitive,Wed
649,4,38,156302,117641.00,16482,13916.00,Weekday/promo-sensitive,Thu
649,5,43,183570,153796.00,19341,17700.50,Weekday/promo-sensitive,Fri
650,1,29,234941,164163.00,22328,18306.00,Balanced week,Mon
650,2,39,284255,198349.00,27424,22493.50,Balanced week,Tue
650,3,39,257235,205797.50,25786,22937.50,Balanced week,Wed
650,4,31,190844,159778.00,19511,17853.00,Balanced week,Thu
650,5,36,248537,204104.00,25305,22450.50,Balanced week,Fri
651,1,36,362383,240495.50,41224,32029.50,Balanced week,Mon
651,2,45,390848,274368.50,45573,36960.50,Balanced week,Tue
651,3,45,370794,281906.00,43971,37355.50,Balanced week,Wed
651,4,38,289999,222706.00,35297,30055.00,Balanced week,Thu
651,5,42,332239,279397.00,41870,37416.00,Balanced week,Fri
652,1,36,393606,179110.00,34398,21372.00,Weekday/promo-sensitive,Mon
652,2,45,366995,217203.50,34310,25209.50,Weekday/promo-sensitive,Tue
652,3,45,322340,219488.50,30884,25239.00,Weekday/promo-sensitive,Wed
652,4,38,289728,206519.00,29611,24066.00,Weekday/promo-sensitive,Thu
652,5,43,310471,253949.00,31876,28431.50,Weekday/promo-sensitive,Fri
653,1,36,297803,180667.50,22286,17080.50,Weekday/promo-sensitive,Mon
653,2,45,321731,218370.50,24947,20655.00,Weekday/promo-sensitive,Tue
653,3,45,280667,207951.00,22230,19307.50,Weekday/promo-sensitive,Wed
653,4,38,236022,183376.50,19528,17170.00,Weekday/promo-sensitive,Thu
653,5,42,281499,234992.00,23783,21557.00,Weekday/promo-sensitive,Fri
654,1,36,399531,212757.50,36581,25924.50,Weekday/promo-sensitive,Mon
654,2,45,396732,250738.50,38513,30381.50,Weekday/promo-sensitive,Tue
654,3,44,334229,241299.00,33335,28801.50,Weekday/promo-sensitive,Wed
654,4,36,256945,194608.00,26935,23427.00,Weekday/promo-sensitive,Thu
654,5,43,290556,238999.00,30633,27822.50,Weekday/promo-sensitive,Fri
655,1,36,445541,220777.00,33850,21145.50,Balanced week,Mon
655,2,45,405470,249377.50,32128,23903.50,Balanced week,Tue
655,3,45,380420,260446.50,31057,24137.00,Balanced week,Wed
655,4,38,308725,225776.50,26588,21320.50,Balanced week,Thu
655,5,42,355638,295800.00,30495,26496.00,Balanced week,Fri
656,1,36,150846,96618.50,16169,12613.50,Balanced week,Mon
656,2,45,172278,118440.00,18702,15112.00,Balanced week,Tue
656,3,45,153016,118879.50,17227,14984.00,Balanced week,Wed
656,4,38,132921,101214.50,14767,12390.00,Balanced week,Thu
656,5,44,160310,125878.50,17926,15641.50,Balanced week,Fri
657,1,36,331722,172613.50,36828,24204.00,Balanced week,Mon
657,2,41,302342,180735.50,35617,25976.50,Balanced week,Tue
657,3,45,306046,200052.00,37378,28379.50,Balanced week,Wed
657,4,38,238399,173490.50,30026,23984.00,Balanced week,Thu
657,5,42,261541,222240.50,33160,29701.50,Balanced week,Fri
658,1,36,331415,179971.00,27920,20310.00,Weekday/promo-sensitive,Mon
658,2,45,329079,216406.00,30082,24254.50,Weekday/promo-sensitive,Tue
658,3,45,307422,221648.00,28759,24597.50,Weekday/promo-sensitive,Wed
658,4,38,262949,198488.50,25078,21416.50,Weekday/promo-sensitive,Thu
658,5,42,289228,232089.00,27832,24967.00,Weekday/promo-sensitive,Fri
659,1,36,294297,174964.00,30575,24114.50,Weekday/promo-sensitive,Mon
659,2,45,324933,217573.00,36020,29728.00,Weekday/promo-sensitive,Tue
659,3,45,300522,210392.50,34498,28874.50,Weekday/promo-sensitive,Wed
659,4,38,236983,176380.00,27812,24194.00,Weekday/promo-sensitive,Thu
659,5,44,254734,211313.00,30438,27706.00,Weekday/promo-sensitive,Fri
660,1,29,221604,114533.00,20389,14160.50,Weekday/promo-sensitive,Mon
660,2,39,236978,146513.50,23683,17808.00,Weekday/promo-sensitive,Tue
660,3,39,203068,143969.50,21186,17475.00,Weekday/promo-sensitive,Wed
660,4,31,160221,119805.50,17054,14427.00,Weekday/promo-sensitive,Thu
660,5,36,192050,151446.50,20611,17677.50,Weekday/promo-sensitive,Fri
661,1,34,305057,207399.50,23490,18942.50,Balanced week,Mon
661,2,43,336681,249588.50,26666,22672.00,Balanced week,Tue
661,3,43,316285,246560.50,25396,22161.50,Balanced week,Wed
661,4,36,255332,205806.50,20894,18416.00,Balanced week,Thu
661,5,42,314937,263280.00,25137,22463.00,Balanced week,Fri
662,1,36,497522,224720.00,39221,23904.00,Weekday/promo-sensitive,Mon
662,2,45,490335,260875.50,39838,27478.00,Weekday/promo-sensitive,Tue
662,3,45,441102,280441.50,36970,28152.00,Weekday/promo-sensitive,Wed
662,4,40,361199,235067.50,32370,24680.50,Weekday/promo-sensitive,Thu
662,5,44,409714,302386.00,36977,30170.00,Weekday/promo-sensitive,Fri
663,1,32,176525,133549.50,22353,19432.00,Christmas-driven,Mon
663,2,42,217446,172162.00,28475,24771.50,Christmas-driven,Tue
663,3,42,198795,172709.00,27011,25304.00,Christmas-driven,Wed
663,4,36,166670,141438.00,22327,20841.00,Christmas-driven,Thu
663,5,39,184005,172466.00,25410,24890.00,Christmas-driven,Fri
664,1,35,271622,141590.00,28737,19426.50,Weekday/promo-sensitive,Mon
664,2,45,268275,167152.50,30247,22845.00,Weekday/promo-sensitive,Tue
664,3,45,236840,174832.50,28025,23685.50,Weekday/promo-sensitive,Wed
664,4,38,201508,147134.50,23963,19932.50,Weekday/promo-sensitive,Thu
664,5,43,229624,203456.50,28063,26267.00,Weekday/promo-sensitive,Fri
665,1,34,394778,233454.00,51128,40382.50,Weekday/promo-sensitive,Mon
665,2,43,450432,294753.50,62380,51147.50,Weekday/promo-sensitive,Tue
665,3,43,405273,294667.00,59032,50709.50,Weekday/promo-sensitive,Wed
665,4,36,327864,246169.00,49051,42673.00,Weekday/promo-sensitive,Thu
665,5,42,372592,306649.00,58621,53329.00,Weekday/promo-sensitive,Fri
666,1,35,353865,172008.00,28490,18016.00,Balanced week,Mon
666,2,45,367003,208283.50,31182,21911.50,Balanced week,Tue
666,3,45,336060,211940.50,29595,22102.50,Balanced week,Wed
666,4,38,274387,180839.50,24918,18874.50,Balanced week,Thu
666,5,42,326875,237872.50,29325,23946.50,Balanced week,Fri
667,1,36,478783,262842.00,37513,26561.00,Balanced week,Mon
667,2,45,459984,297174.00,37822,30004.00,Balanced week,Tue
667,3,45,417941,298332.50,35594,30161.00,Balanced week,Wed
667,4,38,346497,259818.00,30673,25912.50,Balanced week,Thu
667,5,44,411918,337933.00,36730,32858.50,Balanced week,Fri
668,1,36,444148,268477.50,50585,38871.50,Balanced week,Mon
668,2,45,472880,320670.50,55972,46038.00,Balanced week,Tue
668,3,45,438413,326832.00,54111,46396.00,Balanced week,Wed
668,4,40,364783,285495.00,46118,40466.50,Balanced week,Thu
668,5,44,411193,356773.50,52983,48667.50,Balanced week,Fri
669,1,29,160189,104515.50,12605,9879.00,Balanced week,Mon
669,2,39,180487,134502.50,14348,12455.50,Balanced week,Tue
669,3,39,185209,147788.50,15685,14007.50,Balanced week,Wed
669,4,31,146874,117175.50,12455,11050.00,Balanced week,Thu
669,5,36,193497,164044.00,16417,15118.50,Balanced week,Fri
670,1,29,269991,169307.50,25824,19756.50,Weekday/promo-sensitive,Mon
670,2,39,316353,211583.50,30781,24729.00,Weekday/promo-sensitive,Tue
670,3,39,288337,214730.50,28953,24972.00,Weekday/promo-sensitive,Wed
670,4,30,205127,162509.50,21342,18946.00,Weekday/promo-sensitive,Thu
670,5,36,264556,210803.50,27347,23821.50,Weekday/promo-sensitive,Fri
671,1,29,219645,153536.00,20573,17239.00,Weekday/promo-sensitive,Mon
671,2,39,279801,196170.50,26065,21729.50,Weekday/promo-sensitive,Tue
671,3,39,247245,193924.50,23934,21423.50,Weekday/promo-sensitive,Wed
671,4,31,192960,154619.50,19200,17103.50,Weekday/promo-sensitive,Thu
671,5,36,234395,192087.00,22563,20331.00,Weekday/promo-sensitive,Fri
672,1,36,397309,260073.50,56298,44026.00,Christmas-driven,Mon
672,2,45,442831,310622.50,64539,53143.00,Christmas-driven,Tue
672,3,44,406182,300733.50,59980,51662.00,Christmas-driven,Wed
672,4,36,321594,248540.50,48300,41373.00,Christmas-driven,Thu
672,5,43,378629,328484.00,58394,55024.00,Christmas-driven,Fri
673,1,35,334767,202959.50,25385,18549.00,Christmas-driven,Mon
673,2,45,357762,245395.50,28015,22337.00,Christmas-driven,Tue
673,3,45,332375,250243.00,26253,22398.00,Christmas-driven,Wed
673,4,38,283797,220380.50,23248,19727.50,Christmas-driven,Thu
673,5,42,320474,264412.00,25844,22639.50,Christmas-driven,Fri
674,1,33,398073,229548.50,44111,32063.50,Weekday/promo-sensitive,Mon
674,2,41,384724,262427.50,43451,34757.50,Weekday/promo-sensitive,Tue
674,3,41,373274,287427.50,47390,40499.00,Weekday/promo-sensitive,Wed
674,4,34,279824,229290.50,33562,29649.50,Weekday/promo-sensitive,Thu
674,5,39,371399,324736.00,48397,44548.50,Weekday/promo-sensitive,Fri
675,1,36,233184,116280.00,20455,13892.50,Weekday/promo-sensitive,Mon
675,2,45,233963,144363.00,22275,17090.00,Weekday/promo-sensitive,Tue
675,3,45,201581,145396.00,19785,16852.50,Weekday/promo-sensitive,Wed
675,4,38,236299,184658.50,25905,22703.50,Weekday/promo-sensitive,Thu
675,5,42,195093,156306.00,19456,17420.50,Weekday/promo-sensitive,Fri
676,1,35,266204,231368.50,60118,57595.00,Sunday-trading,Mon
676,2,44,334685,290071.00,76214,72450.00,Sunday-trading,Tue
676,3,44,326003,288879.00,75798,72333.00,Sunday-trading,Wed
676,4,37,269817,239221.50,63903,59548.00,Sunday-trading,Thu
676,5,43,323563,307046.50,77239,74710.00,Sunday-trading,Fri
677,1,29,330732,187782.50,23428,16542.50,Christmas-driven,Mon
677,2,39,348080,238109.00,25834,20680.50,Christmas-driven,Tue
677,3,39,335657,243792.00,25484,20932.00,Christmas-driven,Wed
677,4,31,261095,197372.50,20268,16926.00,Christmas-driven,Thu
677,5,36,324204,257970.00,25177,21748.00,Christmas-driven,Fri
678,1,36,389900,227308.50,38859,28198.00,Weekday/promo-sensitive,Mon
678,2,45,384031,251356.00,41309,32357.50,Weekday/promo-sensitive,Tue
678,3,45,346871,248112.50,38915,31857.00,Weekday/promo-sensitive,Wed
678,4,38,290439,231739.00,32706,27600.00,Weekday/promo-sensitive,Thu
678,5,42,317428,280557.00,36202,33077.00,Weekday/promo-sensitive,Fri
679,1,36,495263,332518.50,48011,38833.00,Weekday/promo-sensitive,Mon
679,2,45,509590,366544.00,51092,42371.50,Weekday/promo-sensitive,Tue
679,3,45,489677,377169.50,50642,44241.50,Weekday/promo-sensitive,Wed
679,4,40,405303,323412.00,42190,37367.50,Weekday/promo-sensitive,Thu
679,5,44,470299,411774.00,50610,46951.00,Weekday/promo-sensitive,Fri
680,1,36,205729,157395.50,30061,25731.50,Christmas-driven,Mon
680,2,45,238582,181018.00,34816,30391.50,Christmas-driven,Tue
680,3,45,230070,189048.00,34379,31190.00,Christmas-driven,Wed
680,4,40,190560,165121.00,29095,27166.00,Christmas-driven,Thu
680,5,44,215416,215532.50,32964,33216.00,Christmas-driven,Fri
681,1,36,168031,111053.50,20641,16854.50,Christmas-driven,Mon
681,2,44,193096,139292.50,24987,21334.00,Christmas-driven,Tue
681,3,44,174322,134465.00,23397,20727.00,Christmas-driven,Wed
681,4,38,144433,115355.00,19740,18200.00,Christmas-driven,Thu
681,5,41,151175,131918.50,21054,19802.00,Christmas-driven,Fri
682,1,36,581022,388770.50,77944,65750.50,Sunday-trading,Mon
682,2,45,658014,483232.50,93354,81645.50,Sunday-trading,Tue
682,3,45,622884,480072.50,90558,80480.50,Sunday-trading,Wed
682,4,40,540799,426598.50,80799,71653.00,Sunday-trading,Thu
682,5,44,583803,477532.00,89622,79324.50,Sunday-trading,Fri
683,1,36,479879,289468.50,41704,31247.50,Weekday/promo-sensitive,Mon
683,2,45,512841,346857.50,46748,36981.00,Weekday/promo-sensitive,Tue
683,3,45,460730,342211.50,42780,36164.50,Weekday/promo-sensitive,Wed
683,4,40,407169,316822.00,38796,33287.00,Weekday/promo-sensitive,Thu
683,5,44,431726,369323.00,40805,37336.00,Weekday/promo-sensitive,Fri
684,1,29,320287,162651.00,22071,14334.00,Balanced week,Mon
684,2,39,347594,207409.50,25101,18057.50,Balanced week,Tue
684,3,39,304209,214908.50,23293,18687.50,Balanced week,Wed
684,4,31,233828,170387.50,18170,14716.50,Balanced week,Thu
684,5,36,288812,233572.00,23047,19942.00,Balanced week,Fri
685,1,36,416381,194706.50,32130,20315.50,Weekday/promo-sensitive,Mon
685,2,45,413848,247362.50,34290,25911.50,Weekday/promo-sensitive,Tue
685,3,45,363500,253057.00,31119,26205.50,Weekday/promo-sensitive,Wed
685,4,38,287480,216989.00,25667,22083.50,Weekday/promo-sensitive,Thu
685,5,42,319287,256528.00,30038,26754.00,Weekday/promo-sensitive,Fri
686,1,36,387204,190607.00,38879,26195.00,Weekday/promo-sensitive,Mon
686,2,45,385642,244324.50,43819,33833.50,Weekday/promo-sensitive,Tue
686,3,44,301449,220007.00,35146,29249.00,Weekday/promo-sensitive,Wed
686,4,36,259225,203736.50,32135,27655.50,Weekday/promo-sensitive,Thu
686,5,43,281046,237705.50,34620,31892.50,Weekday/promo-sensitive,Fri
687,1,36,385985,250120.50,31490,24063.50,Balanced week,Mon
687,2,45,424424,288108.50,35137,27752.50,Balanced week,Tue
687,3,45,399357,304112.50,33984,28932.00,Balanced week,Wed
687,4,38,323655,251253.50,28253,24085.00,Balanced week,Thu
687,5,42,365982,315173.00,31625,28772.50,Balanced week,Fri
688,1,35,197911,98576.00,17609,11645.00,Weekday/promo-sensitive,Mon
688,2,45,218346,133225.50,20105,15255.00,Weekday/promo-sensitive,Tue
688,3,45,186422,129696.50,17681,14489.50,Weekday/promo-sensitive,Wed
688,4,38,162284,119544.50,15980,13482.00,Weekday/promo-sensitive,Thu
688,5,43,179758,155025.00,18602,17244.50,Weekday/promo-sensitive,Fri
689,1,36,363186,208547.50,31857,23342.00,Balanced week,Mon
689,2,45,379709,249021.50,34868,27627.00,Balanced week,Tue
689,3,45,346531,244356.50,32404,27137.00,Balanced week,Wed
689,4,38,303023,216501.00,29502,24548.50,Balanced week,Thu
689,5,44,363344,280929.00,36089,31563.00,Balanced week,Fri
690,1,36,274782,173514.00,34516,27271.00,Christmas-driven,Mon
690,2,45,321677,208588.50,41573,33069.00,Christmas-driven,Tue
690,3,45,287121,206730.00,38615,31984.50,Christmas-driven,Wed
690,4,38,230651,176942.50,31955,27652.00,Christmas-driven,Thu
690,5,42,246485,197281.00,34170,30188.50,Christmas-driven,Fri
691,1,36,419226,232178.50,27901,19116.00,Balanced week,Mon
691,2,45,409523,268422.00,27933,21751.00,Balanced week,Tue
691,3,45,389721,284418.50,27388,22806.00,Balanced week,Wed
691,4,38,345678,254336.50,25219,20858.00,Balanced week,Thu
691,5,42,397655,332314.00,28823,25758.50,Balanced week,Fri
692,1,36,397001,201712.50,41441,28108.50,Weekday/promo-sensitive,Mon
692,2,45,402416,244992.50,44774,33836.00,Weekday/promo-sensitive,Tue
692,3,45,343471,230716.00,39508,31285.00,Weekday/promo-sensitive,Wed
692,4,38,284781,207798.50,33828,28007.00,Weekday/promo-sensitive,Thu
692,5,42,287161,232994.50,34451,30622.50,Weekday/promo-sensitive,Fri
693,1,36,453775,152233.00,28788,13464.50,Weekday/promo-sensitive,Mon
693,2,45,424050,189548.50,28378,16296.00,Weekday/promo-sensitive,Tue
693,3,45,349840,187662.50,24607,16387.50,Weekday/promo-sensitive,Wed
693,4,38,281707,171496.00,20657,14523.50,Weekday/promo-sensitive,Thu
693,5,44,334161,218147.00,25105,18291.50,Weekday/promo-sensitive,Fri
694,1,29,289082,194793.50,25921,21061.50,Balanced week,Mon
694,2,39,358004,245596.50,31909,25893.50,Balanced week,Tue
694,3,39,329561,247584.00,30436,26184.00,Balanced week,Wed
694,4,31,251132,198296.50,23505,20420.50,Balanced week,Thu
694,5,36,309963,248466.00,28714,25165.50,Balanced week,Fri
695,1,36,343524,151045.00,27734,16609.50,Weekday/promo-sensitive,Mon
695,2,45,318242,182346.50,28176,20031.00,Weekday/promo-sensitive,Tue
695,3,45,281826,183531.50,25524,19788.50,Weekday/promo-sensitive,Wed
695,4,38,242317,171188.00,23233,18882.00,Weekday/promo-sensitive,Thu
695,5,42,263852,197646.00,24620,20742.00,Weekday/promo-sensitive,Fri
696,1,36,368398,253019.00,42898,34735.00,Christmas-driven,Mon
696,2,45,423979,295449.00,51139,41845.00,Christmas-driven,Tue
696,3,45,387690,295439.50,47284,40847.50,Christmas-driven,Wed
696,4,40,341955,269864.50,43061,37654.50,Christmas-driven,Thu
696,5,44,356566,314094.00,44706,41809.50,Christmas-driven,Fri
697,1,36,532014,311944.00,44222,32725.50,Balanced week,Mon
697,2,45,553706,364946.00,47681,38046.50,Balanced week,Tue
697,3,45,514027,378334.00,46105,39031.50,Balanced week,Wed
697,4,38,416853,323161.00,38628,33356.50,Balanced week,Thu
697,5,42,491804,410923.00,45573,40653.00,Balanced week,Fri
698,1,36,703949,547056.00,81322,70706.50,Balanced week,Mon
698,2,45,762958,623982.00,91596,82152.00,Balanced week,Tue
698,3,45,731578,614899.50,88664,80735.50,Balanced week,Wed
698,4,40,632747,532959.50,77868,70427.50,Balanced week,Thu
698,5,44,688437,630797.50,86144,81067.50,Balanced week,Fri
699,1,36,373726,246871.00,40401,32055.50,Balanced week,Mon
699,2,45,440112,310587.00,48832,39684.00,Balanced week,Tue
699,3,45,386131,299841.00,44429,38479.00,Balanced week,Wed
699,4,38,320688,252642.00,37542,32175.00,Balanced week,Thu
699,5,44,383214,325309.00,45138,40854.00,Balanced week,Fri
700,1,36,238111,141115.50,24553,18898.00,Christmas-driven,Mon
700,2,44,246627,165478.50,27408,22439.00,Christmas-driven,Tue
700,3,44,214486,161133.50,25129,21486.50,Christmas-driven,Wed
700,4,38,181371,144818.50,22223,19839.50,Christmas-driven,Thu
700,5,43,210789,177407.00,25654,23403.00,Christmas-driven,Fri
701,1,29,254821,125673.00,23264,15958.00,Balanced week,Mon
701,2,39,285168,158641.00,27354,20074.50,Balanced week,Tue
701,3,39,251662,161930.50,25492,20157.00,Balanced week,Wed
701,4,31,191157,128808.00,19913,16042.50,Balanced week,Thu
701,5,36,234460,168492.00,24423,20336.50,Balanced week,Fri
702,1,29,176735,98974.50,12786,8728.50,Christmas-driven,Mon
702,2,39,205805,127811.00,14824,10983.00,Christmas-driven,Tue
702,3,39,191658,131246.00,14411,11490.00,Christmas-driven,Wed
702,4,31,146348,107445.00,11378,9337.00,Christmas-driven,Thu
702,5,36,186650,142016.00,14576,12024.50,Christmas-driven,Fri
703,1,36,172016,95112.50,16212,11671.50,Weekday/promo-sensitive,Mon
703,2,45,196220,120969.50,18876,14379.00,Weekday/promo-sensitive,Tue
703,3,45,167210,118730.00,16937,14101.00,Weekday/promo-sensitive,Wed
703,4,38,136895,100684.00,14340,11976.00,Weekday/promo-sensitive,Thu
703,5,42,156066,121133.50,16615,14410.00,Weekday/promo-sensitive,Fri
704,1,36,516207,357267.50,49291,40407.00,Weekday/promo-sensitive,Mon
704,2,45,548506,414694.00,54938,47245.00,Weekday/promo-sensitive,Tue
704,3,45,502856,398452.50,50980,44911.00,Weekday/promo-sensitive,Wed
704,4,40,437123,358792.00,45353,40350.50,Weekday/promo-sensitive,Thu
704,5,44,488516,431513.50,50748,47266.00,Weekday/promo-sensitive,Fri
705,1,36,451646,251273.50,46759,34036.00,Weekday/promo-sensitive,Mon
705,2,45,451423,293398.50,50144,39776.50,Weekday/promo-sensitive,Tue
705,3,45,410329,288578.50,46967,39224.50,Weekday/promo-sensitive,Wed
705,4,38,329271,258021.50,39384,34547.50,Weekday/promo-sensitive,Thu
705,5,42,357993,303857.00,42760,39128.50,Weekday/promo-sensitive,Fri
706,1,29,220626,130162.50,18173,13137.50,Balanced week,Mon
706,2,39,238774,163860.00,20074,16184.50,Balanced week,Tue
706,3,39,225436,169859.50,19708,16684.50,Balanced week,Wed
706,4,31,177753,138218.00,15985,13764.00,Balanced week,Thu
706,5,36,234659,195644.00,21001,18573.50,Balanced week,Fri
707,1,36,433100,265367.50,41916,31268.00,Weekday/promo-sensitive,Mon
707,2,45,471341,337156.00,51440,41681.00,Weekday/promo-sensitive,Tue
707,3,45,400979,311665.00,42167,35800.00,Weekday/promo-sensitive,Wed
707,4,38,326783,274371.00,35714,32017.00,Weekday/promo-sensitive,Thu
707,5,42,381555,360806.00,44771,43242.00,Weekday/promo-sensitive,Fri
708,1,31,164965,101279.00,15921,12060.00,Christmas-driven,Mon
708,2,39,185988,127428.00,17816,14611.50,Christmas-driven,Tue
708,3,38,167063,129707.00,16691,14836.00,Christmas-driven,Wed
708,4,30,134367,108418.00,14161,12533.50,Christmas-driven,Thu
708,5,37,185918,158169.00,19356,18000.00,Christmas-driven,Fri
709,1,36,512437,371250.00,61658,53073.00,Weekday/promo-sensitive,Mon
709,2,45,573725,440595.00,71960,63529.50,Weekday/promo-sensitive,Tue
709,3,45,522488,425162.00,67675,60686.00,Weekday/promo-sensitive,Wed
709,4,40,466182,376804.00,60580,54263.50,Weekday/promo-sensitive,Thu
709,5,44,468285,389779.50,60303,54390.00,Weekday/promo-sensitive,Fri
710,1,29,193661,95098.50,14036,8890.50,Balanced week,Mon
710,2,39,199775,122359.50,15038,10972.00,Balanced week,Tue
710,3,39,181540,127737.50,14403,11288.50,Balanced week,Wed
710,4,31,150834,105282.00,12218,9645.50,Balanced week,Thu
710,5,36,188202,148255.50,14993,12650.00,Balanced week,Fri
711,1,29,284276,159755.00,18197,12979.00,Balanced week,Mon
711,2,39,318052,206697.50,21512,17213.50,Balanced week,Tue
711,3,39,298710,210881.00,20697,17053.50,Balanced week,Wed
711,4,31,237919,173387.00,17091,14200.50,Balanced week,Thu
711,5,36,282673,222667.00,20628,17639.00,Balanced week,Fri
712,1,29,264746,159468.50,20820,15596.50,Balanced week,Mon
712,2,39,302032,205427.00,25610,20483.00,Balanced week,Tue
712,3,39,268040,205711.50,22983,20349.00,Balanced week,Wed
712,4,31,207748,167795.00,18071,16496.50,Balanced week,Thu
712,5,36,266601,217655.50,23089,20579.50,Balanced week,Fri
713,1,36,545028,306115.00,58705,41119.00,Weekday/promo-sensitive,Mon
713,2,45,564603,357174.50,64064,48227.50,Weekday/promo-sensitive,Tue
713,3,45,562158,401117.00,67619,54511.50,Weekday/promo-sensitive,Wed
713,4,38,416097,320902.00,49616,42269.00,Weekday/promo-sensitive,Thu
713,5,42,440358,385533.00,53223,49500.50,Weekday/promo-sensitive,Fri
714,1,35,197894,127366.00,13424,10233.50,Balanced week,Mon
714,2,45,214598,152569.00,14641,11980.00,Balanced week,Tue
714,3,45,209326,162210.00,14745,12630.00,Balanced week,Wed
714,4,38,168987,129572.50,12020,10238.00,Balanced week,Thu
714,5,42,210145,175241.00,14865,13495.00,Balanced week,Fri
715,1,35,372897,190852.50,34419,22321.50,Weekday/promo-sensitive,Mon
715,2,45,385240,242143.50,37495,28095.00,Weekday/promo-sensitive,Tue
715,3,45,368457,261342.50,37393,30635.50,Weekday/promo-sensitive,Wed
715,4,38,280044,212326.00,28531,24339.50,Weekday/promo-sensitive,Thu
715,5,43,314093,271424.00,33702,30849.50,Weekday/promo-sensitive,Fri
716,1,29,207369,134182.50,15178,11816.00,Balanced week,Mon
716,2,39,245813,167128.50,18105,14619.50,Balanced week,Tue
716,3,39,234298,173409.50,17611,15103.00,Balanced week,Wed
716,4,31,170905,132394.50,13277,11482.50,Balanced week,Thu
716,5,36,238952,194308.00,18440,16154.00,Balanced week,Fri
717,1,36,319133,153350.50,27676,17881.00,Balanced week,Mon
717,2,45,311983,173886.00,29126,20838.00,Balanced week,Tue
717,3,45,285008,178574.50,27172,20942.50,Balanced week,Wed
717,4,38,228752,151252.00,22739,17814.50,Balanced week,Thu
717,5,42,267939,192814.00,25981,21625.00,Balanced week,Fri
718,1,36,382529,256216.50,37982,30625.00,Balanced week,Mon
718,2,45,428560,307689.00,43835,36671.50,Balanced week,Tue
718,3,45,382923,297516.50,40011,35322.00,Balanced week,Wed
718,4,38,315887,252954.00,33754,30054.50,Balanced week,Thu
718,5,44,372807,316312.50,39798,36497.50,Balanced week,Fri
719,1,29,192375,131863.00,14791,12190.00,Christmas-driven,Mon
719,2,39,218767,166313.50,17305,15256.50,Christmas-driven,Tue
719,3,39,211620,162649.00,17004,14831.00,Christmas-driven,Wed
719,4,31,173501,136757.50,13805,12100.50,Christmas-driven,Thu
719,5,36,211858,185108.00,17826,16421.50,Christmas-driven,Fri
720,1,36,356529,214678.00,31011,23943.00,Christmas-driven,Mon
720,2,45,358290,246338.00,32726,27466.50,Christmas-driven,Tue
720,3,45,358008,271402.00,35398,30979.50,Christmas-driven,Wed
720,4,40,301449,236921.00,29300,25500.50,Christmas-driven,Thu
720,5,44,335059,291993.50,32546,30690.50,Christmas-driven,Fri
721,1,36,309940,239186.00,28987,25829.00,Christmas-driven,Mon
721,2,45,346687,280782.00,32712,30502.50,Christmas-driven,Tue
721,3,45,347198,287100.00,32862,30887.00,Christmas-driven,Wed
721,4,40,310959,257413.50,29681,27185.00,Christmas-driven,Thu
721,5,44,380577,326882.50,35535,33629.00,Christmas-driven,Fri
722,1,36,449519,309070.50,63340,53539.50,Balanced week,Mon
722,2,45,489469,369792.00,73820,64468.00,Balanced week,Tue
722,3,45,472587,376249.00,72724,64717.50,Balanced week,Wed
722,4,40,400182,334545.50,63601,57601.00,Balanced week,Thu
722,5,44,421535,392933.50,67859,66590.50,Balanced week,Fri
723,1,36,330368,199914.00,24293,17840.50,Balanced week,Mon
723,2,45,336320,237915.50,25378,20718.50,Balanced week,Tue
723,3,45,324280,238619.00,24992,20939.50,Balanced week,Wed
723,4,38,268786,210332.50,21218,18197.50,Balanced week,Thu
723,5,44,329495,267875.00,26025,22801.00,Balanced week,Fri
724,1,36,302906,219948.50,29176,24377.00,Weekday/promo-sensitive,Mon
724,2,45,335850,269396.00,33063,29096.00,Weekday/promo-sensitive,Tue
724,3,45,309443,266862.00,31115,28774.00,Weekday/promo-sensitive,Wed
724,4,38,271978,233564.50,28588,25954.00,Weekday/promo-sensitive,Thu
724,5,42,295961,278325.00,30578,29663.00,Weekday/promo-sensitive,Fri
725,1,36,249079,179789.00,24027,20605.50,Christmas-driven,Mon
725,2,45,270945,212051.50,26709,23844.50,Christmas-driven,Tue
725,3,45,250151,214992.00,25180,23701.00,Christmas-driven,Wed
725,4,40,247985,204684.50,25444,22844.00,Christmas-driven,Thu
725,5,44,279793,254898.00,28548,27395.50,Christmas-driven,Fri
726,1,36,621403,333032.50,53332,36549.50,Weekday/promo-sensitive,Mon
726,2,45,657942,410383.00,59751,44901.00,Weekday/promo-sensitive,Tue
726,3,44,554815,397568.00,51334,42515.00,Weekday/promo-sensitive,Wed
726,4,36,441600,332023.00,42213,35530.50,Weekday/promo-sensitive,Thu
726,5,43,504223,427719.00,50422,45255.50,Weekday/promo-sensitive,Fri
727,1,36,227643,141928.00,20743,16066.50,Weekday/promo-sensitive,Mon
727,2,45,257737,173747.50,23947,19175.00,Weekday/promo-sensitive,Tue
727,3,45,230218,173324.50,22215,19064.00,Weekday/promo-sensitive,Wed
727,4,38,189081,143455.50,18716,15792.00,Weekday/promo-sensitive,Thu
727,5,44,224757,186546.50,21947,19929.00,Weekday/promo-sensitive,Fri
728,1,35,219352,148704.50,17663,14359.50,Balanced week,Mon
728,2,45,238782,181548.00,19855,17411.50,Balanced week,Tue
728,3,45,226568,181622.50,18971,17256.50,Balanced week,Wed
728,4,38,202271,166803.50,17528,15733.00,Balanced week,Thu
728,5,42,247019,219567.00,21044,19880.50,Balanced week,Fri
729,1,36,564031,310285.50,50004,34995.50,Balanced week,Mon
729,2,45,581568,378098.00,56086,43987.00,Balanced week,Tue
729,3,45,504284,371436.00,49765,41925.00,Balanced week,Wed
729,4,38,393932,311915.50,40549,35612.50,Balanced week,Thu
729,5,42,481726,412857.50,49795,45863.00,Balanced week,Fri
730,1,36,367252,244067.50,41039,32583.00,Balanced week,Mon
730,2,45,409314,293832.00,48074,39526.50,Balanced week,Tue
730,3,45,385885,301025.50,45810,39959.50,Balanced week,Wed
730,4,40,326456,262708.00,38968,34291.00,Balanced week,Thu
730,5,44,362863,325080.00,44775,41994.50,Balanced week,Fri
731,1,36,507993,260435.50,43508,30303.00,Weekday/promo-sensitive,Mon
731,2,41,469764,300979.50,43562,34815.50,Weekday/promo-sensitive,Tue
731,3,45,483434,342060.50,46691,39693.50,Weekday/promo-sensitive,Wed
731,4,38,380150,284807.50,37777,32401.50,Weekday/promo-sensitive,Thu
731,5,42,412917,341062.00,42199,38170.00,Weekday/promo-sensitive,Fri
732,1,36,296736,235772.50,31188,28153.00,Summer/tourist,Mon
732,2,45,305573,258392.50,33298,31128.00,Summer/tourist,Tue
732,3,45,290468,249666.00,32327,30281.50,Summer/tourist,Wed
732,4,40,260049,228255.50,29686,27691.50,Summer/tourist,Thu
732,5,44,277439,263096.00,31547,31126.50,Summer/tourist,Fri
733,1,36,578353,510096.00,126039,122820.00,Sunday-trading,Mon
733,2,45,692076,607351.00,152842,146270.00,Sunday-trading,Tue
733,3,45,683134,611368.00,153860,146317.00,Sunday-trading,Wed
733,4,38,567064,525610.00,132522,127077.00,Sunday-trading,Thu
733,5,42,674146,639104.50,159305,153875.00,Sunday-trading,Fri
734,1,36,334618,171737.00,27733,18792.00,Balanced week,Mon
734,2,45,361218,222537.50,32324,24107.00,Balanced week,Tue
734,3,45,315942,211340.00,27998,22523.50,Balanced week,Wed
734,4,38,262201,187559.50,24431,19946.50,Balanced week,Thu
734,5,42,289303,230822.00,27707,23680.00,Balanced week,Fri
735,1,35,341290,145363.00,28538,16404.50,Balanced week,Mon
735,2,45,311238,177733.00,28521,20125.50,Balanced week,Tue
735,3,45,286783,182899.50,26599,20559.00,Balanced week,Wed
735,4,38,222440,156501.00,21709,17311.00,Balanced week,Thu
735,5,43,251845,201777.50,24856,21492.50,Balanced week,Fri
736,1,29,203195,130009.50,18192,14048.00,Balanced week,Mon
736,2,39,240650,150995.00,21290,16558.50,Balanced week,Tue
736,3,39,213557,155305.00,19858,16751.50,Balanced week,Wed
736,4,31,176689,134942.50,16785,14647.50,Balanced week,Thu
736,5,36,208022,164829.00,19308,16665.50,Balanced week,Fri
737,1,36,345744,184551.00,44752,29843.00,Weekday/promo-sensitive,Mon
737,2,45,348652,222246.50,48168,35843.00,Weekday/promo-sensitive,Tue
737,3,45,300842,216006.00,42852,34549.00,Weekday/promo-sensitive,Wed
737,4,38,248361,193287.00,36489,30577.50,Weekday/promo-sensitive,Thu
737,5,42,257732,234130.50,38182,35651.50,Weekday/promo-sensitive,Fri
738,1,36,390020,248313.00,29208,22440.50,Balanced week,Mon
738,2,45,420973,308079.50,32420,27501.00,Balanced week,Tue
738,3,45,386388,310037.50,31072,27606.00,Balanced week,Wed
738,4,38,327566,262844.50,26649,23311.00,Balanced week,Thu
738,5,42,390572,340214.00,31853,29665.50,Balanced week,Fri
739,1,29,402441,209922.50,28903,18452.00,Balanced week,Mon
739,2,39,440725,268194.00,32138,23282.50,Balanced week,Tue
739,3,39,402712,276899.50,30447,23944.50,Balanced week,Wed
739,4,31,307929,221177.50,23983,19099.50,Balanced week,Thu
739,5,36,388179,310308.50,30552,26065.00,Balanced week,Fri
740,1,36,343252,185983.50,22751,15031.00,Balanced week,Mon
740,2,45,362967,221177.00,24360,17857.50,Balanced week,Tue
740,3,45,344369,230324.50,23354,18249.50,Balanced week,Wed
740,4,38,269858,195693.50,19293,15464.00,Balanced week,Thu
740,5,44,343882,272094.00,24550,20725.50,Balanced week,Fri
741,1,36,391550,223539.50,40729,29445.00,Balanced week,Mon
741,2,45,413085,276388.50,46409,37012.50,Balanced week,Tue
741,3,45,354929,263335.50,40946,34589.00,Balanced week,Wed
741,4,40,322440,253064.50,39262,33129.50,Balanced week,Thu
741,5,44,325823,290142.00,39698,36384.00,Balanced week,Fri
742,1,36,430268,229513.00,40951,27986.00,Balanced week,Mon
742,2,45,407447,265556.50,40877,32179.00,Balanced week,Tue
742,3,45,384951,275603.00,39841,32977.50,Balanced week,Wed
742,4,38,306437,240067.50,33157,28351.00,Balanced week,Thu
742,5,42,357775,312875.00,38022,35071.00,Balanced week,Fri
743,1,36,229514,112331.00,21991,14120.00,Weekday/promo-sensitive,Mon
743,2,45,209463,134116.00,21398,16623.50,Weekday/promo-sensitive,Tue
743,3,44,189679,136297.00,19717,16603.00,Weekday/promo-sensitive,Wed
743,4,36,153656,113261.50,16353,13875.50,Weekday/promo-sensitive,Thu
743,5,43,191629,158763.00,20993,19050.50,Weekday/promo-sensitive,Fri
744,1,27,253399,184236.50,26641,21989.00,Christmas-driven,Mon
744,2,37,317242,231989.50,33305,27878.00,Christmas-driven,Tue
744,3,37,287383,234686.00,31621,28237.00,Christmas-driven,Wed
744,4,29,213921,172905.50,23835,20966.50,Christmas-driven,Thu
744,5,34,262219,224655.50,29135,26272.50,Christmas-driven,Fri
745,1,36,474349,224780.00,38359,23699.00,Weekday/promo-sensitive,Mon
745,2,45,448456,268382.50,38640,27938.00,Weekday/promo-sensitive,Tue
745,3,44,411410,288105.00,40508,32886.50,Weekday/promo-sensitive,Wed
745,4,36,305666,219244.50,27632,22856.00,Weekday/promo-sensitive,Thu
745,5,43,344727,283717.00,32479,29062.50,Weekday/promo-sensitive,Fri
746,1,36,312403,160662.50,22916,15645.00,Balanced week,Mon
746,2,45,302839,192142.00,23628,18437.50,Balanced week,Tue
746,3,45,294413,198396.00,23107,18729.00,Balanced week,Wed
746,4,38,243406,173487.00,20235,16294.00,Balanced week,Thu
746,5,44,286473,226909.00,23554,20434.50,Balanced week,Fri
747,1,35,382914,222635.50,30266,21482.00,Weekday/promo-sensitive,Mon
747,2,45,421970,278149.50,34432,26883.00,Weekday/promo-sensitive,Tue
747,3,45,374157,277691.00,31122,26504.00,Weekday/promo-sensitive,Wed
747,4,38,335731,257378.50,29063,24265.00,Weekday/promo-sensitive,Thu
747,5,43,380344,330054.50,33513,30663.00,Weekday/promo-sensitive,Fri
748,1,36,303889,151150.00,22449,14520.50,Balanced week,Mon
748,2,45,298965,180630.50,22975,16863.00,Balanced week,Tue
748,3,45,269136,187312.50,21816,17535.50,Balanced week,Wed
748,4,38,237569,171004.50,19487,16051.50,Balanced week,Thu
748,5,42,273479,225365.50,23159,20427.50,Balanced week,Fri
749,1,36,322312,169612.50,33687,23341.50,Weekday/promo-sensitive,Mon
749,2,45,310289,197029.50,34765,27327.00,Weekday/promo-sensitive,Tue
749,3,45,272548,192821.50,32237,26558.00,Weekday/promo-sensitive,Wed
749,4,38,217829,166788.50,26711,22739.00,Weekday/promo-sensitive,Thu
749,5,42,255929,212179.00,31744,28370.50,Weekday/promo-sensitive,Fri
750,1,29,191649,109274.50,13828,9977.50,Balanced week,Mon
750,2,39,220967,143641.50,16197,12422.00,Balanced week,Tue
750,3,39,207912,149764.00,15767,12826.00,Balanced week,Wed
750,4,31,162159,118462.00,12578,10311.50,Balanced week,Thu
750,5,36,202433,163022.00,15974,13862.00,Balanced week,Fri
751,1,36,218792,133551.50,24854,19158.00,Weekday/promo-sensitive,Mon
751,2,45,231294,158068.00,29051,23469.50,Weekday/promo-sensitive,Tue
751,3,45,216081,151931.00,28260,23266.00,Weekday/promo-sensitive,Wed
751,4,38,174314,128055.50,22494,19287.00,Weekday/promo-sensitive,Thu
751,5,42,175929,143651.00,23508,21321.50,Weekday/promo-sensitive,Fri
752,1,36,329651,151408.00,24943,14953.00,Balanced week,Mon
752,2,45,304259,175619.00,24723,17423.50,Balanced week,Tue
752,3,45,275566,183527.00,23129,18013.00,Balanced week,Wed
752,4,38,222598,157369.50,19662,15752.50,Balanced week,Thu
752,5,42,239515,191196.00,21196,18086.00,Balanced week,Fri
753,1,36,458569,257934.00,36056,25366.00,Balanced week,Mon
753,2,45,464483,299750.50,37885,29349.00,Balanced week,Tue
753,3,45,430951,297928.50,36201,29482.50,Balanced week,Wed
753,4,38,361931,264937.00,31237,25598.00,Balanced week,Thu
753,5,42,408018,328117.50,34702,30090.50,Balanced week,Fri
754,1,36,415689,248131.50,44745,32939.00,Christmas-driven,Mon
754,2,45,437918,291174.00,49806,39287.50,Christmas-driven,Tue
754,3,45,383797,282902.50,44133,37375.50,Christmas-driven,Wed
754,4,38,347319,268142.00,41761,35597.50,Christmas-driven,Thu
754,5,43,351701,312140.50,42513,40129.50,Christmas-driven,Fri
755,1,36,506598,326889.50,39541,30615.50,Weekday/promo-sensitive,Mon
755,2,45,530634,395821.50,43926,37370.00,Weekday/promo-sensitive,Tue
755,3,44,467511,375233.00,38836,34466.50,Weekday/promo-sensitive,Wed
755,4,38,411440,348684.50,35218,31679.50,Weekday/promo-sensitive,Thu
755,5,43,477170,454509.50,40435,40012.50,Weekday/promo-sensitive,Fri
756,1,36,711484,478870.00,87387,72595.00,Balanced week,Mon
756,2,45,803246,576426.00,104471,88421.50,Balanced week,Tue
756,3,45,772453,581202.50,102067,88655.50,Balanced week,Wed
756,4,38,612188,491268.50,84260,74911.50,Balanced week,Thu
756,5,42,709026,634973.50,98269,94639.00,Balanced week,Fri
757,1,35,302943,184535.00,23792,18115.00,Weekday/promo-sensitive,Mon
757,2,45,330875,224135.50,26716,21760.00,Weekday/promo-sensitive,Tue
757,3,45,304192,228555.00,25056,21705.50,Weekday/promo-sensitive,Wed
757,4,38,244080,188836.00,20775,18080.00,Weekday/promo-sensitive,Thu
757,5,42,286677,225094.50,23538,20595.00,Weekday/promo-sensitive,Fri
758,1,31,210999,139508.50,24806,20467.50,Weekday/promo-sensitive,Mon
758,2,45,254021,185729.50,31986,27463.00,Weekday/promo-sensitive,Tue
758,3,45,255260,194069.50,31466,27729.50,Weekday/promo-sensitive,Wed
758,4,38,204712,166247.50,26630,23730.00,Weekday/promo-sensitive,Thu
758,5,42,217811,187396.50,28056,25961.00,Weekday/promo-sensitive,Fri
759,1,36,384058,199376.50,37520,24727.00,Weekday/promo-sensitive,Mon
759,2,45,393235,237287.50,40080,29460.50,Weekday/promo-sensitive,Tue
759,3,45,374026,255996.00,39683,31774.50,Weekday/promo-sensitive,Wed
759,4,38,280978,207870.00,30501,25163.00,Weekday/promo-sensitive,Thu
759,5,42,327533,270497.50,35341,31877.00,Weekday/promo-sensitive,Fri
760,1,35,299357,261648.50,45253,43005.50,Balanced week,Mon
760,2,44,343026,302137.00,53802,51561.00,Balanced week,Tue
760,3,44,329936,298140.50,52658,50446.50,Balanced week,Wed
760,4,38,282830,258773.50,45943,43796.00,Balanced week,Thu
760,5,42,318057,306879.50,52660,51499.50,Balanced week,Fri
761,1,36,454241,292350.00,46961,35976.50,Weekday/promo-sensitive,Mon
761,2,45,473946,331180.50,51787,41205.50,Weekday/promo-sensitive,Tue
761,3,45,442924,332923.50,48909,40771.50,Weekday/promo-sensitive,Wed
761,4,40,375914,298973.00,42425,36164.00,Weekday/promo-sensitive,Thu
761,5,44,392165,352434.00,45206,41804.50,Weekday/promo-sensitive,Fri
762,1,34,178566,103927.00,16251,11461.00,Balanced week,Mon
762,2,44,179320,119109.50,17000,13217.50,Balanced week,Tue
762,3,43,168073,120597.00,16158,13295.00,Balanced week,Wed
762,4,36,143089,107142.50,14394,11952.00,Balanced week,Thu
762,5,40,163484,131956.50,15918,13956.00,Balanced week,Fri
763,1,36,295017,182703.00,25185,19413.00,Christmas-driven,Mon
763,2,45,294090,211834.00,26246,22121.50,Christmas-driven,Tue
763,3,45,290281,224080.00,25955,22941.00,Christmas-driven,Wed
763,4,40,258454,202206.50,23911,20879.50,Christmas-driven,Thu
763,5,44,299628,251691.50,28419,25972.50,Christmas-driven,Fri
764,1,36,153660,108312.50,16004,13439.00,Christmas-driven,Mon
764,2,44,186835,135544.00,19728,16556.50,Christmas-driven,Tue
764,3,44,171246,133361.50,18775,16584.50,Christmas-driven,Wed
764,4,37,145027,118217.50,16266,14674.00,Christmas-driven,Thu
764,5,41,162360,148392.50,18847,17885.50,Christmas-driven,Fri
765,1,35,387667,276904.50,30137,25360.00,Balanced week,Mon
765,2,45,448750,338607.00,35886,31261.00,Balanced week,Tue
765,3,45,404314,324157.50,32632,29214.00,Balanced week,Wed
765,4,38,348868,285738.00,28751,25957.50,Balanced week,Thu
765,5,42,377121,329146.50,31520,29186.50,Balanced week,Fri
766,1,29,235321,143413.00,18024,13388.00,Balanced week,Mon
766,2,39,256811,182558.50,20600,17051.50,Balanced week,Tue
766,3,39,252383,187923.00,20558,17277.00,Balanced week,Wed
766,4,31,195574,147186.50,16612,13721.50,Balanced week,Thu
766,5,36,248234,204478.50,21335,18724.50,Balanced week,Fri
767,1,36,327747,198918.50,29216,22735.00,Christmas-driven,Mon
767,2,45,322196,235845.00,31133,26937.50,Christmas-driven,Tue
767,3,45,288806,222654.50,28002,25250.50,Christmas-driven,Wed
767,4,40,257087,204947.00,26182,22970.50,Christmas-driven,Thu
767,5,44,312205,268441.00,32877,30318.50,Christmas-driven,Fri
768,1,36,705083,391393.50,64242,45633.00,Balanced week,Mon
768,2,45,694418,448821.00,66437,52503.50,Balanced week,Tue
768,3,45,628009,463733.50,62091,53033.50,Balanced week,Wed
768,4,40,555443,421514.00,56546,47886.50,Balanced week,Thu
768,5,44,588336,509185.50,60412,55749.00,Balanced week,Fri
769,1,36,424139,363860.50,113529,108124.50,Sunday-trading,Mon
769,2,45,484711,427903.50,140000,133423.00,Sunday-trading,Tue
769,3,45,503884,450574.00,142112,133320.00,Sunday-trading,Wed
769,4,38,402480,371749.00,120732,115960.50,Sunday-trading,Thu
769,5,42,500775,485838.00,144561,140844.50,Sunday-trading,Fri
770,1,36,353797,195185.00,35064,24854.50,Weekday/promo-sensitive,Mon
770,2,45,352693,233969.50,37555,29513.50,Weekday/promo-sensitive,Tue
770,3,45,323792,239257.50,34764,29495.00,Weekday/promo-sensitive,Wed
770,4,38,274720,214054.50,31246,26900.50,Weekday/promo-sensitive,Thu
770,5,42,287251,244040.00,32740,29688.00,Weekday/promo-sensitive,Fri
771,1,29,274905,179815.00,25437,19703.50,Balanced week,Mon
771,2,39,301396,218899.00,29351,24575.00,Balanced week,Tue
771,3,39,272294,221309.00,27098,24121.50,Balanced week,Wed
771,4,31,218805,182645.50,22607,20436.50,Balanced week,Thu
771,5,36,262955,226878.50,27082,24161.00,Balanced week,Fri
772,1,36,157695,111628.50,20047,16550.50,Balanced week,Mon
772,2,45,172796,129448.00,22237,19069.50,Balanced week,Tue
772,3,45,170368,134597.50,22105,19356.00,Balanced week,Wed
772,4,40,150426,120037.00,20446,17756.50,Balanced week,Thu
772,5,44,159761,140241.50,21196,20059.50,Balanced week,Fri
773,1,36,267675,204885.50,34285,29994.50,Weekday/promo-sensitive,Mon
773,2,45,298024,231419.00,39352,34893.00,Weekday/promo-sensitive,Tue
773,3,45,282390,236948.00,38761,35441.50,Weekday/promo-sensitive,Wed
773,4,38,233352,193959.00,32068,28873.00,Weekday/promo-sensitive,Thu
773,5,44,280136,243529.50,38416,35040.50,Weekday/promo-sensitive,Fri
774,1,36,265596,199074.50,31678,27357.50,Weekday/promo-sensitive,Mon
774,2,45,285702,223566.00,35282,31500.00,Weekday/promo-sensitive,Tue
774,3,45,263011,221509.50,33649,30928.50,Weekday/promo-sensitive,Wed
774,4,40,225849,193280.00,29620,27205.50,Weekday/promo-sensitive,Thu
774,5,44,241135,225035.00,31648,30427.50,Weekday/promo-sensitive,Fri
775,1,29,319540,217662.50,20772,16614.50,Balanced week,Mon
775,2,39,358343,271122.00,23870,20528.50,Balanced week,Tue
775,3,39,343658,272282.00,23451,20747.50,Balanced week,Wed
775,4,31,278195,227294.50,19565,17172.00,Balanced week,Thu
775,5,36,343332,291048.50,24146,21509.50,Balanced week,Fri
776,1,32,227425,124937.50,22166,15715.50,Balanced week,Mon
776,2,45,260630,168260.00,27067,20785.00,Balanced week,Tue
776,3,45,236133,170754.50,25235,20855.50,Balanced week,Wed
776,4,38,190988,143278.50,20961,17542.50,Balanced week,Thu
776,5,42,218413,186522.50,24285,22018.00,Balanced week,Fri
777,1,35,178565,110008.00,14272,10774.00,Balanced week,Mon
777,2,45,190467,133598.00,15717,12858.50,Balanced week,Tue
777,3,45,180855,138455.00,15158,13120.50,Balanced week,Wed
777,4,38,155334,116681.00,13146,11084.00,Balanced week,Thu
777,5,42,188125,157090.50,16321,14534.50,Balanced week,Fri
778,1,29,238800,145351.50,29370,22024.00,Christmas-driven,Mon
778,2,39,303976,187277.00,37494,28182.00,Christmas-driven,Tue
778,3,39,265821,185339.00,34422,27830.00,Christmas-driven,Wed
778,4,31,199447,145886.00,26480,22058.50,Christmas-driven,Thu
778,5,36,225206,176624.00,29511,25283.00,Christmas-driven,Fri
779,1,36,417704,212894.00,34496,23807.50,Weekday/promo-sensitive,Mon
779,2,45,439680,278880.50,41118,31956.00,Weekday/promo-sensitive,Tue
779,3,44,349811,250740.50,32299,27485.00,Weekday/promo-sensitive,Wed
779,4,36,288485,216533.00,27932,23941.50,Weekday/promo-sensitive,Thu
779,5,43,344933,289015.50,35481,32195.50,Weekday/promo-sensitive,Fri
780,1,36,360898,203868.00,37722,27367.00,Weekday/promo-sensitive,Mon
780,2,45,422907,272861.50,49071,38177.00,Weekday/promo-sensitive,Tue
780,3,44,311957,226379.50,35464,29729.00,Weekday/promo-sensitive,Wed
780,4,36,292147,221734.50,35869,30827.50,Weekday/promo-sensitive,Thu
780,5,43,286961,247072.00,34221,31737.00,Weekday/promo-sensitive,Fri
781,1,35,278407,143826.00,32651,22217.50,Weekday/promo-sensitive,Mon
781,2,45,308701,190285.00,38645,29063.50,Weekday/promo-sensitive,Tue
781,3,45,260998,182276.00,34233,27870.50,Weekday/promo-sensitive,Wed
781,4,38,203439,149176.00,27575,22721.50,Weekday/promo-sensitive,Thu
781,5,43,211626,176805.00,29093,25863.50,Weekday/promo-sensitive,Fri
782,1,36,254394,168641.50,21870,17326.00,Balanced week,Mon
782,2,45,261255,192834.00,23141,19498.50,Balanced week,Tue
782,3,45,255607,194944.00,23095,19919.00,Balanced week,Wed
782,4,38,219595,174822.50,19903,17555.50,Balanced week,Thu
782,5,42,248873,207673.50,22924,20386.00,Balanced week,Fri
783,1,36,329176,208709.50,29756,23025.50,Weekday/promo-sensitive,Mon
783,2,45,331686,246463.00,31118,26985.50,Weekday/promo-sensitive,Tue
783,3,45,304281,246006.00,29539,26850.00,Weekday/promo-sensitive,Wed
783,4,38,281832,232863.00,27282,24752.00,Weekday/promo-sensitive,Thu
783,5,43,333047,303046.00,32131,31307.50,Weekday/promo-sensitive,Fri
784,1,36,432253,228571.50,39265,27178.00,Christmas-driven,Mon
784,2,45,443035,292223.00,44078,34883.50,Christmas-driven,Tue
784,3,45,379385,283348.50,38304,32735.50,Christmas-driven,Wed
784,4,38,303162,239874.00,31548,27574.00,Christmas-driven,Thu
784,5,42,374560,320222.50,40407,37198.00,Christmas-driven,Fri
785,1,36,344105,177389.00,26394,17024.50,Balanced week,Mon
785,2,45,324051,198115.50,25295,18828.00,Balanced week,Tue
785,3,45,303028,205663.00,24723,19267.50,Balanced week,Wed
785,4,38,250159,182796.50,21861,17710.50,Balanced week,Thu
785,5,42,282052,229042.00,24385,21092.00,Balanced week,Fri
786,1,35,201420,118288.00,27422,20976.50,Weekday/promo-sensitive,Mon
786,2,45,227777,148054.00,33112,26168.50,Weekday/promo-sensitive,Tue
786,3,45,195138,141655.00,29101,24508.00,Weekday/promo-sensitive,Wed
786,4,38,158383,121443.50,24463,20790.00,Weekday/promo-sensitive,Thu
786,5,43,157186,130106.50,24277,21461.00,Weekday/promo-sensitive,Fri
787,1,36,493345,326228.50,51851,40194.50,Weekday/promo-sensitive,Mon
787,2,45,520299,369389.50,55358,45086.00,Weekday/promo-sensitive,Tue
787,3,44,482383,373056.50,51725,45141.50,Weekday/promo-sensitive,Wed
787,4,36,375800,297719.00,41220,35801.00,Weekday/promo-sensitive,Thu
787,5,43,485635,437371.50,54568,50951.00,Weekday/promo-sensitive,Fri
788,1,36,849692,612531.50,76762,63665.50,Balanced week,Mon
788,2,45,927952,705388.50,86032,73926.50,Balanced week,Tue
788,3,45,866190,700574.50,81970,72402.00,Balanced week,Wed
788,4,40,741731,612781.00,71469,63507.00,Balanced week,Thu
788,5,44,813731,720010.50,77548,72064.50,Balanced week,Fri
789,1,35,119917,118708.50,17158,17032.00,Weekday/promo-sensitive,Mon
789,2,45,154004,155492.00,22545,22149.50,Weekday/promo-sensitive,Tue
789,3,45,147699,149000.50,20724,21049.00,Weekday/promo-sensitive,Wed
789,4,38,127513,123877.00,18521,18056.00,Weekday/promo-sensitive,Thu
789,5,42,141153,147438.00,19507,19766.00,Weekday/promo-sensitive,Fri
790,1,36,346347,216892.50,28305,21963.00,Balanced week,Mon
790,2,45,346920,252427.50,29826,25071.00,Balanced week,Tue
790,3,45,332695,259692.00,29296,25840.00,Balanced week,Wed
790,4,38,281777,221092.00,25144,21649.00,Balanced week,Thu
790,5,44,358465,303621.00,32228,29262.00,Balanced week,Fri
791,1,36,413002,221760.00,38454,26282.50,Balanced week,Mon
791,2,45,419180,276226.00,42127,32591.50,Balanced week,Tue
791,3,45,368224,269206.50,37482,30990.00,Balanced week,Wed
791,4,38,300369,235325.00,32317,27424.00,Balanced week,Thu
791,5,42,327901,294715.50,35353,32466.00,Balanced week,Fri
792,1,36,429910,200497.00,33682,22296.50,Weekday/promo-sensitive,Mon
792,2,45,418523,246925.50,34472,26468.50,Weekday/promo-sensitive,Tue
792,3,45,393854,256851.00,34000,27758.50,Weekday/promo-sensitive,Wed
792,4,38,317444,225649.50,28449,24124.50,Weekday/promo-sensitive,Thu
792,5,42,355451,268114.50,32278,27940.00,Weekday/promo-sensitive,Fri
793,1,36,304739,125265.00,24400,13576.00,Balanced week,Mon
793,2,45,279065,143508.00,23271,15431.50,Balanced week,Tue
793,3,45,244019,146605.00,21356,15741.50,Balanced week,Wed
793,4,38,189382,126247.50,17674,13694.50,Balanced week,Thu
793,5,42,227326,164274.00,20973,17115.00,Balanced week,Fri
794,1,36,118679,114303.00,20276,19900.50,Weekday/promo-sensitive,Mon
794,2,45,137886,134141.50,23563,23037.00,Weekday/promo-sensitive,Tue
794,3,44,132434,131908.00,22656,22785.00,Weekday/promo-sensitive,Wed
794,4,36,113038,110719.00,19226,18971.50,Weekday/promo-sensitive,Thu
794,5,43,131899,141451.50,22326,23526.00,Weekday/promo-sensitive,Fri
795,1,36,250965,110293.00,22102,13373.00,Balanced week,Mon
795,2,45,267211,136380.00,24238,16000.50,Balanced week,Tue
795,3,45,249907,148366.00,24334,17627.00,Balanced week,Wed
795,4,38,181868,117557.50,17986,13494.00,Balanced week,Thu
795,5,42,212475,152661.50,20463,16775.50,Balanced week,Fri
796,1,36,385754,230639.00,31633,23505.50,Weekday/promo-sensitive,Mon
796,2,45,415504,277946.50,35150,28662.00,Weekday/promo-sensitive,Tue
796,3,45,365549,264735.50,32035,26863.00,Weekday/promo-sensitive,Wed
796,4,38,306527,236568.00,28724,25016.00,Weekday/promo-sensitive,Thu
796,5,42,323877,272032.00,29882,27101.00,Weekday/promo-sensitive,Fri
797,1,29,155611,97892.00,14079,10646.00,Balanced week,Mon
797,2,39,191463,127447.00,17385,13673.00,Balanced week,Tue
797,3,39,174224,132281.50,16545,13906.50,Balanced week,Wed
797,4,31,127418,99700.50,12579,10723.50,Balanced week,Thu
797,5,36,166519,134572.50,16354,13886.00,Balanced week,Fri
798,1,36,444467,241418.50,46280,32910.50,Weekday/promo-sensitive,Mon
798,2,45,454686,289827.50,51212,39947.50,Weekday/promo-sensitive,Tue
798,3,44,379165,278059.00,45511,38772.00,Weekday/promo-sensitive,Wed
798,4,36,296858,232928.00,35704,30835.50,Weekday/promo-sensitive,Thu
798,5,43,337815,296320.50,41370,38456.00,Weekday/promo-sensitive,Fri
799,1,36,464406,311174.50,39001,30194.00,Balanced week,Mon
799,2,45,491093,367210.00,42453,35724.50,Balanced week,Tue
799,3,45,459411,371142.00,40556,35794.00,Balanced week,Wed
799,4,38,368454,310760.00,33377,30090.00,Balanced week,Thu
799,5,42,425814,392690.00,38764,36514.00,Balanced week,Fri
800,1,36,258742,159318.50,22113,16263.50,Balanced week,Mon
800,2,45,265946,177253.50,22830,18170.50,Balanced week,Tue
800,3,45,261632,187400.50,23004,18900.50,Balanced week,Wed
800,4,38,218272,165667.00,20126,17021.00,Balanced week,Thu
800,5,42,247528,208316.00,22972,20677.00,Balanced week,Fri
801,1,36,262223,148685.00,22524,16240.00,Christmas-driven,Mon
801,2,45,251408,165586.00,22510,18123.00,Christmas-driven,Tue
801,3,45,229852,171573.50,21191,18263.00,Christmas-driven,Wed
801,4,40,206912,159822.00,20039,17185.00,Christmas-driven,Thu
801,5,44,235670,200094.50,22912,20957.50,Christmas-driven,Fri
802,1,36,343228,189799.00,23637,16618.50,Balanced week,Mon
802,2,45,347958,220170.50,24561,18712.50,Balanced week,Tue
802,3,45,327408,229550.00,23819,19375.50,Balanced week,Wed
802,4,40,296298,209855.00,22141,17556.00,Balanced week,Thu
802,5,44,337628,274966.50,25290,22146.00,Balanced week,Fri
803,1,34,295427,164969.00,21949,14979.50,Christmas-driven,Mon
803,2,43,311219,192994.50,23330,17154.50,Christmas-driven,Tue
803,3,43,294171,196549.00,22694,17536.00,Christmas-driven,Wed
803,4,36,232144,167325.00,18538,14911.00,Christmas-driven,Thu
803,5,42,277154,220493.50,22442,19267.00,Christmas-driven,Fri
804,1,29,171061,115338.00,13975,11315.50,Balanced week,Mon
804,2,39,206989,149497.00,17276,14230.50,Balanced week,Tue
804,3,39,190159,148962.00,16706,14364.50,Balanced week,Wed
804,4,31,152821,117097.00,13298,11391.00,Balanced week,Thu
804,5,36,189667,161894.50,16283,15097.00,Balanced week,Fri
805,1,29,267836,142975.00,22234,14819.50,Christmas-driven,Mon
805,2,39,269355,179145.50,23384,18360.50,Christmas-driven,Tue
805,3,39,268529,186461.50,23545,19252.00,Christmas-driven,Wed
805,4,31,207117,146469.00,18547,15137.50,Christmas-driven,Thu
805,5,36,256853,195457.00,23447,19581.50,Christmas-driven,Fri
806,1,29,307384,147008.50,21193,12558.50,Balanced week,Mon
806,2,39,332730,189188.00,23539,16158.50,Balanced week,Tue
806,3,39,314234,198951.00,22812,16840.00,Balanced week,Wed
806,4,31,228081,160165.50,17078,13546.50,Balanced week,Thu
806,5,36,271813,201800.00,20750,16403.00,Balanced week,Fri
807,1,36,450416,316065.00,41945,33770.50,Balanced week,Mon
807,2,45,485539,356430.00,46535,38785.50,Balanced week,Tue
807,3,45,458731,364439.00,44704,39046.00,Balanced week,Wed
807,4,38,364320,298240.50,36216,31900.00,Balanced week,Thu
807,5,44,455662,391086.00,44941,40333.50,Balanced week,Fri
808,1,36,356049,232425.00,27179,21128.50,Weekday/promo-sensitive,Mon
808,2,45,400319,279696.50,31062,25364.00,Weekday/promo-sensitive,Tue
808,3,44,360922,270648.50,28102,24375.00,Weekday/promo-sensitive,Wed
808,4,36,298189,235882.00,23750,20752.00,Weekday/promo-sensitive,Thu
808,5,43,339145,290701.50,28156,26244.50,Weekday/promo-sensitive,Fri
809,1,36,523555,254325.50,38001,24625.00,Weekday/promo-sensitive,Mon
809,2,45,555160,311209.00,41998,30410.50,Weekday/promo-sensitive,Tue
809,3,45,508896,327689.00,40083,31111.00,Weekday/promo-sensitive,Wed
809,4,38,386085,269274.00,32260,26132.00,Weekday/promo-sensitive,Thu
809,5,42,439374,335070.00,37239,31668.50,Weekday/promo-sensitive,Fri
810,1,36,276248,172215.50,20793,15460.00,Balanced week,Mon
810,2,45,283852,202590.00,21818,18177.50,Balanced week,Tue
810,3,45,272819,210270.50,21852,18907.00,Balanced week,Wed
810,4,38,231854,186016.50,18644,16379.50,Balanced week,Thu
810,5,42,271033,233790.00,22348,20425.00,Balanced week,Fri
811,1,36,191911,139810.50,28295,24636.00,Christmas-driven,Mon
811,2,45,202446,163141.50,31866,28985.50,Christmas-driven,Tue
811,3,45,185273,155847.00,30037,27746.50,Christmas-driven,Wed
811,4,40,168373,144035.50,27633,25578.00,Christmas-driven,Thu
811,5,44,177630,167277.50,29368,28593.00,Christmas-driven,Fri
812,1,36,359637,217773.50,39807,30039.50,Weekday/promo-sensitive,Mon
812,2,45,368839,253162.50,41738,33469.50,Weekday/promo-sensitive,Tue
812,3,44,324915,239092.50,37833,32100.00,Weekday/promo-sensitive,Wed
812,4,36,258974,196042.00,31028,26524.00,Weekday/promo-sensitive,Thu
812,5,43,294832,249578.00,36467,32854.50,Weekday/promo-sensitive,Fri
813,1,35,261960,199163.00,27554,23575.50,Weekday/promo-sensitive,Mon
813,2,45,291037,234126.00,31037,28042.00,Weekday/promo-sensitive,Tue
813,3,45,275987,229433.00,29908,27422.50,Weekday/promo-sensitive,Wed
813,4,38,229260,197981.50,25633,23524.50,Weekday/promo-sensitive,Thu
813,5,42,254250,219523.00,27938,25533.50,Weekday/promo-sensitive,Fri
814,1,36,475240,248969.00,34268,22637.50,Weekday/promo-sensitive,Mon
814,2,45,454580,294025.50,34512,26600.50,Weekday/promo-sensitive,Tue
814,3,45,398913,287006.50,31462,25897.50,Weekday/promo-sensitive,Wed
814,4,38,369328,275426.50,29820,25045.50,Weekday/promo-sensitive,Thu
814,5,43,416400,352780.50,34014,31189.50,Weekday/promo-sensitive,Fri
815,1,29,337571,222563.50,30113,23744.50,Christmas-driven,Mon
815,2,39,386160,262290.50,35135,27756.50,Christmas-driven,Tue
815,3,39,349240,267939.00,32631,27808.50,Christmas-driven,Wed
815,4,31,277895,219576.00,26577,23025.00,Christmas-driven,Thu
815,5,36,323576,268083.00,30615,26941.50,Christmas-driven,Fri
816,1,36,241268,161378.00,32236,25504.00,Balanced week,Mon
816,2,45,271652,200259.50,37822,31123.50,Balanced week,Tue
816,3,45,241620,188762.50,33922,29487.50,Balanced week,Wed
816,4,38,205053,164618.50,29389,25635.00,Balanced week,Thu
816,5,42,222252,207604.50,32277,30858.50,Balanced week,Fri
817,1,36,991084,776567.00,130253,118744.00,Weekday/promo-sensitive,Mon
817,2,45,1161097,942860.50,163273,144654.50,Weekday/promo-sensitive,Tue
817,3,45,1102976,935053.50,154480,142889.00,Weekday/promo-sensitive,Wed
817,4,40,950886,824299.00,135613,126007.50,Weekday/promo-sensitive,Thu
817,5,44,987483,891472.00,141970,134226.50,Weekday/promo-sensitive,Fri
818,1,36,357376,177866.50,32180,21499.00,Weekday/promo-sensitive,Mon
818,2,45,342310,206688.50,32729,24637.50,Weekday/promo-sensitive,Tue
818,3,45,309097,203706.50,30231,24157.50,Weekday/promo-sensitive,Wed
818,4,38,256324,174378.50,25665,20750.00,Weekday/promo-sensitive,Thu
818,5,44,296083,223582.50,29538,24962.50,Weekday/promo-sensitive,Fri
819,1,36,290030,194490.50,23963,19090.00,Balanced week,Mon
819,2,45,316992,239722.50,26608,23010.50,Balanced week,Tue
819,3,45,289637,231069.00,25036,22277.00,Balanced week,Wed
819,4,40,258068,209037.50,22660,20152.00,Balanced week,Thu
819,5,44,283199,251682.00,24569,23295.50,Balanced week,Fri
820,1,29,449157,311959.00,37827,30507.00,Balanced week,Mon
820,2,39,539303,387309.50,45729,37200.50,Balanced week,Tue
820,3,39,491819,396672.00,43445,38201.00,Balanced week,Wed
820,4,31,370041,306087.00,33163,29388.00,Balanced week,Thu
820,5,36,456340,394051.00,40511,36528.50,Balanced week,Fri
821,1,36,364562,224357.50,39371,30153.50,Weekday/promo-sensitive,Mon
821,2,45,382364,263645.00,44440,35535.50,Weekday/promo-sensitive,Tue
821,3,45,345130,258762.50,41253,34998.50,Weekday/promo-sensitive,Wed
821,4,40,293574,245200.50,36160,32498.50,Weekday/promo-sensitive,Thu
821,5,44,309133,289164.00,38196,36592.50,Weekday/promo-sensitive,Fri
822,1,36,420005,217775.50,30475,19941.50,Christmas-driven,Mon
822,2,45,410012,241814.50,30563,22122.00,Christmas-driven,Tue
822,3,45,382246,251666.00,29479,23025.50,Christmas-driven,Wed
822,4,40,321391,225074.50,25799,20293.00,Christmas-driven,Thu
822,5,44,358464,287222.00,29182,25396.00,Christmas-driven,Fri
823,1,36,279213,182093.50,24946,19960.50,Christmas-driven,Mon
823,2,45,303112,218776.50,27930,23764.00,Christmas-driven,Tue
823,3,45,277521,211920.50,26271,22985.50,Christmas-driven,Wed
823,4,40,251526,198255.50,24636,21650.00,Christmas-driven,Thu
823,5,44,282619,244737.00,27350,25673.50,Christmas-driven,Fri
824,1,36,327673,213371.00,37455,30374.50,Christmas-driven,Mon
824,2,45,367876,258450.00,44200,36601.00,Christmas-driven,Tue
824,3,45,344928,263866.00,42467,37088.50,Christmas-driven,Wed
824,4,40,291132,232749.00,36759,32588.50,Christmas-driven,Thu
824,5,44,295522,266084.50,37073,35504.50,Christmas-driven,Fri
825,1,29,174429,109627.50,18859,14172.50,Balanced week,Mon
825,2,39,210232,139965.50,23041,17998.50,Balanced week,Tue
825,3,39,189641,143056.50,21438,18225.50,Balanced week,Wed
825,4,31,144559,110096.00,16975,13950.50,Balanced week,Thu
825,5,36,174229,137261.00,20188,17235.50,Balanced week,Fri
826,1,32,387994,261959.00,31611,25104.00,Weekday/promo-sensitive,Mon
826,2,45,467156,340616.50,39226,32434.00,Weekday/promo-sensitive,Tue
826,3,45,422949,340925.50,35955,32121.50,Weekday/promo-sensitive,Wed
826,4,38,347815,290325.00,31171,28147.50,Weekday/promo-sensitive,Thu
826,5,42,400109,354180.00,34386,32604.00,Weekday/promo-sensitive,Fri
827,1,36,498731,413654.00,59809,55608.50,Christmas-driven,Mon
827,2,44,560764,470459.00,70771,64698.50,Christmas-driven,Tue
827,3,45,556392,477165.50,71006,65944.50,Christmas-driven,Wed
827,4,40,495166,419363.00,63054,58526.00,Christmas-driven,Thu
827,5,44,550584,525822.00,71575,72068.00,Christmas-driven,Fri
828,1,35,282812,158746.00,28623,19972.50,Weekday/promo-sensitive,Mon
828,2,45,294844,199945.50,31103,25035.00,Weekday/promo-sensitive,Tue
828,3,45,253477,193652.00,27961,24190.00,Weekday/promo-sensitive,Wed
828,4,38,213449,170916.00,24081,20852.00,Weekday/promo-sensitive,Thu
828,5,43,241338,212345.00,27447,25390.50,Weekday/promo-sensitive,Fri
829,1,36,289747,173480.50,33532,24560.00,Christmas-driven,Mon
829,2,45,324725,201643.50,39090,29396.00,Christmas-driven,Tue
829,3,45,287955,196097.00,36424,29315.50,Christmas-driven,Wed
829,4,38,239674,171518.50,30259,25150.00,Christmas-driven,Thu
829,5,44,267130,211772.50,35235,31351.00,Christmas-driven,Fri
830,1,36,332327,196844.00,25182,18260.50,Weekday/promo-sensitive,Mon
830,2,45,343077,232872.00,27816,21650.50,Weekday/promo-sensitive,Tue
830,3,44,322690,247213.00,28904,24677.00,Weekday/promo-sensitive,Wed
830,4,36,237886,184610.50,20208,17558.00,Weekday/promo-sensitive,Thu
830,5,43,284308,243453.50,23829,21666.50,Weekday/promo-sensitive,Fri
831,1,36,616667,377690.50,67816,52506.00,Weekday/promo-sensitive,Mon
831,2,45,750869,465263.50,84789,63935.00,Weekday/promo-sensitive,Tue
831,3,45,682831,468324.00,79964,63833.50,Weekday/promo-sensitive,Wed
831,4,38,541908,400258.00,66323,54607.00,Weekday/promo-sensitive,Thu
831,5,42,541763,453373.50,67306,59990.50,Weekday/promo-sensitive,Fri
832,1,36,318011,173975.50,23406,16340.50,Balanced week,Mon
832,2,45,332328,210704.50,25773,19835.00,Balanced week,Tue
832,3,45,305846,218141.50,24382,20252.50,Balanced week,Wed
832,4,38,250024,190365.00,20396,17436.00,Balanced week,Thu
832,5,44,321308,256742.50,26527,23502.00,Balanced week,Fri
833,1,36,276719,155645.50,22284,16220.50,Balanced week,Mon
833,2,45,298331,184290.00,24552,19030.50,Balanced week,Tue
833,3,45,276932,191633.00,23788,19836.00,Balanced week,Wed
833,4,38,218995,160816.00,19622,16505.00,Balanced week,Thu
833,5,42,265483,207229.50,23328,20235.50,Balanced week,Fri
834,1,36,326246,193001.50,31603,23662.50,Weekday/promo-sensitive,Mon
834,2,45,328244,218017.50,32951,26100.50,Weekday/promo-sensitive,Tue
834,3,45,296460,221274.00,31005,26248.00,Weekday/promo-sensitive,Wed
834,4,40,257694,202727.00,28131,24274.00,Weekday/promo-sensitive,Thu
834,5,44,278199,239218.50,30258,27794.50,Weekday/promo-sensitive,Fri
835,1,34,275533,146364.00,29781,21007.00,Balanced week,Mon
835,2,43,268475,173134.50,31642,24994.50,Balanced week,Tue
835,3,43,243670,173955.50,29665,24776.00,Balanced week,Wed
835,4,36,188921,146494.50,24024,20443.00,Balanced week,Thu
835,5,40,229288,197487.00,28832,26493.50,Balanced week,Fri
836,1,36,354109,207335.50,38079,27292.50,Weekday/promo-sensitive,Mon
836,2,45,350097,236495.50,40063,31222.50,Weekday/promo-sensitive,Tue
836,3,44,311040,229985.00,36321,30340.00,Weekday/promo-sensitive,Wed
836,4,36,238674,183705.50,28878,24616.00,Weekday/promo-sensitive,Thu
836,5,43,262768,224556.00,32552,29364.50,Weekday/promo-sensitive,Fri
837,1,33,140726,99798.00,17445,14520.00,Weekday/promo-sensitive,Mon
837,2,42,171594,132075.50,21720,18938.50,Weekday/promo-sensitive,Tue
837,3,42,145287,123742.00,19503,17792.50,Weekday/promo-sensitive,Wed
837,4,35,130832,108039.50,17264,15691.00,Weekday/promo-sensitive,Thu
837,5,40,160585,148870.50,22183,21162.50,Weekday/promo-sensitive,Fri
838,1,36,411378,250886.00,38193,28894.00,Weekday/promo-sensitive,Mon
838,2,45,414730,289500.00,39703,32991.50,Weekday/promo-sensitive,Tue
838,3,45,387027,298575.00,37629,33382.00,Weekday/promo-sensitive,Wed
838,4,38,311262,252141.00,31568,27976.50,Weekday/promo-sensitive,Thu
838,5,43,360902,309518.00,36200,33276.00,Weekday/promo-sensitive,Fri
839,1,36,284992,165066.00,31228,23289.00,Weekday/promo-sensitive,Mon
839,2,45,289656,186839.50,33629,26524.50,Weekday/promo-sensitive,Tue
839,3,45,271020,196387.50,32803,27667.00,Weekday/promo-sensitive,Wed
839,4,40,222965,175209.50,28368,24386.00,Weekday/promo-sensitive,Thu
839,5,44,241589,203897.50,30368,27523.50,Weekday/promo-sensitive,Fri
840,1,36,372500,257679.50,46774,39555.00,Weekday/promo-sensitive,Mon
840,2,45,400470,304624.00,54158,47521.00,Weekday/promo-sensitive,Tue
840,3,45,372115,301296.00,51671,46865.00,Weekday/promo-sensitive,Wed
840,4,40,316732,268534.00,45669,41939.00,Weekday/promo-sensitive,Thu
840,5,44,325327,300145.00,47697,45899.50,Weekday/promo-sensitive,Fri
841,1,36,174099,91477.00,19967,14222.00,Weekday/promo-sensitive,Mon
841,2,45,166436,105988.00,21245,17007.50,Weekday/promo-sensitive,Tue
841,3,44,154547,112283.00,20875,17689.00,Weekday/promo-sensitive,Wed
841,4,36,118783,89832.50,16240,13708.50,Weekday/promo-sensitive,Thu
841,5,43,151054,131074.50,21491,20117.50,Weekday/promo-sensitive,Fri
842,1,29,630750,448012.50,38248,29305.50,Balanced week,Mon
842,2,39,744857,587268.50,44897,37530.00,Balanced week,Tue
842,3,39,716795,593799.00,43708,38421.00,Balanced week,Wed
842,4,31,548054,466501.50,34680,30235.50,Balanced week,Thu
842,5,36,747120,672969.50,45984,42115.00,Balanced week,Fri
843,1,36,444762,291950.00,47264,37167.00,Christmas-driven,Mon
843,2,45,475937,331884.00,52137,42954.50,Christmas-driven,Tue
843,3,45,456108,343119.50,51311,43897.00,Christmas-driven,Wed
843,4,40,394218,287950.50,44915,37114.50,Christmas-driven,Thu
843,5,44,444759,366548.50,51756,45893.00,Christmas-driven,Fri
844,1,36,248312,129056.00,23351,16103.50,Weekday/promo-sensitive,Mon
844,2,45,241695,147844.00,23644,17919.50,Weekday/promo-sensitive,Tue
844,3,45,240096,165377.00,25661,20752.50,Weekday/promo-sensitive,Wed
844,4,38,170694,130621.50,18293,15618.00,Weekday/promo-sensitive,Thu
844,5,42,196146,162576.50,20941,18928.50,Weekday/promo-sensitive,Fri
845,1,32,186829,124614.50,12847,9934.50,Balanced week,Mon
845,2,45,218729,160457.00,15791,13325.50,Balanced week,Tue
845,3,45,217005,174863.00,15540,13642.50,Balanced week,Wed
845,4,38,184514,150436.50,13572,12253.00,Balanced week,Thu
845,5,42,239550,215156.50,17824,16746.00,Balanced week,Fri
846,1,36,501176,271453.50,40121,28832.00,Weekday/promo-sensitive,Mon
846,2,45,534481,346096.50,46722,37469.00,Weekday/promo-sensitive,Tue
846,3,45,442476,316450.50,38904,32521.00,Weekday/promo-sensitive,Wed
846,4,38,384447,281288.00,34606,29271.50,Weekday/promo-sensitive,Thu
846,5,42,459695,373314.50,43913,39542.00,Weekday/promo-sensitive,Fri
847,1,32,294205,184124.50,36531,28469.50,Christmas-driven,Mon
847,2,45,356777,246755.00,47135,38349.50,Christmas-driven,Tue
847,3,45,323235,249809.00,44618,38827.00,Christmas-driven,Wed
847,4,38,255135,210818.00,36579,32335.50,Christmas-driven,Thu
847,5,42,293147,264707.00,41871,39506.50,Christmas-driven,Fri
848,1,33,295917,180611.00,30068,22883.50,Christmas-driven,Mon
848,2,43,337952,222087.00,35878,28197.00,Christmas-driven,Tue
848,3,43,311694,232232.50,34114,28905.50,Christmas-driven,Wed
848,4,36,249724,192870.50,27794,24081.00,Christmas-driven,Thu
848,5,40,281603,228710.00,31531,27961.50,Christmas-driven,Fri
849,1,36,383552,238488.50,37448,28830.00,Balanced week,Mon
849,2,45,396201,281611.00,40356,33824.00,Balanced week,Tue
849,3,45,380661,288027.50,40878,34772.50,Balanced week,Wed
849,4,40,320697,257654.50,34914,30695.00,Balanced week,Thu
849,5,44,380187,325007.50,40244,37242.50,Balanced week,Fri
850,1,34,321783,164880.00,29629,19560.00,Balanced week,Mon
850,2,43,312838,193386.50,30136,22667.50,Balanced week,Tue
850,3,43,281411,201911.50,28238,23054.50,Balanced week,Wed
850,4,36,233842,169070.50,24415,19819.50,Balanced week,Thu
850,5,40,261638,221488.00,27753,24709.00,Balanced week,Fri
851,1,29,189592,140737.00,15307,12756.50,Balanced week,Mon
851,2,39,210159,166546.50,17422,15222.50,Balanced week,Tue
851,3,39,212937,178729.00,17663,15856.00,Balanced week,Wed
851,4,31,161039,136253.50,13814,12461.50,Balanced week,Thu
851,5,36,216554,187564.00,18483,16648.00,Balanced week,Fri
852,1,36,230908,139483.00,25612,20547.00,Weekday/promo-sensitive,Mon
852,2,45,259729,176466.00,30217,25576.00,Weekday/promo-sensitive,Tue
852,3,45,222279,170119.00,26728,23827.00,Weekday/promo-sensitive,Wed
852,4,38,194710,152828.50,24044,21436.50,Weekday/promo-sensitive,Thu
852,5,44,214738,182928.50,26971,25416.50,Weekday/promo-sensitive,Fri
853,1,35,429253,272432.50,42182,33415.00,Christmas-driven,Mon
853,2,45,498887,349342.50,51489,42785.50,Christmas-driven,Tue
853,3,45,449551,347115.50,48035,41847.00,Christmas-driven,Wed
853,4,38,364363,291766.00,39867,35544.50,Christmas-driven,Thu
853,5,42,404419,343546.00,44052,40460.50,Christmas-driven,Fri
854,1,36,328472,182579.50,29213,20780.50,Christmas-driven,Mon
854,2,45,333440,214206.00,31460,24706.50,Christmas-driven,Tue
854,3,44,307116,223053.50,29884,25743.50,Christmas-driven,Wed
854,4,36,238313,175246.00,23440,20098.50,Christmas-driven,Thu
854,5,43,302684,246191.00,30653,27657.50,Christmas-driven,Fri
855,1,35,296602,166851.00,27273,20197.50,Weekday/promo-sensitive,Mon
855,2,45,319099,210443.50,31208,25525.00,Weekday/promo-sensitive,Tue
855,3,45,293475,208903.50,29471,24761.50,Weekday/promo-sensitive,Wed
855,4,38,237502,181382.00,24525,21505.00,Weekday/promo-sensitive,Thu
855,5,42,271759,223813.50,28771,25576.50,Weekday/promo-sensitive,Fri
856,1,36,349226,225181.00,42674,33340.50,Balanced week,Mon
856,2,45,381193,264203.50,48271,39142.00,Balanced week,Tue
856,3,45,355751,259676.50,45657,38441.50,Balanced week,Wed
856,4,40,308186,232400.00,40624,33990.50,Balanced week,Thu
856,5,44,322984,269235.00,42726,38644.00,Balanced week,Fri
857,1,36,310365,211249.00,34946,28110.00,Balanced week,Mon
857,2,45,353272,250624.50,41444,34209.50,Balanced week,Tue
857,3,45,336112,261273.00,40578,35271.00,Balanced week,Wed
857,4,38,263947,211117.00,32362,28002.50,Balanced week,Thu
857,5,44,327926,285580.50,40413,37054.50,Balanced week,Fri
858,1,29,188856,131388.50,15270,12326.50,Weekday/promo-sensitive,Mon
858,2,39,214941,170530.50,18102,15608.00,Weekday/promo-sensitive,Tue
858,3,39,198256,165311.00,16744,15378.50,Weekday/promo-sensitive,Wed
858,4,31,145535,124461.50,12846,11868.00,Weekday/promo-sensitive,Thu
858,5,36,175496,153054.00,15514,14092.50,Weekday/promo-sensitive,Fri
859,1,29,275117,191447.00,24377,19830.50,Balanced week,Mon
859,2,39,314010,243965.00,28830,24806.00,Balanced week,Tue
859,3,39,294757,243129.50,27723,24933.50,Balanced week,Wed
859,4,31,222939,193897.50,21312,19576.50,Balanced week,Thu
859,5,36,282830,252556.50,27344,25306.50,Balanced week,Fri
860,1,36,253307,160867.50,29024,22398.00,Balanced week,Mon
860,2,45,298827,199402.00,35395,28374.00,Balanced week,Tue
860,3,45,258499,190172.00,31002,26245.50,Balanced week,Wed
860,4,40,228780,172219.00,28521,23798.50,Balanced week,Thu
860,5,44,276471,232258.50,34970,31575.00,Balanced week,Fri
861,1,31,132685,92448.00,17494,14566.50,Christmas-driven,Mon
861,2,44,173808,130453.50,24216,20779.00,Christmas-driven,Tue
861,3,44,167225,131619.00,23610,20961.50,Christmas-driven,Wed
861,4,37,130823,106819.50,19218,17202.00,Christmas-driven,Thu
861,5,41,146531,132411.50,21153,20276.00,Christmas-driven,Fri
862,1,36,401931,286649.00,48781,41348.00,Christmas-driven,Mon
862,2,45,458750,340864.50,57090,49594.50,Christmas-driven,Tue
862,3,45,403151,330189.00,51409,47073.00,Christmas-driven,Wed
862,4,40,356934,311275.00,46996,43849.00,Christmas-driven,Thu
862,5,44,382781,360982.50,50093,49538.00,Christmas-driven,Fri
863,1,36,396779,276404.00,42979,35699.00,Christmas-driven,Mon
863,2,45,442925,341812.00,50872,45137.00,Christmas-driven,Tue
863,3,45,378527,311019.50,43934,40169.00,Christmas-driven,Wed
863,4,40,345771,291340.50,40677,37109.50,Christmas-driven,Thu
863,5,44,425118,394029.00,51014,49460.50,Christmas-driven,Fri
864,1,35,205578,140458.00,25505,21221.50,Weekday/promo-sensitive,Mon
864,2,45,229711,172947.00,29675,26049.00,Weekday/promo-sensitive,Tue
864,3,45,225370,176519.50,30019,26470.00,Weekday/promo-sensitive,Wed
864,4,38,176685,143961.50,24282,21718.00,Weekday/promo-sensitive,Thu
864,5,42,203559,166139.00,27290,24599.00,Weekday/promo-sensitive,Fri
865,1,36,338026,217651.00,26145,20436.00,Balanced week,Mon
865,2,45,369780,249885.50,28633,22986.50,Balanced week,Tue
865,3,45,347437,256404.50,27637,23309.00,Balanced week,Wed
865,4,38,299056,232604.50,24891,21233.50,Balanced week,Thu
865,5,42,343244,295515.50,28568,25938.00,Balanced week,Fri
866,1,36,335672,189191.00,21360,15001.00,Balanced week,Mon
866,2,45,334764,218477.50,21736,17095.00,Balanced week,Tue
866,3,45,318436,222783.50,21287,17170.50,Balanced week,Wed
866,4,38,280132,202172.50,19636,15928.00,Balanced week,Thu
866,5,44,346528,274193.50,24233,20711.00,Balanced week,Fri
867,1,36,219300,140400.00,18564,14496.50,Christmas-driven,Mon
867,2,45,216544,161695.00,19014,16559.50,Christmas-driven,Tue
867,3,45,210476,170568.00,18941,17169.50,Christmas-driven,Wed
867,4,40,188941,158432.00,17704,15767.00,Christmas-driven,Thu
867,5,44,219321,193604.50,20428,19199.50,Christmas-driven,Fri
868,1,36,455481,297789.50,28902,22231.00,Balanced week,Mon
868,2,45,461306,340413.00,30105,25204.00,Balanced week,Tue
868,3,45,435711,342166.50,28640,24936.50,Balanced week,Wed
868,4,38,366878,284204.50,25267,21180.00,Balanced week,Thu
868,5,44,462957,391398.50,31196,27774.50,Balanced week,Fri
869,1,36,357664,182246.00,43960,30408.50,Weekday/promo-sensitive,Mon
869,2,45,353596,219540.00,47052,36191.00,Weekday/promo-sensitive,Tue
869,3,44,291811,202418.50,40480,33785.50,Weekday/promo-sensitive,Wed
869,4,36,234249,171934.00,33081,28099.00,Weekday/promo-sensitive,Thu
869,5,43,251321,212465.00,36855,34037.50,Weekday/promo-sensitive,Fri
870,1,35,297033,239756.50,35391,31813.50,Weekday/promo-sensitive,Mon
870,2,44,349864,286810.00,42507,38731.00,Weekday/promo-sensitive,Tue
870,3,44,327003,281772.50,40758,37810.50,Weekday/promo-sensitive,Wed
870,4,39,285591,250014.00,36482,33521.00,Weekday/promo-sensitive,Thu
870,5,43,306729,275329.50,38838,36238.50,Weekday/promo-sensitive,Fri
871,1,36,273900,176218.00,19251,14809.00,Christmas-driven,Mon
871,2,45,266825,205449.50,19639,16911.50,Christmas-driven,Tue
871,3,45,261409,213424.00,19475,17289.50,Christmas-driven,Wed
871,4,38,232132,185175.50,17473,15209.00,Christmas-driven,Thu
871,5,44,292422,250924.00,22138,19976.50,Christmas-driven,Fri
872,1,36,405650,269564.00,35702,28580.00,Balanced week,Mon
872,2,45,429765,314472.50,39985,33816.00,Balanced week,Tue
872,3,45,408700,315088.00,38149,33655.50,Balanced week,Wed
872,4,38,352934,278047.50,33958,29762.00,Balanced week,Thu
872,5,42,414911,350965.00,39294,35474.50,Balanced week,Fri
873,1,36,181847,137593.00,20265,17758.00,Weekday/promo-sensitive,Mon
873,2,45,197906,159505.50,22602,20272.00,Weekday/promo-sensitive,Tue
873,3,44,191988,155900.00,22193,20469.50,Weekday/promo-sensitive,Wed
873,4,36,146289,122798.50,17104,15854.00,Weekday/promo-sensitive,Thu
873,5,43,170030,155437.00,20079,19382.00,Weekday/promo-sensitive,Fri
874,1,36,224693,139785.00,22615,16819.50,Balanced week,Mon
874,2,45,218436,157011.50,23147,19436.50,Balanced week,Tue
874,3,45,204919,160206.50,22057,19247.00,Balanced week,Wed
874,4,40,191675,145575.50,21016,17710.00,Balanced week,Thu
874,5,44,215506,193482.00,23773,22328.50,Balanced week,Fri
875,1,36,270811,143266.50,22101,15054.00,Weekday/promo-sensitive,Mon
875,2,45,277617,167507.00,23229,17375.50,Weekday/promo-sensitive,Tue
875,3,45,257940,174416.50,22587,18005.00,Weekday/promo-sensitive,Wed
875,4,38,209750,154952.00,19061,15694.00,Weekday/promo-sensitive,Thu
875,5,42,240791,203714.50,22373,20061.00,Weekday/promo-sensitive,Fri
876,1,34,501366,259759.50,48104,31983.00,Weekday/promo-sensitive,Mon
876,2,44,609773,384148.50,64781,49208.50,Weekday/promo-sensitive,Tue
876,3,44,463533,316344.50,47474,38405.50,Weekday/promo-sensitive,Wed
876,4,37,429497,321765.00,48651,41059.00,Weekday/promo-sensitive,Thu
876,5,42,381769,328064.00,42304,39030.50,Weekday/promo-sensitive,Fri
877,1,36,286823,209294.50,35878,31043.50,Christmas-driven,Mon
877,2,45,324838,251976.00,42201,37984.50,Christmas-driven,Tue
877,3,45,336053,275002.00,45201,41206.50,Christmas-driven,Wed
877,4,40,256371,220694.50,35177,32738.00,Christmas-driven,Thu
877,5,44,264420,257831.50,36596,36805.50,Christmas-driven,Fri
878,1,35,456519,268756.50,37972,26799.50,Weekday/promo-sensitive,Mon
878,2,45,486610,323486.00,41791,32455.00,Weekday/promo-sensitive,Tue
878,3,45,437466,330151.50,38658,32707.50,Weekday/promo-sensitive,Wed
878,4,38,356033,272318.00,32373,27413.50,Weekday/promo-sensitive,Thu
878,5,43,406711,349544.50,36550,33251.00,Weekday/promo-sensitive,Fri
879,1,29,160456,83456.00,12918,8774.50,Balanced week,Mon
879,2,39,169650,108420.50,14099,10857.50,Balanced week,Tue
879,3,39,154598,107837.50,13371,10858.50,Balanced week,Wed
879,4,31,128402,96022.00,11552,9756.50,Balanced week,Thu
879,5,36,154362,126920.00,14099,12376.00,Balanced week,Fri
880,1,35,346359,238041.00,33103,27078.50,Weekday/promo-sensitive,Mon
880,2,45,390916,292359.50,39548,34061.50,Weekday/promo-sensitive,Tue
880,3,45,354970,287909.00,36337,32793.00,Weekday/promo-sensitive,Wed
880,4,38,294416,244293.50,30899,27877.00,Weekday/promo-sensitive,Thu
880,5,42,340680,290696.00,35105,32033.50,Weekday/promo-sensitive,Fri
881,1,36,248415,121921.00,31358,20193.50,Weekday/promo-sensitive,Mon
881,2,45,245748,144856.50,33529,23935.50,Weekday/promo-sensitive,Tue
881,3,45,232270,158243.00,34078,26604.50,Weekday/promo-sensitive,Wed
881,4,38,168783,126430.50,24981,20336.00,Weekday/promo-sensitive,Thu
881,5,42,179377,159485.50,26636,24465.00,Weekday/promo-sensitive,Fri
882,1,35,289653,206425.00,34770,28451.00,Balanced week,Mon
882,2,44,329467,245069.00,40000,33552.00,Balanced week,Tue
882,3,44,304465,246603.50,38024,33829.00,Balanced week,Wed
882,4,37,249572,209865.50,32137,28353.50,Balanced week,Thu
882,5,41,291986,257773.00,36825,33847.50,Balanced week,Fri
883,1,36,238826,163245.50,22745,18567.00,Weekday/promo-sensitive,Mon
883,2,45,264353,195866.50,26770,22630.50,Weekday/promo-sensitive,Tue
883,3,45,233353,188805.50,23397,20923.50,Weekday/promo-sensitive,Wed
883,4,38,187794,155503.00,19922,17601.00,Weekday/promo-sensitive,Thu
883,5,42,218931,196740.50,23253,22109.50,Weekday/promo-sensitive,Fri
884,1,29,229837,133468.00,19854,13584.50,Christmas-driven,Mon
884,2,39,248874,166818.00,22327,17448.00,Christmas-driven,Tue
884,3,39,229344,168919.00,21122,17439.50,Christmas-driven,Wed
884,4,31,180387,134824.00,16846,14016.00,Christmas-driven,Thu
884,5,36,212463,175276.50,20255,17995.50,Christmas-driven,Fri
885,1,32,210805,149234.50,25862,21823.50,Christmas-driven,Mon
885,2,45,289513,208384.50,35662,30039.50,Christmas-driven,Tue
885,3,45,274076,210100.50,34495,29981.50,Christmas-driven,Wed
885,4,38,209118,165990.00,27769,23766.00,Christmas-driven,Thu
885,5,42,230594,195976.00,30848,27938.00,Christmas-driven,Fri
886,1,36,316064,203746.50,26781,21135.00,Weekday/promo-sensitive,Mon
886,2,45,359468,252841.50,31791,26379.50,Weekday/promo-sensitive,Tue
886,3,45,328101,245446.00,29615,25388.00,Weekday/promo-sensitive,Wed
886,4,38,269432,205205.50,24827,21076.00,Weekday/promo-sensitive,Thu
886,5,42,301035,253957.50,27953,25716.00,Weekday/promo-sensitive,Fri
887,1,35,360131,188608.50,26713,17751.00,Balanced week,Mon
887,2,44,359106,222509.00,27592,20648.00,Balanced week,Tue
887,3,44,326097,227638.50,25959,20759.00,Balanced week,Wed
887,4,37,275875,202184.00,22446,18505.50,Balanced week,Thu
887,5,43,325467,262276.00,26970,23805.00,Balanced week,Fri
888,1,36,361124,238664.50,31201,24531.50,Balanced week,Mon
888,2,45,385711,276176.00,33822,28338.50,Balanced week,Tue
888,3,45,356927,281392.50,32088,28246.50,Balanced week,Wed
888,4,40,319626,258011.50,29215,25679.00,Balanced week,Thu
888,5,44,382726,349079.00,35540,33323.00,Balanced week,Fri
889,1,35,208473,110620.50,19803,14179.50,Weekday/promo-sensitive,Mon
889,2,45,218771,145711.00,22235,18054.50,Weekday/promo-sensitive,Tue
889,3,45,198945,146815.00,20493,18023.00,Weekday/promo-sensitive,Wed
889,4,38,181015,136659.00,19472,16758.50,Weekday/promo-sensitive,Thu
889,5,43,218053,187825.00,23826,22341.00,Weekday/promo-sensitive,Fri
890,1,29,245826,132917.00,16871,11356.50,Balanced week,Mon
890,2,39,254618,166819.00,18183,14000.50,Balanced week,Tue
890,3,39,234026,170432.00,17483,14379.50,Balanced week,Wed
890,4,31,188874,135620.00,14160,11635.00,Balanced week,Thu
890,5,36,234092,186215.00,17974,15430.00,Balanced week,Fri
891,1,32,338204,229186.00,42127,32866.50,Balanced week,Mon
891,2,45,398803,285867.00,52606,42333.00,Balanced week,Tue
891,3,45,364536,286690.50,49026,41936.00,Balanced week,Wed
891,4,38,290265,246236.00,40615,36229.50,Balanced week,Thu
891,5,42,325838,316907.50,45233,44538.50,Balanced week,Fri
892,1,36,435800,230425.00,38366,26444.00,Weekday/promo-sensitive,Mon
892,2,45,443011,281051.50,41707,32439.00,Weekday/promo-sensitive,Tue
892,3,44,367814,266384.00,35741,30248.50,Weekday/promo-sensitive,Wed
892,4,36,313343,234903.00,31524,26933.00,Weekday/promo-sensitive,Thu
892,5,43,396940,328247.00,42804,38785.00,Weekday/promo-sensitive,Fri
893,1,29,233045,164205.00,27954,22948.50,Christmas-driven,Mon
893,2,39,285953,208592.00,34598,28943.00,Christmas-driven,Tue
893,3,39,287812,224127.50,36257,31538.00,Christmas-driven,Wed
893,4,31,208316,170856.50,26500,23412.00,Christmas-driven,Thu
893,5,36,233915,197552.00,29622,26790.50,Christmas-driven,Fri
894,1,35,456767,216351.50,45618,30313.50,Balanced week,Mon
894,2,44,475068,266719.50,49826,36904.00,Balanced week,Tue
894,3,44,455902,290328.00,52222,40868.00,Balanced week,Wed
894,4,37,321693,228286.00,37555,31342.00,Balanced week,Thu
894,5,41,408387,327179.50,50643,45520.00,Balanced week,Fri
895,1,35,423330,292867.00,36954,29866.50,Balanced week,Mon
895,2,45,458327,348033.50,41284,35535.50,Balanced week,Tue
895,3,45,436195,350486.50,39653,35290.00,Balanced week,Wed
895,4,38,355584,291337.50,33362,29635.50,Balanced week,Thu
895,5,42,412273,346393.50,37947,34054.00,Balanced week,Fri
896,1,36,296897,226365.50,42449,37916.00,Christmas-driven,Mon
896,2,45,328343,267073.00,49265,45447.00,Christmas-driven,Tue
896,3,45,306013,263745.50,46947,44407.00,Christmas-driven,Wed
896,4,40,280339,238682.50,43432,40250.50,Christmas-driven,Thu
896,5,44,300280,279119.50,47240,45782.50,Christmas-driven,Fri
897,1,36,137850,106787.50,12848,10133.00,Christmas-driven,Mon
897,2,44,157359,109225.00,13887,11020.00,Christmas-driven,Tue
897,3,45,154902,133487.50,14460,12269.00,Christmas-driven,Wed
897,4,38,122365,96859.00,12349,10591.50,Christmas-driven,Thu
897,5,42,181875,128081.00,15841,14353.50,Christmas-driven,Fri
898,1,36,399770,201475.50,37245,25061.50,Weekday/promo-sensitive,Mon
898,2,45,422553,253808.00,41925,31428.50,Weekday/promo-sensitive,Tue
898,3,45,354466,235057.00,36266,28976.50,Weekday/promo-sensitive,Wed
898,4,38,301614,218312.00,32049,26796.50,Weekday/promo-sensitive,Thu
898,5,43,311569,262410.00,34314,31648.50,Weekday/promo-sensitive,Fri
899,1,36,337966,171149.00,31245,20953.00,Weekday/promo-sensitive,Mon
899,2,45,328483,200471.00,32649,24784.50,Weekday/promo-sensitive,Tue
899,3,44,267335,185779.00,26686,22243.00,Weekday/promo-sensitive,Wed
899,4,36,205462,154388.00,21534,18574.50,Weekday/promo-sensitive,Thu
899,5,43,255400,201387.50,27003,23984.00,Weekday/promo-sensitive,Fri
900,1,29,220369,155572.00,19256,15697.50,Weekday/promo-sensitive,Mon
900,2,39,271068,197518.50,23860,19815.00,Weekday/promo-sensitive,Tue
900,3,39,241843,189892.50,22066,19415.50,Weekday/promo-sensitive,Wed
900,4,31,180341,151296.00,17184,15523.00,Weekday/promo-sensitive,Thu
900,5,36,232446,194837.00,21177,19114.50,Weekday/promo-sensitive,Fri
901,1,36,395566,240587.50,30972,23414.50,Weekday/promo-sensitive,Mon
901,2,45,399153,278038.00,32761,27170.50,Weekday/promo-sensitive,Tue
901,3,45,351379,271361.50,30003,26064.00,Weekday/promo-sensitive,Wed
901,4,40,311261,246100.50,28118,24661.50,Weekday/promo-sensitive,Thu
901,5,44,329410,281390.00,28667,26608.00,Weekday/promo-sensitive,Fri
902,1,29,180508,147604.50,20727,18248.00,Christmas-driven,Mon
902,2,39,208990,164184.50,25713,22930.50,Christmas-driven,Tue
902,3,39,200072,171448.00,24748,22982.50,Christmas-driven,Wed
902,4,31,146999,128210.50,19555,17790.00,Christmas-driven,Thu
902,5,36,173577,155429.00,22826,21228.50,Christmas-driven,Fri
903,1,29,414150,306063.50,27075,22587.00,Balanced week,Mon
903,2,39,465339,361673.00,30785,26499.00,Balanced week,Tue
903,3,39,456866,375092.50,30558,27315.50,Balanced week,Wed
903,4,31,356925,305857.00,24713,22507.00,Balanced week,Thu
903,5,36,475529,411182.50,32428,29209.00,Balanced week,Fri
904,1,29,235424,142330.00,18073,13270.00,Balanced week,Mon
904,2,39,254939,175661.50,20364,16372.50,Balanced week,Tue
904,3,39,243053,179097.50,20144,16747.00,Balanced week,Wed
904,4,31,191749,143914.50,15984,13390.50,Balanced week,Thu
904,5,36,234235,191542.00,19550,17228.50,Balanced week,Fri
905,1,36,447753,272845.00,58342,43596.50,Balanced week,Mon
905,2,45,459946,316611.50,65162,51630.00,Balanced week,Tue
905,3,45,413892,313613.00,59114,49943.00,Balanced week,Wed
905,4,38,350409,276824.50,51681,44568.50,Balanced week,Thu
905,5,42,371037,321565.50,54350,50519.00,Balanced week,Fri
906,1,36,555301,340833.00,58965,43721.00,Balanced week,Mon
906,2,45,595451,391029.00,65380,50841.50,Balanced week,Tue
906,3,45,545441,401049.50,60491,49654.00,Balanced week,Wed
906,4,38,449966,343573.50,51134,42415.00,Balanced week,Thu
906,5,44,514303,447353.00,59068,52511.00,Balanced week,Fri
907,1,36,243726,174310.00,29686,24019.00,Balanced week,Mon
907,2,45,322038,241966.50,41325,34424.50,Balanced week,Tue
907,3,45,278735,218046.50,35706,30215.50,Balanced week,Wed
907,4,38,249664,210902.00,33687,29867.50,Balanced week,Thu
907,5,42,266387,247494.00,35405,34056.00,Balanced week,Fri
908,1,36,255879,124475.00,18586,12158.00,Weekday/promo-sensitive,Mon
908,2,45,255362,148790.50,19709,14228.50,Weekday/promo-sensitive,Tue
908,3,45,225847,148913.50,18141,14311.50,Weekday/promo-sensitive,Wed
908,4,38,185274,124474.50,15289,12050.00,Weekday/promo-sensitive,Thu
908,5,44,231829,163344.00,19441,15792.00,Weekday/promo-sensitive,Fri
909,1,27,407162,247988.50,35210,25951.00,Weekday/promo-sensitive,Mon
909,2,37,500758,309177.00,43871,32838.00,Weekday/promo-sensitive,Tue
909,3,37,454813,308277.00,40923,32933.00,Weekday/promo-sensitive,Wed
909,4,28,321548,230113.50,29904,24289.00,Weekday/promo-sensitive,Thu
909,5,34,405311,305668.00,37000,31026.50,Weekday/promo-sensitive,Fri
910,1,35,306155,152195.50,27300,17728.50,Weekday/promo-sensitive,Mon
910,2,45,310888,193007.00,29065,21872.50,Weekday/promo-sensitive,Tue
910,3,45,269585,196680.50,25960,21707.00,Weekday/promo-sensitive,Wed
910,4,38,234412,179100.00,23014,19414.50,Weekday/promo-sensitive,Thu
910,5,43,276496,232899.00,27852,25229.00,Weekday/promo-sensitive,Fri
911,1,36,484718,322396.00,41176,32470.00,Balanced week,Mon
911,2,45,495455,367901.50,43447,37319.00,Balanced week,Tue
911,3,45,472713,375229.50,41737,37550.50,Balanced week,Wed
911,4,40,409068,332397.50,37549,33493.00,Balanced week,Thu
911,5,44,456392,407194.50,41596,39794.50,Balanced week,Fri
912,1,36,233660,170160.50,28676,24322.50,Christmas-driven,Mon
912,2,45,262074,205502.00,32906,29375.00,Christmas-driven,Tue
912,3,45,259642,211990.00,32935,29916.50,Christmas-driven,Wed
912,4,40,220938,180607.50,28421,25859.50,Christmas-driven,Thu
912,5,44,247695,226305.00,32160,31352.00,Christmas-driven,Fri
913,1,32,405987,212603.00,46613,30738.50,Balanced week,Mon
913,2,45,528046,289462.00,61722,42385.00,Balanced week,Tue
913,3,45,462149,292480.00,56860,42492.00,Balanced week,Wed
913,4,38,374959,252538.00,47498,36786.50,Balanced week,Thu
913,5,42,401559,304269.00,51648,43342.00,Balanced week,Fri
914,1,36,450986,307013.50,49086,41292.00,Weekday/promo-sensitive,Mon
914,2,45,532596,385744.00,59831,51990.50,Weekday/promo-sensitive,Tue
914,3,45,444791,343513.00,51062,45837.00,Weekday/promo-sensitive,Wed
914,4,40,437306,345465.00,51443,46080.00,Weekday/promo-sensitive,Thu
914,5,44,429803,378508.50,49495,47611.00,Weekday/promo-sensitive,Fri
915,1,29,213796,147011.50,16335,13110.50,Balanced week,Mon
915,2,39,241019,172479.50,18610,15143.50,Balanced week,Tue
915,3,39,230190,180623.00,18142,15659.00,Balanced week,Wed
915,4,31,186194,150957.00,15104,13125.50,Balanced week,Thu
915,5,36,267052,222607.50,20831,18280.50,Balanced week,Fri
916,1,32,218986,150144.50,26516,21398.00,Balanced week,Mon
916,2,45,283967,201161.00,34811,28231.00,Balanced week,Tue
916,3,45,259963,193087.00,32920,27431.50,Balanced week,Wed
916,4,38,199282,156960.00,26171,22456.50,Balanced week,Thu
916,5,42,234967,201041.50,30102,27089.50,Balanced week,Fri
917,1,36,356384,203476.00,34519,24874.50,Weekday/promo-sensitive,Mon
917,2,45,376398,249367.50,38680,30338.50,Weekday/promo-sensitive,Tue
917,3,45,332516,249734.00,35443,30457.50,Weekday/promo-sensitive,Wed
917,4,38,267841,213369.50,29740,25780.00,Weekday/promo-sensitive,Thu
917,5,42,329363,285349.00,37063,34352.00,Weekday/promo-sensitive,Fri
918,1,36,270479,162865.00,25253,18983.00,Weekday/promo-sensitive,Mon
918,2,45,282680,196353.00,28089,23125.00,Weekday/promo-sensitive,Tue
918,3,44,265381,199212.50,28159,24357.50,Weekday/promo-sensitive,Wed
918,4,36,205842,164388.50,21584,19253.50,Weekday/promo-sensitive,Thu
918,5,43,251302,220575.00,26588,24515.50,Weekday/promo-sensitive,Fri
919,1,29,239611,147835.00,26328,20087.50,Weekday/promo-sensitive,Mon
919,2,39,285315,183191.00,31724,24981.50,Weekday/promo-sensitive,Tue
919,3,39,254499,181165.00,29545,24349.50,Weekday/promo-sensitive,Wed
919,4,30,182940,141609.00,21915,19198.00,Weekday/promo-sensitive,Thu
919,5,36,221747,181300.50,26632,23479.50,Weekday/promo-sensitive,Fri
920,1,29,204267,137316.50,19084,15434.50,Balanced week,Mon
920,2,39,257716,177529.00,24292,19750.00,Balanced week,Tue
920,3,39,237298,185597.50,23278,20506.00,Balanced week,Wed
920,4,31,181423,140873.00,18193,15854.50,Balanced week,Thu
920,5,36,228922,191342.50,22865,20314.00,Balanced week,Fri
921,1,36,513330,362660.50,55228,44791.50,Weekday/promo-sensitive,Mon
921,2,45,544285,402896.50,60783,50535.00,Weekday/promo-sensitive,Tue
921,3,44,475045,388485.00,54199,48649.50,Weekday/promo-sensitive,Wed
921,4,36,374318,314467.50,43534,38774.00,Weekday/promo-sensitive,Thu
921,5,43,425019,376540.50,49287,45753.50,Weekday/promo-sensitive,Fri
922,1,35,332665,207570.00,29548,21861.50,Balanced week,Mon
922,2,43,327775,243828.00,30427,24764.00,Balanced week,Tue
922,3,43,319755,252854.50,29696,26072.50,Balanced week,Wed
922,4,38,284468,227097.00,27056,23431.00,Balanced week,Thu
922,5,42,343010,297049.50,32417,29386.00,Balanced week,Fri
923,1,36,225552,182390.00,25483,22937.50,Balanced week,Mon
923,2,45,264629,218589.50,31862,29274.50,Balanced week,Tue
923,3,45,255848,213241.50,30790,28296.00,Balanced week,Wed
923,4,40,215842,186479.50,26545,24514.00,Balanced week,Thu
923,5,44,239817,213929.50,28442,26820.50,Balanced week,Fri
924,1,36,260096,147280.00,21556,15877.00,Weekday/promo-sensitive,Mon
924,2,45,267056,180002.50,23188,19362.50,Weekday/promo-sensitive,Tue
924,3,45,237882,174695.00,21453,18479.50,Weekday/promo-sensitive,Wed
924,4,38,200214,155122.50,18707,16499.00,Weekday/promo-sensitive,Thu
924,5,42,226248,181013.00,20588,18575.00,Weekday/promo-sensitive,Fri
925,1,34,250225,183726.00,39703,35150.50,Christmas-driven,Mon
925,2,43,316956,241830.50,49932,44496.00,Christmas-driven,Tue
925,3,43,275643,225151.50,48968,44723.50,Christmas-driven,Wed
925,4,37,228162,186009.00,41569,38262.50,Christmas-driven,Thu
925,5,40,301501,254514.50,48212,45213.50,Christmas-driven,Fri
926,1,36,373419,197151.00,24228,16569.00,Balanced week,Mon
926,2,45,379541,233320.00,25696,19355.50,Balanced week,Tue
926,3,45,349489,238132.00,24444,19710.50,Balanced week,Wed
926,4,38,285504,201611.50,20373,16646.00,Balanced week,Thu
926,5,42,353926,275073.00,25932,22156.00,Balanced week,Fri
927,1,32,314825,181830.00,36266,26482.00,Christmas-driven,Mon
927,2,43,349015,228612.50,43762,33620.00,Christmas-driven,Tue
927,3,43,307539,221046.50,39502,32418.00,Christmas-driven,Wed
927,4,36,251608,193913.50,33530,28349.50,Christmas-driven,Thu
927,5,41,275678,237193.00,36119,32706.00,Christmas-driven,Fri
928,1,36,466272,203029.50,35322,20007.50,Balanced week,Mon
928,2,45,423816,241669.50,33809,23353.00,Balanced week,Tue
928,3,45,393658,261754.50,32698,24965.00,Balanced week,Wed
928,4,38,313907,224912.00,26893,20870.50,Balanced week,Thu
928,5,42,358519,289869.50,31240,26701.50,Balanced week,Fri
929,1,36,278440,195827.50,31543,26260.50,Balanced week,Mon
929,2,45,309082,229981.50,35594,31153.50,Balanced week,Tue
929,3,45,279538,222811.00,33136,29799.00,Balanced week,Wed
929,4,40,246274,204731.50,30206,27297.50,Balanced week,Thu
929,5,44,263404,242634.50,32496,30830.00,Balanced week,Fri
930,1,36,351303,213500.00,49383,37661.00,Christmas-driven,Mon
930,2,45,370843,248151.50,55722,44794.00,Christmas-driven,Tue
930,3,45,342189,243077.00,53478,43561.50,Christmas-driven,Wed
930,4,38,271208,213054.00,43514,38197.00,Christmas-driven,Thu
930,5,42,292373,263326.00,47395,45391.00,Christmas-driven,Fri
931,1,36,177400,130436.50,19245,17019.00,Summer/tourist,Mon
931,2,45,198163,152475.00,22466,20376.00,Summer/tourist,Tue
931,3,45,178915,147847.50,21211,19983.00,Summer/tourist,Wed
931,4,40,182546,157870.50,22919,21161.00,Summer/tourist,Thu
931,5,44,173206,159324.00,21279,20945.00,Summer/tourist,Fri
932,1,29,286299,189546.50,25450,20666.50,Weekday/promo-sensitive,Mon
932,2,39,346362,252665.50,32078,27383.50,Weekday/promo-sensitive,Tue
932,3,39,315591,249207.50,30037,26790.50,Weekday/promo-sensitive,Wed
932,4,31,253754,201818.00,24612,22001.00,Weekday/promo-sensitive,Thu
932,5,36,315461,264052.50,30047,27458.00,Weekday/promo-sensitive,Fri
933,1,36,389382,243480.00,43182,32701.00,Weekday/promo-sensitive,Mon
933,2,45,405641,287216.50,47331,38595.50,Weekday/promo-sensitive,Tue
933,3,44,381084,299211.50,46430,41120.00,Weekday/promo-sensitive,Wed
933,4,36,276931,238168.00,34048,31214.00,Weekday/promo-sensitive,Thu
933,5,43,318716,298066.50,39719,38599.50,Weekday/promo-sensitive,Fri
934,1,36,352653,204969.00,30807,23264.50,Weekday/promo-sensitive,Mon
934,2,45,363133,247151.00,33655,28018.00,Weekday/promo-sensitive,Tue
934,3,45,336292,247912.00,32039,27843.50,Weekday/promo-sensitive,Wed
934,4,38,268533,208292.00,26632,23401.50,Weekday/promo-sensitive,Thu
934,5,42,329485,281527.00,32753,30666.50,Weekday/promo-sensitive,Fri
935,1,36,282476,186923.50,27431,21840.00,Christmas-driven,Mon
935,2,45,289181,213617.50,29353,25560.00,Christmas-driven,Tue
935,3,45,264473,214067.50,27206,24738.00,Christmas-driven,Wed
935,4,40,256794,207535.00,27697,24708.00,Christmas-driven,Thu
935,5,44,270408,246750.00,28481,27373.50,Christmas-driven,Fri
936,1,36,320773,219922.50,37434,30013.00,Balanced week,Mon
936,2,45,371945,259674.50,44071,35623.00,Balanced week,Tue
936,3,45,347333,265614.50,42489,36276.00,Balanced week,Wed
936,4,38,271816,214536.50,33988,29297.50,Balanced week,Thu
936,5,42,303945,258165.00,38355,34647.00,Balanced week,Fri
937,1,36,364368,201203.00,26944,18211.50,Balanced week,Mon
937,2,45,388968,253233.00,28916,21270.50,Balanced week,Tue
937,3,45,349354,237798.00,27323,21700.00,Balanced week,Wed
937,4,38,294477,197715.50,23023,18050.00,Balanced week,Thu
937,5,44,366960,276087.00,28160,22692.00,Balanced week,Fri
938,1,36,480741,304291.00,44125,33555.50,Balanced week,Mon
938,2,45,493861,364109.00,47441,40337.00,Balanced week,Tue
938,3,45,434820,342045.50,42809,37973.00,Balanced week,Wed
938,4,40,391711,314867.50,39692,34418.50,Balanced week,Thu
938,5,44,420732,371467.50,42574,39695.50,Balanced week,Fri
939,1,36,303566,164962.50,25260,17193.00,Balanced week,Mon
939,2,45,292746,188734.50,26082,20103.50,Balanced week,Tue
939,3,45,276771,198480.50,25295,21055.50,Balanced week,Wed
939,4,38,225051,170011.00,21197,17714.00,Balanced week,Thu
939,5,42,292241,235859.00,27042,23845.50,Balanced week,Fri
940,1,36,376284,225732.50,35468,25681.00,Weekday/promo-sensitive,Mon
940,2,45,396455,266871.50,37947,29839.50,Weekday/promo-sensitive,Tue
940,3,44,352066,263736.00,34562,29220.00,Weekday/promo-sensitive,Wed
940,4,36,276859,215070.50,27620,23614.50,Weekday/promo-sensitive,Thu
940,5,43,342566,296346.00,34510,31702.50,Weekday/promo-sensitive,Fri
941,1,29,213560,126350.50,20824,15628.00,Weekday/promo-sensitive,Mon
941,2,39,257661,162424.00,25669,19715.00,Weekday/promo-sensitive,Tue
941,3,39,221677,161778.50,23186,19758.00,Weekday/promo-sensitive,Wed
941,4,31,161409,129300.00,17492,15352.50,Weekday/promo-sensitive,Thu
941,5,36,191147,150183.00,20438,17777.00,Weekday/promo-sensitive,Fri
942,1,36,283670,164236.50,19534,14131.50,Balanced week,Mon
942,2,45,309346,197793.00,21682,16734.00,Balanced week,Tue
942,3,45,276964,198579.50,20313,16769.00,Balanced week,Wed
942,4,38,252655,178393.00,18862,15338.00,Balanced week,Thu
942,5,44,307823,238860.50,23190,19909.50,Balanced week,Fri
943,1,36,314553,207452.00,25311,19632.00,Balanced week,Mon
943,2,45,325304,244812.50,26780,23094.50,Balanced week,Tue
943,3,45,325445,266327.00,27087,24193.00,Balanced week,Wed
943,4,38,273856,225335.00,23434,20781.50,Balanced week,Thu
943,5,42,316559,280383.50,27526,25395.00,Balanced week,Fri
944,1,36,352754,225585.00,48395,38441.50,Christmas-driven,Mon
944,2,45,390325,282104.50,56460,48773.00,Christmas-driven,Tue
944,3,45,355352,279381.50,53129,48084.50,Christmas-driven,Wed
944,4,40,301438,252728.50,46700,43131.00,Christmas-driven,Thu
944,5,44,325518,308611.00,50810,50317.00,Christmas-driven,Fri
945,1,36,200528,148965.50,22858,20071.00,Christmas-driven,Mon
945,2,45,223792,178729.00,26394,23783.50,Christmas-driven,Tue
945,3,45,214415,178649.00,25540,23727.00,Christmas-driven,Wed
945,4,40,183752,157638.00,22846,21168.50,Christmas-driven,Thu
945,5,44,206949,189995.50,24706,23832.00,Christmas-driven,Fri
946,1,36,221910,132030.50,25002,18796.00,Weekday/promo-sensitive,Mon
946,2,45,237810,157983.50,27747,22399.50,Weekday/promo-sensitive,Tue
946,3,45,210999,156378.50,25773,21742.00,Weekday/promo-sensitive,Wed
946,4,38,172211,136106.50,21788,18888.50,Weekday/promo-sensitive,Thu
946,5,42,192145,165691.00,24006,21985.50,Weekday/promo-sensitive,Fri
947,1,33,322382,219036.00,39587,31968.50,Christmas-driven,Mon
947,2,43,385912,276418.50,48500,40789.50,Christmas-driven,Tue
947,3,43,406298,321508.50,53555,47738.00,Christmas-driven,Wed
947,4,36,288493,233814.00,38220,34397.50,Christmas-driven,Thu
947,5,40,334694,274826.50,43870,39368.00,Christmas-driven,Fri
948,1,35,234646,214642.50,60469,59195.00,Sunday-trading,Mon
948,2,44,289559,264310.00,75033,72856.00,Sunday-trading,Tue
948,3,44,285435,265107.50,75724,72205.50,Sunday-trading,Wed
948,4,37,242694,220524.00,64796,60759.50,Sunday-trading,Thu
948,5,41,289326,272292.00,78021,73607.50,Sunday-trading,Fri
949,1,36,328879,160491.50,25189,16182.00,Weekday/promo-sensitive,Mon
949,2,45,320202,187052.00,26198,18798.00,Weekday/promo-sensitive,Tue
949,3,45,282461,187934.00,26038,20305.50,Weekday/promo-sensitive,Wed
949,4,40,242755,170087.50,21370,17215.50,Weekday/promo-sensitive,Thu
949,5,44,266973,206516.50,23514,20011.00,Weekday/promo-sensitive,Fri
950,1,35,310519,173213.50,26253,19139.00,Weekday/promo-sensitive,Mon
950,2,45,328591,211239.50,29293,23076.50,Weekday/promo-sensitive,Tue
950,3,45,284951,207761.00,26721,23078.50,Weekday/promo-sensitive,Wed
950,4,38,228872,175899.00,22313,19428.50,Weekday/promo-sensitive,Thu
950,5,42,270813,221761.50,26059,23261.00,Weekday/promo-sensitive,Fri
951,1,36,389157,222466.00,32320,23339.00,Balanced week,Mon
951,2,45,402162,268722.50,34508,27051.00,Balanced week,Tue
951,3,45,362784,263742.50,32842,27241.00,Balanced week,Wed
951,4,38,309830,235518.50,27759,23289.50,Balanced week,Thu
951,5,42,361478,293183.00,32446,28357.50,Balanced week,Fri
952,1,29,225450,159998.50,16826,13719.50,Christmas-driven,Mon
952,2,39,268845,206999.00,20236,17673.50,Christmas-driven,Tue
952,3,39,256423,215627.00,19937,18102.00,Christmas-driven,Wed
952,4,31,204578,164230.00,16277,13945.50,Christmas-driven,Thu
952,5,36,262505,235539.00,21029,19526.00,Christmas-driven,Fri
953,1,36,300171,164353.00,26575,19150.50,Weekday/promo-sensitive,Mon
953,2,45,323521,215074.00,30926,25040.50,Weekday/promo-sensitive,Tue
953,3,45,268008,202097.50,26335,22843.00,Weekday/promo-sensitive,Wed
953,4,38,234018,180939.00,23882,20675.50,Weekday/promo-sensitive,Thu
953,5,43,247116,216616.50,24720,23593.50,Weekday/promo-sensitive,Fri
954,1,36,382874,182130.00,41968,26181.50,Weekday/promo-sensitive,Mon
954,2,45,379655,218808.00,45065,31631.50,Weekday/promo-sensitive,Tue
954,3,45,378780,252693.50,48622,37589.50,Weekday/promo-sensitive,Wed
954,4,38,263279,191790.50,33460,26964.00,Weekday/promo-sensitive,Thu
954,5,42,285313,235981.50,36344,32152.50,Weekday/promo-sensitive,Fri
955,1,36,236591,130094.50,20097,13862.00,Balanced week,Mon
955,2,45,233638,149051.00,21032,16071.50,Balanced week,Tue
955,3,45,224389,159666.00,20692,16885.00,Balanced week,Wed
955,4,38,188302,139799.50,17910,14873.50,Balanced week,Thu
955,5,42,219984,178914.00,20980,18485.00,Balanced week,Fri
956,1,32,185422,115802.00,21572,16441.00,Christmas-driven,Mon
956,2,45,216326,151739.50,26455,21021.00,Christmas-driven,Tue
956,3,45,208869,148959.00,25192,21127.00,Christmas-driven,Wed
956,4,38,170160,152605.00,20684,18518.00,Christmas-driven,Thu
956,5,42,157761,152938.00,21279,20548.50,Christmas-driven,Fri
957,1,36,458434,247696.00,43597,29821.00,Weekday/promo-sensitive,Mon
957,2,45,456439,294282.50,46350,35613.00,Weekday/promo-sensitive,Tue
957,3,45,407484,289059.50,42229,34259.00,Weekday/promo-sensitive,Wed
957,4,40,332644,255159.00,35955,30199.00,Weekday/promo-sensitive,Thu
957,5,44,358188,311312.50,39427,35592.50,Weekday/promo-sensitive,Fri
958,1,36,200820,160355.50,24932,22344.00,Weekday/promo-sensitive,Mon
958,2,45,220592,178093.50,28414,25277.00,Weekday/promo-sensitive,Tue
958,3,45,209618,175044.50,27056,24782.50,Weekday/promo-sensitive,Wed
958,4,40,182184,155034.00,23953,21812.00,Weekday/promo-sensitive,Thu
958,5,44,198669,180469.50,26293,24929.50,Weekday/promo-sensitive,Fri
959,1,36,367048,236317.50,34978,27708.50,Weekday/promo-sensitive,Mon
959,2,45,390880,278382.00,38904,32313.50,Weekday/promo-sensitive,Tue
959,3,45,359742,277488.50,36826,31891.50,Weekday/promo-sensitive,Wed
959,4,40,303437,249054.50,32003,28299.00,Weekday/promo-sensitive,Thu
959,5,44,327059,297748.50,34892,33040.00,Weekday/promo-sensitive,Fri
960,1,36,350481,182282.50,25020,16642.50,Balanced week,Mon
960,2,45,360400,218939.50,26693,19961.00,Balanced week,Tue
960,3,45,334304,228881.50,25867,20849.50,Balanced week,Wed
960,4,38,267386,193289.50,21548,17766.50,Balanced week,Thu
960,5,44,329398,254246.00,26539,22469.50,Balanced week,Fri
961,1,36,305631,192867.00,29351,22357.00,Balanced week,Mon
961,2,45,326762,237414.00,32238,27001.00,Balanced week,Tue
961,3,45,300054,235581.00,30368,26367.50,Balanced week,Wed
961,4,38,248944,200804.00,26107,23086.50,Balanced week,Thu
961,5,42,308254,267877.50,32631,29911.50,Balanced week,Fri
962,1,34,354411,177830.00,41511,27301.00,Balanced week,Mon
962,2,43,380105,224599.50,48437,35251.50,Balanced week,Tue
962,3,44,314858,205088.00,40775,31285.00,Balanced week,Wed
962,4,36,248821,177549.00,33635,27150.00,Balanced week,Thu
962,5,40,298129,237653.50,41743,35755.00,Balanced week,Fri
963,1,36,668047,344557.50,55625,36093.00,Weekday/promo-sensitive,Mon
963,2,45,704461,441512.00,64733,47593.50,Weekday/promo-sensitive,Tue
963,3,43,522684,371585.00,46232,38014.00,Weekday/promo-sensitive,Wed
963,4,36,453138,345571.00,43870,37118.00,Weekday/promo-sensitive,Thu
963,5,43,445505,392103.50,42104,38903.00,Weekday/promo-sensitive,Fri
964,1,33,433909,262697.50,54497,41286.50,Christmas-driven,Mon
964,2,43,468087,320222.50,62205,50736.50,Christmas-driven,Tue
964,3,43,456945,330676.50,61697,52083.50,Christmas-driven,Wed
964,4,36,366364,283569.00,51366,44786.50,Christmas-driven,Thu
964,5,40,399050,328347.50,55875,51297.50,Christmas-driven,Fri
965,1,36,437033,238846.50,40347,27839.00,Christmas-driven,Mon
965,2,45,466581,286829.50,45796,33636.50,Christmas-driven,Tue
965,3,45,462841,313563.50,47097,37539.00,Christmas-driven,Wed
965,4,38,333347,249539.50,34610,29617.00,Christmas-driven,Thu
965,5,44,372378,315117.50,39670,36562.00,Christmas-driven,Fri
966,1,36,219722,162702.00,26379,22031.00,Weekday/promo-sensitive,Mon
966,2,45,257575,189899.50,31263,25792.50,Weekday/promo-sensitive,Tue
966,3,45,238899,193195.50,29230,25855.00,Weekday/promo-sensitive,Wed
966,4,38,189762,156430.50,24097,21413.50,Weekday/promo-sensitive,Thu
966,5,42,219358,193308.00,27743,25689.00,Weekday/promo-sensitive,Fri
967,1,36,439127,277521.00,42064,32460.00,Weekday/promo-sensitive,Mon
967,2,45,450674,327219.50,45324,38160.00,Weekday/promo-sensitive,Tue
967,3,45,402432,322708.00,41400,36923.00,Weekday/promo-sensitive,Wed
967,4,38,381872,323938.50,42379,38946.00,Weekday/promo-sensitive,Thu
967,5,42,382146,358283.00,40510,39294.00,Weekday/promo-sensitive,Fri
968,1,36,363238,258283.50,40918,33674.00,Weekday/promo-sensitive,Mon
968,2,45,385259,289551.50,45448,38069.00,Weekday/promo-sensitive,Tue
968,3,44,344382,278694.50,41337,36812.00,Weekday/promo-sensitive,Wed
968,4,36,275005,223779.50,33198,29331.50,Weekday/promo-sensitive,Thu
968,5,43,329852,292010.50,40109,37259.50,Weekday/promo-sensitive,Fri
969,1,32,137409,97599.00,21660,18351.50,Christmas-driven,Mon
969,2,42,172743,127982.00,27729,23820.00,Christmas-driven,Tue
969,3,42,171060,129734.00,28232,24682.50,Christmas-driven,Wed
969,4,35,133069,105524.50,22553,19893.50,Christmas-driven,Thu
969,5,39,139175,116939.00,23520,21676.50,Christmas-driven,Fri
970,1,36,180497,118024.50,19270,15965.50,Balanced week,Mon
970,2,45,199581,139776.50,22477,19082.50,Balanced week,Tue
970,3,45,174778,134039.00,20384,18075.00,Balanced week,Wed
970,4,38,148466,115204.50,17815,15804.50,Balanced week,Thu
970,5,44,151780,128843.50,18186,16739.00,Balanced week,Fri
971,1,36,427003,227009.00,44031,31125.00,Balanced week,Mon
971,2,44,426338,275980.50,46651,37103.00,Balanced week,Tue
971,3,44,380932,276373.00,43321,36730.50,Balanced week,Wed
971,4,38,341343,250720.50,40132,33523.50,Balanced week,Thu
971,5,42,356218,301224.50,41501,38415.00,Balanced week,Fri
972,1,31,187790,83710.50,18000,11167.00,Christmas-driven,Mon
972,2,39,174567,104897.50,18199,13697.50,Christmas-driven,Tue
972,3,39,151594,106571.50,16435,13713.50,Christmas-driven,Wed
972,4,34,126506,96648.00,14336,12399.00,Christmas-driven,Thu
972,5,37,145660,121829.00,16825,15438.50,Christmas-driven,Fri
973,1,36,327852,193255.50,35167,26565.00,Christmas-driven,Mon
973,2,45,342798,229323.00,39336,31775.50,Christmas-driven,Tue
973,3,45,308753,226774.00,37320,31121.00,Christmas-driven,Wed
973,4,38,256310,197967.50,31365,26754.50,Christmas-driven,Thu
973,5,42,279463,244380.00,34915,31849.50,Christmas-driven,Fri
974,1,29,428541,321781.00,53440,45493.50,Weekday/promo-sensitive,Mon
974,2,39,535627,409087.00,67947,58311.00,Weekday/promo-sensitive,Tue
974,3,39,488126,411050.50,64314,57729.00,Weekday/promo-sensitive,Wed
974,4,31,362140,310353.00,49753,45027.50,Weekday/promo-sensitive,Thu
974,5,36,436957,377676.50,58365,53071.50,Weekday/promo-sensitive,Fri
975,1,36,365727,233299.50,31235,25068.00,Weekday/promo-sensitive,Mon
975,2,45,399012,280444.00,35493,30233.00,Weekday/promo-sensitive,Tue
975,3,45,372881,282048.50,33948,29544.00,Weekday/promo-sensitive,Wed
975,4,38,336123,265931.00,33427,29727.50,Weekday/promo-sensitive,Thu
975,5,42,362619,307291.00,33583,30996.50,Weekday/promo-sensitive,Fri
976,1,36,392027,209724.50,35754,24119.00,Weekday/promo-sensitive,Mon
976,2,45,396433,256536.50,37860,29171.50,Weekday/promo-sensitive,Tue
976,3,45,366176,257392.50,35864,28960.00,Weekday/promo-sensitive,Wed
976,4,38,283303,216371.00,29073,24511.00,Weekday/promo-sensitive,Thu
976,5,42,319806,268610.00,32893,29402.50,Weekday/promo-sensitive,Fri
977,1,29,260943,108537.50,22711,13467.00,Weekday/promo-sensitive,Mon
977,2,39,256995,134338.00,24300,16721.00,Weekday/promo-sensitive,Tue
977,3,39,214573,133598.50,21851,16660.50,Weekday/promo-sensitive,Wed
977,4,31,166167,109557.00,17186,13392.50,Weekday/promo-sensitive,Thu
977,5,36,194981,133921.00,20316,16116.50,Weekday/promo-sensitive,Fri
978,1,36,378893,227703.50,45841,34054.00,Weekday/promo-sensitive,Mon
978,2,45,383471,259901.50,47538,37984.50,Weekday/promo-sensitive,Tue
978,3,44,343079,260545.50,44962,38677.50,Weekday/promo-sensitive,Wed
978,4,36,264922,207326.50,34703,30217.00,Weekday/promo-sensitive,Thu
978,5,43,325605,292518.00,44420,41567.00,Weekday/promo-sensitive,Fri
979,1,36,352019,179944.50,30484,21515.00,Weekday/promo-sensitive,Mon
979,2,45,334141,203440.50,30716,23556.00,Weekday/promo-sensitive,Tue
979,3,45,305052,206926.50,28774,23982.50,Weekday/promo-sensitive,Wed
979,4,38,268691,194185.50,26391,22128.00,Weekday/promo-sensitive,Thu
979,5,43,309375,242597.50,29780,26434.00,Weekday/promo-sensitive,Fri
980,1,36,391730,205104.50,27334,18138.50,Balanced week,Mon
980,2,45,391551,255761.50,28996,22141.50,Balanced week,Tue
980,3,45,349211,253780.50,26258,21514.00,Balanced week,Wed
980,4,38,273685,206869.50,21418,17785.50,Balanced week,Thu
980,5,42,325851,265628.00,25950,22131.00,Balanced week,Fri
981,1,35,372018,212893.00,34731,23683.50,Weekday/promo-sensitive,Mon
981,2,45,377023,248451.00,36319,27835.50,Weekday/promo-sensitive,Tue
981,3,45,347342,258589.50,34195,28581.50,Weekday/promo-sensitive,Wed
981,4,38,298456,227462.00,30306,25363.50,Weekday/promo-sensitive,Thu
981,5,43,338054,296636.00,35628,32739.50,Weekday/promo-sensitive,Fri
982,1,36,464393,238770.00,35742,22442.00,Weekday/promo-sensitive,Mon
982,2,45,436285,281873.50,35034,26327.00,Weekday/promo-sensitive,Tue
982,3,44,381306,279147.50,31090,25659.50,Weekday/promo-sensitive,Wed
982,4,36,306873,230569.50,26225,21609.00,Weekday/promo-sensitive,Thu
982,5,43,369465,319116.50,31904,29209.00,Weekday/promo-sensitive,Fri
983,1,34,516536,274209.00,58844,41022.00,Balanced week,Mon
983,2,43,517768,332701.00,63581,50117.50,Balanced week,Tue
983,3,44,486731,351000.00,62284,51922.00,Balanced week,Wed
983,4,36,386830,304726.00,51405,45763.00,Balanced week,Thu
983,5,40,403356,344893.00,54386,50386.50,Balanced week,Fri
984,1,32,288744,141645.00,28680,19857.00,Christmas-driven,Mon
984,2,45,335851,191359.00,36316,26769.00,Christmas-driven,Tue
984,3,45,306278,194451.50,34355,27206.50,Christmas-driven,Wed
984,4,38,235297,159034.50,27077,22157.50,Christmas-driven,Thu
984,5,42,266142,197477.00,31364,27188.00,Christmas-driven,Fri
985,1,35,361778,232046.00,31047,24086.50,Balanced week,Mon
985,2,45,401836,298260.50,34607,28076.50,Balanced week,Tue
985,3,45,382825,268530.50,33395,28582.50,Balanced week,Wed
985,4,38,318528,243184.00,28761,25106.00,Balanced week,Thu
985,5,42,378138,338137.00,33136,30225.50,Balanced week,Fri
986,1,34,296805,175419.00,34723,25939.50,Balanced week,Mon
986,2,43,331677,210079.00,40072,31445.50,Balanced week,Tue
986,3,43,315060,218181.50,39370,32076.00,Balanced week,Wed
986,4,36,249495,185659.50,32370,27060.50,Balanced week,Thu
986,5,40,274611,224103.50,36009,31924.00,Balanced week,Fri
987,1,36,375166,233266.50,42119,32516.50,Weekday/promo-sensitive,Mon
987,2,45,376760,261617.50,44514,37128.00,Weekday/promo-sensitive,Tue
987,3,45,334093,257312.00,41225,35896.00,Weekday/promo-sensitive,Wed
987,4,40,290991,236912.50,36521,32415.00,Weekday/promo-sensitive,Thu
987,5,44,322399,297254.50,41317,39454.00,Weekday/promo-sensitive,Fri
988,1,36,219150,161582.00,30382,26784.00,Christmas-driven,Mon
988,2,45,238457,186848.00,34945,31743.50,Christmas-driven,Tue
988,3,45,220531,189554.00,33412,31675.50,Christmas-driven,Wed
988,4,40,199167,164439.50,30286,28058.00,Christmas-driven,Thu
988,5,44,201672,188597.00,30897,30688.50,Christmas-driven,Fri
989,1,29,211669,145616.00,20928,17330.50,Weekday/promo-sensitive,Mon
989,2,39,251745,175411.50,25008,20854.50,Weekday/promo-sensitive,Tue
989,3,39,227878,175334.00,23744,20891.50,Weekday/promo-sensitive,Wed
989,4,31,171259,141052.00,18547,16676.00,Weekday/promo-sensitive,Thu
989,5,36,212907,175289.50,23321,20788.50,Weekday/promo-sensitive,Fri
990,1,36,329735,168961.50,25720,17375.50,Balanced week,Mon
990,2,45,319705,200530.50,26046,19976.50,Balanced week,Tue
990,3,44,298947,208124.50,24543,20291.00,Balanced week,Wed
990,4,36,257242,185313.50,22298,18343.50,Balanced week,Thu
990,5,43,334302,280989.00,29546,26813.50,Balanced week,Fri
991,1,36,253210,166393.50,22438,16989.00,Balanced week,Mon
991,2,45,268021,186494.50,23465,18554.50,Balanced week,Tue
991,3,45,259143,194937.50,22956,19536.00,Balanced week,Wed
991,4,38,223119,170541.00,20694,17257.00,Balanced week,Thu
991,5,42,269121,228934.00,24949,22132.00,Balanced week,Fri
992,1,36,294104,194819.00,32787,25922.50,Weekday/promo-sensitive,Mon
992,2,45,321949,220776.50,37238,29666.50,Weekday/promo-sensitive,Tue
992,3,45,302373,228289.00,35493,30211.50,Weekday/promo-sensitive,Wed
992,4,38,231160,186488.50,28543,24613.50,Weekday/promo-sensitive,Thu
992,5,42,266145,232925.00,32676,29535.00,Weekday/promo-sensitive,Fri
993,1,36,414833,233731.00,37269,25751.00,Weekday/promo-sensitive,Mon
993,2,45,416613,277401.50,39586,30348.00,Weekday/promo-sensitive,Tue
993,3,44,359815,270149.00,34104,28759.00,Weekday/promo-sensitive,Wed
993,4,36,291671,229325.00,28922,24773.50,Weekday/promo-sensitive,Thu
993,5,43,352852,304796.00,34867,32046.50,Weekday/promo-sensitive,Fri
994,1,36,278101,127974.00,22856,14440.00,Weekday/promo-sensitive,Mon
994,2,45,260177,152071.00,23379,17176.50,Weekday/promo-sensitive,Tue
994,3,45,237394,157788.50,22343,17787.00,Weekday/promo-sensitive,Wed
994,4,38,187993,133223.50,18342,14882.00,Weekday/promo-sensitive,Thu
994,5,42,222342,166722.00,21529,18003.00,Weekday/promo-sensitive,Fri
995,1,36,439754,285756.00,34512,26657.00,Weekday/promo-sensitive,Mon
995,2,45,467403,328167.50,36730,30075.00,Weekday/promo-sensitive,Tue
995,3,44,437406,328205.50,35168,30279.00,Weekday/promo-sensitive,Wed
995,4,36,345552,267536.00,28698,24479.50,Weekday/promo-sensitive,Thu
995,5,43,445939,373179.00,37809,34198.50,Weekday/promo-sensitive,Fri
996,1,34,365778,180884.50,33405,22439.50,Weekday/promo-sensitive,Mon
996,2,42,353910,218969.50,34561,26450.50,Weekday/promo-sensitive,Tue
996,3,42,302514,222655.00,30730,26128.50,Weekday/promo-sensitive,Wed
996,4,34,240351,180007.00,25137,21262.50,Weekday/promo-sensitive,Thu
996,5,41,277771,229666.00,29699,26886.50,Weekday/promo-sensitive,Fri
997,1,36,290661,143875.00,19931,13281.50,Balanced week,Mon
997,2,45,270453,157872.50,19312,14483.00,Balanced week,Tue
997,3,45,253086,160408.00,18623,14897.00,Balanced week,Wed
997,4,38,214959,144185.00,16451,13097.00,Balanced week,Thu
997,5,44,260786,196853.50,20152,17179.50,Balanced week,Fri
998,1,35,197514,135217.00,22113,18219.50,Balanced week,Mon
998,2,45,222104,166087.50,25740,22242.00,Balanced week,Tue
998,3,45,206254,164130.50,24799,21874.00,Balanced week,Wed
998,4,38,165529,136119.00,20335,18224.00,Balanced week,Thu
998,5,42,193813,167372.50,24022,22001.00,Balanced week,Fri
999,1,36,528435,256517.50,33809,20772.50,Weekday/promo-sensitive,Mon
999,2,45,513109,305001.50,34352,24576.50,Weekday/promo-sensitive,Tue
999,3,44,457544,310027.50,31231,24444.50,Weekday/promo-sensitive,Wed
999,4,36,382169,270860.00,27160,21539.50,Weekday/promo-sensitive,Thu
999,5,43,458560,370047.50,33190,29019.50,Weekday/promo-sensitive,Fri
1000,1,29,275392,181618.50,23565,18331.50,Balanced week,Mon
1000,2,39,343865,235037.00,29410,23204.50,Balanced week,Tue
1000,3,39,314415,241818.00,27838,23628.50,Balanced week,Wed
1000,4,31,234262,185470.50,21224,18291.00,Balanced week,Thu
1000,5,36,285600,232440.00,25701,21991.50,Balanced week,Fri
1001,1,36,309910,159859.50,30644,21422.50,Weekday/promo-sensitive,Mon
1001,2,45,315550,197342.50,33455,26288.50,Weekday/promo-sensitive,Tue
1001,3,45,272484,190902.00,29125,24517.50,Weekday/promo-sensitive,Wed
1001,4,38,229565,173966.50,26136,22382.50,Weekday/promo-sensitive,Thu
1001,5,43,246231,207034.00,28133,25712.00,Weekday/promo-sensitive,Fri
1002,1,36,297441,188106.00,31649,24633.50,Balanced week,Mon
1002,2,45,312978,209787.00,34637,27282.50,Balanced week,Tue
1002,3,45,294046,213612.00,33130,27623.50,Balanced week,Wed
1002,4,40,257354,189841.00,29257,24013.50,Balanced week,Thu
1002,5,44,276070,229656.00,32344,28910.50,Balanced week,Fri
1003,1,36,430835,201909.50,37323,23793.00,Balanced week,Mon
1003,2,45,442137,262898.50,43316,32108.00,Balanced week,Tue
1003,3,45,366419,243845.50,35782,28878.00,Balanced week,Wed
1003,4,38,294365,209257.00,29924,24421.00,Balanced week,Thu
1003,5,42,361708,276694.00,38773,33318.00,Balanced week,Fri
1004,1,29,217094,108802.00,16283,11071.00,Balanced week,Mon
1004,2,39,232972,141173.50,18577,14339.50,Balanced week,Tue
1004,3,39,230199,148343.00,18535,14478.50,Balanced week,Wed
1004,4,31,170641,118855.50,14325,11566.00,Balanced week,Thu
1004,5,36,215477,160071.00,18117,15118.00,Balanced week,Fri
1005,1,36,302417,195862.50,40157,32242.50,Balanced week,Mon
1005,2,45,330277,247587.00,46674,40723.50,Balanced week,Tue
1005,3,45,286020,228514.00,41407,36631.00,Balanced week,Wed
1005,4,38,239678,204914.00,35564,33039.00,Balanced week,Thu
1005,5,42,258443,240292.50,39164,37970.00,Balanced week,Fri
1006,1,35,300681,177510.00,37328,26813.50,Balanced week,Mon
1006,2,45,330370,219623.50,42294,32993.00,Balanced week,Tue
1006,3,45,300802,222759.00,39136,32914.50,Balanced week,Wed
1006,4,38,245961,188391.50,33240,27957.50,Balanced week,Thu
1006,5,43,271194,241211.00,36925,34520.00,Balanced week,Fri
1007,1,36,335786,186749.00,33438,24627.00,Balanced week,Mon
1007,2,45,341250,214533.00,36414,28404.50,Balanced week,Tue
1007,3,45,327403,226584.50,35564,29846.00,Balanced week,Wed
1007,4,40,284492,199134.00,31980,26073.00,Balanced week,Thu
1007,5,44,342401,277266.00,38292,34411.00,Balanced week,Fri
1008,1,36,273415,152312.50,32011,23347.00,Balanced week,Mon
1008,2,45,294915,183864.50,36475,27896.50,Balanced week,Tue
1008,3,45,274838,184849.00,34704,28171.50,Balanced week,Wed
1008,4,40,233258,163775.00,30463,24804.50,Balanced week,Thu
1008,5,44,244682,193068.50,32179,28188.00,Balanced week,Fri
1009,1,29,189465,137362.00,16885,14137.50,Christmas-driven,Mon
1009,2,39,224392,168973.50,20494,17342.50,Christmas-driven,Tue
1009,3,39,203351,172669.50,19182,17342.00,Christmas-driven,Wed
1009,4,31,154782,131914.00,14764,13517.00,Christmas-driven,Thu
1009,5,36,183425,161603.50,17752,16260.00,Christmas-driven,Fri
1010,1,36,424254,242537.50,33827,24747.50,Balanced week,Mon
1010,2,45,417425,264051.00,34392,27199.50,Balanced week,Tue
1010,3,45,419364,294738.00,35164,29130.00,Balanced week,Wed
1010,4,40,357984,269742.50,31469,26641.00,Balanced week,Thu
1010,5,44,424898,359921.50,38263,34767.50,Balanced week,Fri
1011,1,36,400151,221357.50,41333,29415.00,Christmas-driven,Mon
1011,2,45,423230,266999.00,46665,35824.00,Christmas-driven,Tue
1011,3,45,388320,272804.00,43839,35320.00,Christmas-driven,Wed
1011,4,38,305786,239430.50,36400,31398.50,Christmas-driven,Thu
1011,5,42,343684,286798.50,39682,35803.00,Christmas-driven,Fri
1012,1,29,217482,145363.50,16724,13533.50,Balanced week,Mon
1012,2,39,239505,179341.50,19229,16689.50,Balanced week,Tue
1012,3,39,231544,186137.00,19160,17052.00,Balanced week,Wed
1012,4,31,194174,155670.50,16230,14253.50,Balanced week,Thu
1012,5,36,240334,205956.50,19902,18195.50,Balanced week,Fri
1013,1,36,233388,130473.00,22472,15818.50,Weekday/promo-sensitive,Mon
1013,2,45,227569,151984.50,23518,18439.50,Weekday/promo-sensitive,Tue
1013,3,45,202919,150629.00,21882,18374.00,Weekday/promo-sensitive,Wed
1013,4,38,160136,127505.50,17943,15711.00,Weekday/promo-sensitive,Thu
1013,5,42,182330,154578.50,20388,18331.00,Weekday/promo-sensitive,Fri
1014,1,36,705707,383183.00,67932,45860.00,Weekday/promo-sensitive,Mon
1014,2,45,753130,483089.50,80200,60297.50,Weekday/promo-sensitive,Tue
1014,3,45,602172,443541.50,63923,52536.00,Weekday/promo-sensitive,Wed
1014,4,38,494562,397106.50,54554,46923.00,Weekday/promo-sensitive,Thu
1014,5,42,590580,525506.00,69043,63780.00,Weekday/promo-sensitive,Fri
1015,1,36,290569,182797.50,21292,16295.00,Christmas-driven,Mon
1015,2,45,295453,209316.50,22531,18791.50,Christmas-driven,Tue
1015,3,45,284493,215723.00,21869,19308.50,Christmas-driven,Wed
1015,4,38,252552,191938.00,20398,17276.00,Christmas-driven,Thu
1015,5,42,285536,243903.00,23307,21393.50,Christmas-driven,Fri
1016,1,36,326892,148556.50,25550,15735.50,Balanced week,Mon
1016,2,45,315420,174294.50,26426,18313.50,Balanced week,Tue
1016,3,45,275474,169361.50,23861,17714.50,Balanced week,Wed
1016,4,38,221600,147981.00,20317,15793.00,Balanced week,Thu
1016,5,42,251786,192687.00,22841,19141.50,Balanced week,Fri
1017,1,35,329438,229954.50,42657,35286.50,Weekday/promo-sensitive,Mon
1017,2,43,379799,279411.50,50968,43258.00,Weekday/promo-sensitive,Tue
1017,3,42,326879,260312.00,44182,39661.50,Weekday/promo-sensitive,Wed
1017,4,36,284887,229950.50,39654,35302.00,Weekday/promo-sensitive,Thu
1017,5,41,300761,264224.50,41575,39097.50,Weekday/promo-sensitive,Fri
1018,1,36,553078,351018.50,57429,44525.00,Christmas-driven,Mon
1018,2,45,579319,413136.50,63547,52279.00,Christmas-driven,Tue
1018,3,45,545789,428363.00,61132,53927.50,Christmas-driven,Wed
1018,4,40,460172,377459.50,52882,46945.50,Christmas-driven,Thu
1018,5,44,512299,470950.00,60037,57620.00,Christmas-driven,Fri
1019,1,29,414859,204285.50,29487,19195.00,Balanced week,Mon
1019,2,39,420637,249610.00,31590,23539.50,Balanced week,Tue
1019,3,39,377712,255314.00,29820,23706.00,Balanced week,Wed
1019,4,31,286897,209963.00,23729,19557.50,Balanced week,Thu
1019,5,36,362591,275369.50,29050,24306.50,Balanced week,Fri
1020,1,36,424421,278536.50,48046,36967.50,Balanced week,Mon
1020,2,45,452327,319901.50,53045,42700.00,Balanced week,Tue
1020,3,45,435893,331646.00,53089,44468.00,Balanced week,Wed
1020,4,38,328646,254175.50,40330,33673.50,Balanced week,Thu
1020,5,44,410149,336203.50,49428,43416.50,Balanced week,Fri
1021,1,34,371534,280643.00,41219,35441.50,Balanced week,Mon
1021,2,43,409985,327228.00,47756,42079.00,Balanced week,Tue
1021,3,43,380123,318839.00,44663,40467.00,Balanced week,Wed
1021,4,38,328559,277141.00,39357,35332.50,Balanced week,Thu
1021,5,42,378512,336873.00,45841,42486.50,Balanced week,Fri
1022,1,36,418785,207450.00,40223,26065.50,Balanced week,Mon
1022,2,45,394205,244907.00,41090,30932.00,Balanced week,Tue
1022,3,45,360360,244132.50,39291,31156.00,Balanced week,Wed
1022,4,38,291576,211357.50,32429,26481.50,Balanced week,Thu
1022,5,42,309049,263174.50,35096,31604.00,Balanced week,Fri
1023,1,36,331680,170003.50,29809,19622.50,Christmas-driven,Mon
1023,2,45,309884,193868.50,29052,22361.00,Christmas-driven,Tue
1023,3,44,289914,205265.50,27520,22870.00,Christmas-driven,Wed
1023,4,36,230219,168219.50,23032,19024.50,Christmas-driven,Thu
1023,5,43,279406,236778.50,27966,26232.00,Christmas-driven,Fri
1024,1,36,286592,180850.00,32317,25734.00,Balanced week,Mon
1024,2,45,301859,204810.50,35247,29463.00,Balanced week,Tue
1024,3,45,282886,209695.50,34340,30061.50,Balanced week,Wed
1024,4,40,251596,188405.00,31203,26769.50,Balanced week,Thu
1024,5,44,298285,251411.50,37209,34152.00,Balanced week,Fri
1025,1,32,308518,220444.00,33335,27759.00,Balanced week,Mon
1025,2,45,388851,292662.00,43041,36761.50,Balanced week,Tue
1025,3,45,363158,287023.00,40866,35951.00,Balanced week,Wed
1025,4,38,299797,241242.50,34533,30380.50,Balanced week,Thu
1025,5,42,336375,289186.50,38422,34616.00,Balanced week,Fri
1026,1,36,503138,251535.00,52260,35742.50,Balanced week,Mon
1026,2,45,557103,331033.00,62777,47441.00,Balanced week,Tue
1026,3,45,464147,315407.00,53477,43713.00,Balanced week,Wed
1026,4,38,364988,260129.00,43481,36198.00,Balanced week,Thu
1026,5,42,473744,375335.00,58517,52286.50,Balanced week,Fri
1027,1,29,589133,301923.00,61727,41640.00,Christmas-driven,Mon
1027,2,39,636506,381270.50,73754,54848.00,Christmas-driven,Tue
1027,3,39,576900,396007.00,68862,55027.00,Christmas-driven,Wed
1027,4,31,424357,308746.50,53045,43995.50,Christmas-driven,Thu
1027,5,36,496841,387328.00,61544,52915.00,Christmas-driven,Fri
1028,1,36,295133,126431.00,28004,16680.00,Weekday/promo-sensitive,Mon
1028,2,45,286462,158269.00,31256,21903.50,Weekday/promo-sensitive,Tue
1028,3,45,237105,156336.50,25914,20031.00,Weekday/promo-sensitive,Wed
1028,4,38,189263,137503.00,21598,17538.00,Weekday/promo-sensitive,Thu
1028,5,42,226701,179783.50,27202,23583.00,Weekday/promo-sensitive,Fri
1029,1,35,284913,194650.50,35929,29703.50,Weekday/promo-sensitive,Mon
1029,2,45,332122,242805.50,44040,37676.50,Weekday/promo-sensitive,Tue
1029,3,45,283712,227176.50,39112,34975.50,Weekday/promo-sensitive,Wed
1029,4,38,238170,198403.00,33332,30314.00,Weekday/promo-sensitive,Thu
1029,5,43,238829,213846.00,33904,31819.50,Weekday/promo-sensitive,Fri
1030,1,35,203958,101388.00,16763,10610.00,Weekday/promo-sensitive,Mon
1030,2,45,225037,133427.00,19749,14012.50,Weekday/promo-sensitive,Tue
1030,3,45,194277,128311.00,16749,13050.00,Weekday/promo-sensitive,Wed
1030,4,38,164829,122294.00,15161,12615.00,Weekday/promo-sensitive,Thu
1030,5,43,166017,144090.00,15431,14218.50,Weekday/promo-sensitive,Fri
1031,1,36,289423,138786.50,22239,13485.50,Weekday/promo-sensitive,Mon
1031,2,45,283303,162287.50,22442,15360.50,Weekday/promo-sensitive,Tue
1031,3,45,247738,160272.00,20360,15316.50,Weekday/promo-sensitive,Wed
1031,4,38,197361,134876.50,16825,13092.00,Weekday/promo-sensitive,Thu
1031,5,42,216688,169455.50,18455,15262.50,Weekday/promo-sensitive,Fri
1032,1,35,476518,280346.00,45459,32472.00,Weekday/promo-sensitive,Mon
1032,2,45,540369,372857.00,55147,43757.50,Weekday/promo-sensitive,Tue
1032,3,45,431951,342635.00,44447,38669.50,Weekday/promo-sensitive,Wed
1032,4,38,378984,307141.00,39883,34677.00,Weekday/promo-sensitive,Thu
1032,5,43,436506,394128.00,46929,44426.50,Weekday/promo-sensitive,Fri
1033,1,36,707440,442558.50,60266,45930.00,Weekday/promo-sensitive,Mon
1033,2,45,760374,519843.00,66851,53552.50,Weekday/promo-sensitive,Tue
1033,3,45,677565,509555.50,60828,51766.50,Weekday/promo-sensitive,Wed
1033,4,40,605918,478845.50,55924,48508.50,Weekday/promo-sensitive,Thu
1033,5,44,656960,570592.50,61349,56615.50,Weekday/promo-sensitive,Fri
1034,1,36,397257,203842.50,37673,26142.50,Weekday/promo-sensitive,Mon
1034,2,45,418086,267866.50,45377,35405.00,Weekday/promo-sensitive,Tue
1034,3,44,314877,233122.00,33443,28826.00,Weekday/promo-sensitive,Wed
1034,4,36,257206,199601.50,28946,25266.00,Weekday/promo-sensitive,Thu
1034,5,43,289362,249779.00,33475,31131.50,Weekday/promo-sensitive,Fri
1035,1,36,293080,147973.00,29410,20037.50,Weekday/promo-sensitive,Mon
1035,2,45,305553,192456.50,34212,26430.50,Weekday/promo-sensitive,Tue
1035,3,44,236046,172708.50,26631,22477.00,Weekday/promo-sensitive,Wed
1035,4,36,207068,158511.50,24707,21383.50,Weekday/promo-sensitive,Thu
1035,5,43,231317,189705.50,27277,24622.50,Weekday/promo-sensitive,Fri
1036,1,36,222020,134683.50,18676,14139.50,Balanced week,Mon
1036,2,45,230219,167475.50,20297,17128.50,Balanced week,Tue
1036,3,45,221823,175150.00,19959,17920.50,Balanced week,Wed
1036,4,38,199084,162223.00,18329,16310.50,Balanced week,Thu
1036,5,42,235104,205159.50,22370,20577.00,Balanced week,Fri
1037,1,36,329652,208360.50,37820,28930.00,Christmas-driven,Mon
1037,2,45,349975,246295.50,41500,33613.00,Christmas-driven,Tue
1037,3,45,330798,246595.00,40097,33985.00,Christmas-driven,Wed
1037,4,38,289556,230097.00,36857,31892.00,Christmas-driven,Thu
1037,5,42,285146,256250.50,35988,33816.50,Christmas-driven,Fri
1038,1,29,237513,133583.00,18031,12862.00,Balanced week,Mon
1038,2,39,251595,174560.50,19920,16193.50,Balanced week,Tue
1038,3,39,235900,180020.00,19304,16860.50,Balanced week,Wed
1038,4,31,193649,146519.50,16479,13896.50,Balanced week,Thu
1038,5,36,241865,206754.00,20577,18724.00,Balanced week,Fri
1039,1,34,334056,215917.50,38151,29832.00,Christmas-driven,Mon
1039,2,43,386302,259478.50,45935,36241.50,Christmas-driven,Tue
1039,3,43,401297,291975.00,48680,40243.50,Christmas-driven,Wed
1039,4,37,297138,234742.50,37058,31943.00,Christmas-driven,Thu
1039,5,41,331277,287958.00,41188,38213.00,Christmas-driven,Fri
1040,1,36,484321,248489.00,40911,28075.00,Weekday/promo-sensitive,Mon
1040,2,45,472639,304894.00,43118,33972.00,Weekday/promo-sensitive,Tue
1040,3,45,416797,305643.00,39648,34080.00,Weekday/promo-sensitive,Wed
1040,4,38,352031,273493.50,35780,31367.50,Weekday/promo-sensitive,Thu
1040,5,42,393997,337416.50,38964,35716.50,Weekday/promo-sensitive,Fri
1041,1,29,215741,149216.00,22553,18108.00,Balanced week,Mon
1041,2,39,271782,191435.00,28217,23067.00,Balanced week,Tue
1041,3,39,253018,195117.50,27202,23396.00,Balanced week,Wed
1041,4,31,193052,151578.00,20881,17784.00,Balanced week,Thu
1041,5,36,242356,195612.00,25056,21577.00,Balanced week,Fri
1042,1,36,214267,129747.00,24987,18557.50,Weekday/promo-sensitive,Mon
1042,2,45,225187,156320.00,28834,23305.00,Weekday/promo-sensitive,Tue
1042,3,45,202983,153944.00,25580,21476.00,Weekday/promo-sensitive,Wed
1042,4,38,173261,140984.00,23331,20230.00,Weekday/promo-sensitive,Thu
1042,5,42,184797,169804.00,23892,22643.50,Weekday/promo-sensitive,Fri
1043,1,35,395802,228409.00,47257,33964.50,Christmas-driven,Mon
1043,2,45,448554,293735.50,56509,44275.00,Christmas-driven,Tue
1043,3,45,406192,299818.50,53231,44956.50,Christmas-driven,Wed
1043,4,38,322000,244452.00,42984,36744.50,Christmas-driven,Thu
1043,5,43,404540,357302.50,55233,52525.00,Christmas-driven,Fri
1044,1,35,308141,181646.00,36471,27572.00,Christmas-driven,Mon
1044,2,45,352655,231608.50,43569,34229.50,Christmas-driven,Tue
1044,3,45,312967,219166.00,40102,33173.50,Christmas-driven,Wed
1044,4,38,258044,193320.00,33993,28686.00,Christmas-driven,Thu
1044,5,42,287454,229934.00,37590,33179.00,Christmas-driven,Fri
1045,1,36,367876,288570.00,41721,36912.50,Summer/tourist,Mon
1045,2,45,398246,325218.50,46062,42114.50,Summer/tourist,Tue
1045,3,45,363286,317243.50,43688,41010.50,Summer/tourist,Wed
1045,4,40,349471,311159.00,42077,40344.50,Summer/tourist,Thu
1045,5,44,350628,346872.50,42882,43933.50,Summer/tourist,Fri
1046,1,35,449217,238386.00,32038,20941.50,Weekday/promo-sensitive,Mon
1046,2,45,458503,286072.50,33345,24841.50,Weekday/promo-sensitive,Tue
1046,3,45,433377,305193.00,32295,25815.50,Weekday/promo-sensitive,Wed
1046,4,38,362271,267837.00,27914,22989.50,Weekday/promo-sensitive,Thu
1046,5,43,420009,350395.50,32879,29518.50,Weekday/promo-sensitive,Fri
1047,1,32,237784,128185.00,21977,15474.50,Weekday/promo-sensitive,Mon
1047,2,45,282429,172961.50,27070,20740.00,Weekday/promo-sensitive,Tue
1047,3,45,255788,174699.50,25504,21039.50,Weekday/promo-sensitive,Wed
1047,4,38,197293,148968.50,20618,17717.50,Weekday/promo-sensitive,Thu
1047,5,42,240018,196894.00,26074,23437.50,Weekday/promo-sensitive,Fri
1048,1,36,363895,193823.50,24970,16835.50,Balanced week,Mon
1048,2,45,366223,227416.00,25650,19661.00,Balanced week,Tue
1048,3,45,331182,236216.00,24162,20071.50,Balanced week,Wed
1048,4,38,269597,205455.50,20504,17405.50,Balanced week,Thu
1048,5,44,325857,269239.00,24674,22030.00,Balanced week,Fri
1049,1,29,149522,101899.50,21735,17828.00,Balanced week,Mon
1049,2,39,184643,132871.50,27911,23270.50,Balanced week,Tue
1049,3,39,167624,131805.50,26189,23123.50,Balanced week,Wed
1049,4,31,131847,108421.50,21120,18620.50,Balanced week,Thu
1049,5,36,155562,131057.50,24128,21868.00,Balanced week,Fri
1050,1,36,367228,216875.50,22883,16685.50,Balanced week,Mon
1050,2,45,357675,241191.50,23167,18635.50,Balanced week,Tue
1050,3,45,347857,254668.00,22868,19481.50,Balanced week,Wed
1050,4,38,299445,218867.00,20320,16898.50,Balanced week,Thu
1050,5,44,369802,299447.00,25440,22300.50,Balanced week,Fri
1051,1,33,333215,210876.50,40871,32013.50,Weekday/promo-sensitive,Mon
1051,2,43,399865,263494.50,50080,39582.50,Weekday/promo-sensitive,Tue
1051,3,44,375732,274634.50,48650,40605.00,Weekday/promo-sensitive,Wed
1051,4,36,293511,229548.50,39164,33513.50,Weekday/promo-sensitive,Thu
1051,5,40,325294,262313.50,42567,37382.00,Weekday/promo-sensitive,Fri
1052,1,36,389992,225223.00,35934,26157.50,Weekday/promo-sensitive,Mon
1052,2,45,381948,267967.00,37523,31028.00,Weekday/promo-sensitive,Tue
1052,3,45,351203,270126.00,35046,30759.50,Weekday/promo-sensitive,Wed
1052,4,38,293502,232892.50,30081,26467.50,Weekday/promo-sensitive,Thu
1052,5,42,330568,280836.50,33959,31219.50,Weekday/promo-sensitive,Fri
1053,1,36,493042,261085.50,48534,33303.00,Weekday/promo-sensitive,Mon
1053,2,45,523826,315865.00,53131,40048.00,Weekday/promo-sensitive,Tue
1053,3,45,477690,327093.50,52240,41950.50,Weekday/promo-sensitive,Wed
1053,4,40,381948,284460.50,41842,35070.50,Weekday/promo-sensitive,Thu
1053,5,44,396599,337433.50,44838,40379.50,Weekday/promo-sensitive,Fri
1054,1,36,327901,196209.00,29503,22847.50,Weekday/promo-sensitive,Mon
1054,2,45,332928,234198.50,31564,27169.00,Weekday/promo-sensitive,Tue
1054,3,45,298076,225513.50,29374,25694.00,Weekday/promo-sensitive,Wed
1054,4,40,255438,204768.00,25842,23441.50,Weekday/promo-sensitive,Thu
1054,5,44,282253,247668.50,29235,27445.00,Weekday/promo-sensitive,Fri
1055,1,36,379577,229290.00,42565,31892.00,Balanced week,Mon
1055,2,44,404873,268296.50,47229,36967.50,Balanced week,Tue
1055,3,45,384452,279911.00,46315,38252.50,Balanced week,Wed
1055,4,40,335627,252912.50,41552,34650.00,Balanced week,Thu
1055,5,44,369495,312848.00,46426,41575.00,Balanced week,Fri
1056,1,29,149544,88053.50,12501,9139.00,Balanced week,Mon
1056,2,39,164154,113171.50,14358,11984.50,Balanced week,Tue
1056,3,39,149161,114621.00,13590,12014.00,Balanced week,Wed
1056,4,31,116203,90125.50,10856,9278.00,Balanced week,Thu
1056,5,36,153682,124349.50,14249,12659.00,Balanced week,Fri
1057,1,36,289011,189156.50,25985,20643.50,Christmas-driven,Mon
1057,2,45,290252,220674.00,26882,23779.00,Christmas-driven,Tue
1057,3,45,282823,225914.50,26914,24455.50,Christmas-driven,Wed
1057,4,40,273708,217690.00,26595,23613.00,Christmas-driven,Thu
1057,5,44,306244,261428.50,30128,27863.50,Christmas-driven,Fri
1058,1,36,378043,225614.50,32294,24476.50,Christmas-driven,Mon
1058,2,45,415401,281857.00,36643,29976.00,Christmas-driven,Tue
1058,3,45,364191,272109.50,33205,29049.00,Christmas-driven,Wed
1058,4,38,283701,221984.00,26850,23483.50,Christmas-driven,Thu
1058,5,42,351015,298172.50,33320,30417.50,Christmas-driven,Fri
1059,1,36,383305,248875.50,47838,38192.50,Balanced week,Mon
1059,2,45,426436,301195.50,54262,45383.00,Balanced week,Tue
1059,3,45,404006,297884.00,52373,44724.50,Balanced week,Wed
1059,4,40,350822,267968.00,47000,40120.50,Balanced week,Thu
1059,5,44,382962,324501.50,52168,47496.00,Balanced week,Fri
1060,1,36,380609,225516.50,38454,28461.00,Weekday/promo-sensitive,Mon
1060,2,45,376962,264132.50,40673,32960.50,Weekday/promo-sensitive,Tue
1060,3,45,355548,272140.50,40697,35134.50,Weekday/promo-sensitive,Wed
1060,4,38,294291,238727.00,33249,29452.00,Weekday/promo-sensitive,Thu
1060,5,42,332487,293536.50,37618,34997.50,Weekday/promo-sensitive,Fri
1061,1,35,328577,204871.00,22847,16999.00,Balanced week,Mon
1061,2,45,342514,243929.00,24027,19706.00,Balanced week,Tue
1061,3,45,329865,257655.50,23881,20594.00,Balanced week,Wed
1061,4,38,289216,227463.00,21361,18573.00,Balanced week,Thu
1061,5,42,327932,282428.50,24312,22193.50,Balanced week,Fri
1062,1,36,336305,169472.00,27263,18350.50,Balanced week,Mon
1062,2,45,347651,206160.00,29113,21706.50,Balanced week,Tue
1062,3,45,318302,211829.00,27357,21695.50,Balanced week,Wed
1062,4,38,276580,195486.00,24568,19972.00,Balanced week,Thu
1062,5,42,301909,231397.00,27246,23212.00,Balanced week,Fri
1063,1,36,226250,135158.50,24764,18947.00,Balanced week,Mon
1063,2,45,225545,153913.00,25903,21634.50,Balanced week,Tue
1063,3,45,205270,152884.00,24586,21071.50,Balanced week,Wed
1063,4,40,178903,134210.50,22079,18741.00,Balanced week,Thu
1063,5,44,193816,164657.00,24075,22125.00,Balanced week,Fri
1064,1,36,435773,290806.00,46107,35860.50,Balanced week,Mon
1064,2,45,507111,348594.50,54063,42590.00,Balanced week,Tue
1064,3,45,454990,352266.00,50735,43142.00,Balanced week,Wed
1064,4,38,369347,295726.00,41838,35856.50,Balanced week,Thu
1064,5,42,413568,374376.00,47225,43629.00,Balanced week,Fri
1065,1,29,165422,113515.00,17143,14191.00,Weekday/promo-sensitive,Mon
1065,2,39,198694,145576.50,21431,18530.00,Weekday/promo-sensitive,Tue
1065,3,39,184380,149865.00,20386,18594.00,Weekday/promo-sensitive,Wed
1065,4,31,141776,115720.50,15915,14596.50,Weekday/promo-sensitive,Thu
1065,5,36,175271,143486.00,19933,17995.00,Weekday/promo-sensitive,Fri
1066,1,36,492803,360517.50,46879,38936.00,Balanced week,Mon
1066,2,45,565424,435679.00,54603,47338.00,Balanced week,Tue
1066,3,45,509968,425200.00,50559,45886.00,Balanced week,Wed
1066,4,38,410942,358705.00,42311,38504.50,Balanced week,Thu
1066,5,42,477465,444020.00,48878,46579.50,Balanced week,Fri
1067,1,29,222582,138682.50,17379,12588.00,Balanced week,Mon
1067,2,39,246557,179871.50,19729,16207.00,Balanced week,Tue
1067,3,39,231962,182409.00,19070,16471.00,Balanced week,Wed
1067,4,31,190260,147345.00,15790,13240.50,Balanced week,Thu
1067,5,36,238119,201683.00,19863,18020.00,Balanced week,Fri
1068,1,35,203071,124830.50,12860,9360.50,Balanced week,Mon
1068,2,45,211440,143543.50,14132,10952.50,Balanced week,Tue
1068,3,45,209113,153330.00,14096,11536.00,Balanced week,Wed
1068,4,38,160227,123247.00,11078,9231.00,Balanced week,Thu
1068,5,42,197191,169298.50,13520,12118.00,Balanced week,Fri
1069,1,36,344884,196305.00,37146,26874.00,Weekday/promo-sensitive,Mon
1069,2,45,363641,231764.50,41425,32278.50,Weekday/promo-sensitive,Tue
1069,3,45,399043,292341.00,50799,43132.00,Weekday/promo-sensitive,Wed
1069,4,38,240631,192775.00,29595,26565.50,Weekday/promo-sensitive,Thu
1069,5,43,247636,224137.00,31107,30267.00,Weekday/promo-sensitive,Fri
1070,1,36,352133,192136.00,37704,26159.00,Balanced week,Mon
1070,2,45,360492,237141.00,40926,32303.50,Balanced week,Tue
1070,3,45,331053,238832.50,38516,32082.50,Balanced week,Wed
1070,4,40,278647,217603.50,33878,29188.50,Balanced week,Thu
1070,5,44,306864,264940.00,37759,34929.50,Balanced week,Fri
1071,1,36,288063,200088.00,32550,26764.00,Weekday/promo-sensitive,Mon
1071,2,45,328038,238035.00,36915,31471.50,Weekday/promo-sensitive,Tue
1071,3,45,291680,226949.50,33691,29934.00,Weekday/promo-sensitive,Wed
1071,4,40,261488,212523.00,31699,27953.50,Weekday/promo-sensitive,Thu
1071,5,44,270815,239002.00,32180,30175.00,Weekday/promo-sensitive,Fri
1072,1,36,348925,224180.00,29224,23171.00,Weekday/promo-sensitive,Mon
1072,2,45,378284,268406.50,32848,27337.50,Weekday/promo-sensitive,Tue
1072,3,45,357450,276457.50,32066,28676.50,Weekday/promo-sensitive,Wed
1072,4,38,283983,222843.50,26104,22844.50,Weekday/promo-sensitive,Thu
1072,5,42,324235,268170.00,30328,27443.50,Weekday/promo-sensitive,Fri
1073,1,36,353772,239688.00,39598,33091.50,Christmas-driven,Mon
1073,2,45,392677,293830.50,45903,40774.50,Christmas-driven,Tue
1073,3,45,359017,282619.00,43672,38757.00,Christmas-driven,Wed
1073,4,38,285661,241652.00,35666,32963.00,Christmas-driven,Thu
1073,5,42,321390,288435.00,39811,38219.50,Christmas-driven,Fri
1074,1,36,273295,141981.50,25310,16955.00,Balanced week,Mon
1074,2,45,254378,157170.00,24749,18751.50,Balanced week,Tue
1074,3,44,239034,164957.50,23830,19769.50,Balanced week,Wed
1074,4,36,202305,140827.50,21475,17403.50,Balanced week,Thu
1074,5,43,252933,205375.50,27547,24398.50,Balanced week,Fri
1075,1,36,479709,408339.00,43456,40194.50,Balanced week,Mon
1075,2,45,533023,465139.00,50170,46380.00,Balanced week,Tue
1075,3,45,508529,455363.50,48830,46220.00,Balanced week,Wed
1075,4,40,442604,398443.50,42500,40012.50,Balanced week,Thu
1075,5,44,491474,460276.00,47255,45367.00,Balanced week,Fri
1076,1,36,183295,123567.00,25251,20152.00,Weekday/promo-sensitive,Mon
1076,2,45,195639,137437.50,28199,22814.00,Weekday/promo-sensitive,Tue
1076,3,45,171528,131085.00,25364,21253.50,Weekday/promo-sensitive,Wed
1076,4,38,145239,117187.00,22463,19233.00,Weekday/promo-sensitive,Thu
1076,5,42,155349,140430.50,23170,21582.50,Weekday/promo-sensitive,Fri
1077,1,36,243858,135299.50,23086,16941.50,Weekday/promo-sensitive,Mon
1077,2,45,243456,165905.00,24408,20390.00,Weekday/promo-sensitive,Tue
1077,3,45,223749,163933.00,23325,19864.00,Weekday/promo-sensitive,Wed
1077,4,38,183026,142308.50,19921,17392.50,Weekday/promo-sensitive,Thu
1077,5,42,215238,183203.00,23817,22015.50,Weekday/promo-sensitive,Fri
1078,1,35,358265,179232.00,24499,15596.00,Weekday/promo-sensitive,Mon
1078,2,45,397361,225755.00,27785,19522.00,Weekday/promo-sensitive,Tue
1078,3,45,353424,229763.50,25969,20000.00,Weekday/promo-sensitive,Wed
1078,4,38,278232,189963.50,21034,16286.50,Weekday/promo-sensitive,Thu
1078,5,42,305891,227041.00,23364,19254.00,Weekday/promo-sensitive,Fri
1079,1,36,465306,246771.00,32868,21734.00,Weekday/promo-sensitive,Mon
1079,2,45,510513,294707.00,37089,26148.50,Weekday/promo-sensitive,Tue
1079,3,45,453545,294082.50,33477,26164.50,Weekday/promo-sensitive,Wed
1079,4,38,367701,255934.00,28273,22649.50,Weekday/promo-sensitive,Thu
1079,5,44,426103,331658.50,33699,29116.50,Weekday/promo-sensitive,Fri
1080,1,29,382669,268184.00,29299,23747.50,Balanced week,Mon
1080,2,39,441593,319438.50,35191,28751.50,Balanced week,Tue
1080,3,39,416896,341505.50,33229,29672.50,Balanced week,Wed
1080,4,31,304290,259563.00,25315,22814.50,Balanced week,Thu
1080,5,36,393670,334958.50,31849,28532.00,Balanced week,Fri
1081,1,30,255952,177986.00,36491,31060.00,Sunday-trading,Mon
1081,2,37,294996,221208.00,43799,38259.50,Sunday-trading,Tue
1081,3,36,270892,212727.50,40673,36540.00,Sunday-trading,Wed
1081,4,32,227166,181511.00,35262,31252.50,Sunday-trading,Thu
1081,5,35,238328,192589.00,37808,32923.50,Sunday-trading,Fri
1082,1,36,340938,211992.00,44771,33892.50,Christmas-driven,Mon
1082,2,45,385880,267540.50,53423,43486.50,Christmas-driven,Tue
1082,3,44,317240,247584.00,44968,39970.50,Christmas-driven,Wed
1082,4,36,277284,223107.50,40474,35810.00,Christmas-driven,Thu
1082,5,43,286052,262954.50,42637,41530.50,Christmas-driven,Fri
1083,1,36,219144,148103.00,14076,11449.50,Balanced week,Mon
1083,2,45,246469,183899.00,16257,13919.00,Balanced week,Tue
1083,3,45,234063,188100.00,15967,14272.00,Balanced week,Wed
1083,4,38,185477,151200.50,12974,11421.00,Balanced week,Thu
1083,5,44,234244,204338.00,16470,15089.50,Balanced week,Fri
1084,1,36,292942,206636.50,35107,28697.00,Balanced week,Mon
1084,2,45,328030,241134.50,39773,33557.00,Balanced week,Tue
1084,3,45,285424,229938.00,36015,31932.00,Balanced week,Wed
1084,4,38,256581,205171.50,31932,28171.00,Balanced week,Thu
1084,5,44,278240,247472.00,35623,33198.50,Balanced week,Fri
1085,1,36,389299,231816.00,34949,26222.00,Weekday/promo-sensitive,Mon
1085,2,45,409963,273000.00,38148,30382.00,Weekday/promo-sensitive,Tue
1085,3,45,384235,282104.00,37010,31351.50,Weekday/promo-sensitive,Wed
1085,4,40,335442,251773.00,32743,27394.50,Weekday/promo-sensitive,Thu
1085,5,44,382275,316917.00,38079,34250.00,Weekday/promo-sensitive,Fri
1086,1,36,475583,221420.50,43595,27926.00,Weekday/promo-sensitive,Mon
1086,2,45,466353,268387.50,45715,33412.50,Weekday/promo-sensitive,Tue
1086,3,45,420652,268857.50,42374,33060.00,Weekday/promo-sensitive,Wed
1086,4,38,341931,238220.00,35957,29386.50,Weekday/promo-sensitive,Thu
1086,5,44,382411,284180.50,40436,35077.50,Weekday/promo-sensitive,Fri
1087,1,36,304656,185560.00,26934,19825.00,Balanced week,Mon
1087,2,45,307157,219982.00,28184,23552.00,Balanced week,Tue
1087,3,45,293882,223215.50,27200,23681.50,Balanced week,Wed
1087,4,40,266195,206828.50,25448,21658.00,Balanced week,Thu
1087,5,44,295198,259108.50,28850,26601.50,Balanced week,Fri
1088,1,36,272059,152991.50,22364,16313.50,Weekday/promo-sensitive,Mon
1088,2,45,294260,186938.00,25493,19796.00,Weekday/promo-sensitive,Tue
1088,3,45,261446,186232.50,23831,19991.00,Weekday/promo-sensitive,Wed
1088,4,38,223496,164476.00,21297,17989.00,Weekday/promo-sensitive,Thu
1088,5,42,240864,190470.50,22510,19813.50,Weekday/promo-sensitive,Fri
1089,1,36,481970,286108.00,42979,30947.50,Balanced week,Mon
1089,2,45,514940,356642.50,48028,37902.00,Balanced week,Tue
1089,3,45,472837,360494.50,44931,38436.00,Balanced week,Wed
1089,4,38,381712,304886.50,37292,32291.50,Balanced week,Thu
1089,5,42,464639,401754.00,44814,40918.50,Balanced week,Fri
1090,1,36,371587,201623.50,39223,27611.50,Weekday/promo-sensitive,Mon
1090,2,45,375397,254564.00,43032,34462.50,Weekday/promo-sensitive,Tue
1090,3,44,346475,263173.50,42912,36984.00,Weekday/promo-sensitive,Wed
1090,4,36,254522,199167.50,30204,26514.50,Weekday/promo-sensitive,Thu
1090,5,43,284702,244323.00,34378,32226.00,Weekday/promo-sensitive,Fri
1091,1,36,449391,255795.50,33084,24341.50,Balanced week,Mon
1091,2,45,440462,291314.00,34036,27766.00,Balanced week,Tue
1091,3,45,394061,293698.50,31603,27395.50,Balanced week,Wed
1091,4,40,344565,257354.50,28694,24575.50,Balanced week,Thu
1091,5,44,395074,325233.00,32754,29419.00,Balanced week,Fri
1092,1,29,416915,314789.00,38708,32626.50,Balanced week,Mon
1092,2,39,500653,391601.50,47876,40755.50,Balanced week,Tue
1092,3,39,466093,396109.00,45599,41167.00,Balanced week,Wed
1092,4,31,349554,305946.00,34775,31804.50,Balanced week,Thu
1092,5,36,434881,386252.50,42081,38661.50,Balanced week,Fri
1093,1,36,367230,250241.50,35760,27891.50,Christmas-driven,Mon
1093,2,45,393057,295476.50,39890,32891.50,Christmas-driven,Tue
1093,3,44,384039,313261.00,38731,34579.00,Christmas-driven,Wed
1093,4,36,310279,254205.50,32552,28749.50,Christmas-driven,Thu
1093,5,43,381529,364086.00,40236,39340.50,Christmas-driven,Fri
1094,1,29,157026,109305.00,12036,9722.00,Balanced week,Mon
1094,2,39,191359,136767.00,15054,11875.50,Balanced week,Tue
1094,3,39,177020,142483.00,14100,12384.00,Balanced week,Wed
1094,4,31,132138,108271.00,10821,9460.50,Balanced week,Thu
1094,5,36,172480,147180.50,13849,12278.00,Balanced week,Fri
1095,1,36,247292,152081.00,29852,23446.00,Christmas-driven,Mon
1095,2,45,267711,186007.00,34448,28819.50,Christmas-driven,Tue
1095,3,45,244379,187749.50,32966,29039.00,Christmas-driven,Wed
1095,4,38,192185,149451.50,26437,23239.50,Christmas-driven,Thu
1095,5,43,202738,180435.50,29005,27511.00,Christmas-driven,Fri
1096,1,36,283111,161824.00,29263,20910.00,Balanced week,Mon
1096,2,45,281685,192039.50,31161,24813.00,Balanced week,Tue
1096,3,45,257846,191600.50,29139,24276.00,Balanced week,Wed
1096,4,38,207350,163478.00,24298,20780.50,Balanced week,Thu
1096,5,42,246062,218132.50,28733,26489.00,Balanced week,Fri
1097,1,36,374432,321898.00,91070,87222.50,Sunday-trading,Mon
1097,2,45,451563,388070.00,111456,106349.00,Sunday-trading,Tue
1097,3,45,444011,394408.00,112355,107367.50,Sunday-trading,Wed
1097,4,38,368580,335668.50,94992,90825.50,Sunday-trading,Thu
1097,5,42,418915,388982.00,110198,105758.00,Sunday-trading,Fri
1098,1,36,285582,184691.50,35355,27632.50,Weekday/promo-sensitive,Mon
1098,2,45,299432,208496.50,37458,30752.00,Weekday/promo-sensitive,Tue
1098,3,44,262004,204874.50,34194,30196.00,Weekday/promo-sensitive,Wed
1098,4,36,203349,160459.50,26873,23252.00,Weekday/promo-sensitive,Thu
1098,5,43,244570,211619.50,32615,30271.50,Weekday/promo-sensitive,Fri
1099,1,36,417725,286570.50,45077,38104.50,Christmas-driven,Mon
1099,2,45,409824,314052.00,48050,42556.50,Christmas-driven,Tue
1099,3,45,377197,310549.50,45497,41985.00,Christmas-driven,Wed
1099,4,40,349016,296226.50,43145,40026.00,Christmas-driven,Thu
1099,5,44,348666,331701.00,44057,44093.50,Christmas-driven,Fri
1100,1,36,319347,145143.00,32343,21174.50,Weekday/promo-sensitive,Mon
1100,2,44,324738,183177.00,36554,27002.50,Weekday/promo-sensitive,Tue
1100,3,44,269531,175328.00,31060,25042.50,Weekday/promo-sensitive,Wed
1100,4,37,218658,152961.50,26077,22021.50,Weekday/promo-sensitive,Thu
1100,5,42,265015,198447.50,32417,28314.00,Weekday/promo-sensitive,Fri
1101,1,36,544234,305719.50,46715,34620.50,Balanced week,Mon
1101,2,45,530220,351063.50,48347,39417.00,Balanced week,Tue
1101,3,45,471758,346891.50,43798,38120.50,Balanced week,Wed
1101,4,40,428774,322135.50,41421,35540.00,Balanced week,Thu
1101,5,44,468489,385849.50,45988,41755.50,Balanced week,Fri
1102,1,29,263745,183847.00,25397,20234.00,Balanced week,Mon
1102,2,39,322657,224132.00,30789,24908.00,Balanced week,Tue
1102,3,39,289789,227362.50,28507,24733.50,Balanced week,Wed
1102,4,31,218596,184341.00,22102,19531.50,Balanced week,Thu
1102,5,36,260040,216167.00,25693,22533.00,Balanced week,Fri
1103,1,36,237956,133774.50,16450,11521.00,Balanced week,Mon
1103,2,45,261910,172436.00,19044,14684.50,Balanced week,Tue
1103,3,45,237545,168109.50,17465,14139.00,Balanced week,Wed
1103,4,38,193834,139802.50,14736,11858.50,Balanced week,Thu
1103,5,44,238808,185129.50,18075,15159.00,Balanced week,Fri
1104,1,29,206986,124357.00,15064,10916.50,Balanced week,Mon
1104,2,39,240082,149528.00,17517,13087.00,Balanced week,Tue
1104,3,39,216231,155242.00,16414,13405.50,Balanced week,Wed
1104,4,31,180448,132114.00,13977,11509.50,Balanced week,Thu
1104,5,36,225651,175825.00,16957,14474.00,Balanced week,Fri
1105,1,36,257036,119193.00,25199,15067.00,Balanced week,Mon
1105,2,45,245894,142052.00,25788,17965.50,Balanced week,Tue
1105,3,45,216491,146525.50,23278,18031.00,Balanced week,Wed
1105,4,38,170791,123036.00,19371,15401.00,Balanced week,Thu
1105,5,42,195765,162906.50,21694,19289.00,Balanced week,Fri
1106,1,36,248644,170166.50,25181,21184.00,Weekday/promo-sensitive,Mon
1106,2,45,267991,200935.00,28426,25145.00,Weekday/promo-sensitive,Tue
1106,3,45,236662,193354.00,25990,23949.50,Weekday/promo-sensitive,Wed
1106,4,40,212910,176316.50,24291,22442.50,Weekday/promo-sensitive,Thu
1106,5,44,225941,201445.50,25903,24603.00,Weekday/promo-sensitive,Fri
1107,1,29,301065,126583.00,26230,16122.00,Balanced week,Mon
1107,2,39,317225,171494.00,30311,21400.00,Balanced week,Tue
1107,3,39,273512,174002.00,27736,21409.00,Balanced week,Wed
1107,4,31,201991,133496.50,21285,16699.50,Balanced week,Thu
1107,5,36,250695,183787.00,25780,21488.00,Balanced week,Fri
1108,1,36,374553,174821.50,33152,20793.50,Weekday/promo-sensitive,Mon
1108,2,45,369844,209963.00,35829,25373.00,Weekday/promo-sensitive,Tue
1108,3,44,301535,203518.00,29103,23336.50,Weekday/promo-sensitive,Wed
1108,4,36,243609,169982.50,24530,19958.00,Weekday/promo-sensitive,Thu
1108,5,43,259783,211467.00,26947,24188.50,Weekday/promo-sensitive,Fri
1109,1,29,220140,121722.00,17672,12765.50,Weekday/promo-sensitive,Mon
1109,2,39,246313,154100.00,20517,15811.50,Weekday/promo-sensitive,Tue
1109,3,39,221710,153639.50,19095,15922.50,Weekday/promo-sensitive,Wed
1109,4,31,160605,121122.50,14471,12363.00,Weekday/promo-sensitive,Thu
1109,5,36,199589,155051.50,18034,15575.50,Weekday/promo-sensitive,Fri
1110,1,36,262166,131463.50,26206,17462.50,Balanced week,Mon
1110,2,45,259242,161969.50,28620,21703.50,Balanced week,Tue
1110,3,45,221201,149988.50,24902,19884.50,Balanced week,Wed
1110,4,38,192253,141772.00,23157,18823.00,Balanced week,Thu
1110,5,44,213060,170191.00,25691,22120.00,Balanced week,Fri
1111,1,36,315945,172344.50,23792,16396.50,Weekday/promo-sensitive,Mon
1111,2,45,301721,199861.50,24496,19407.00,Weekday/promo-sensitive,Tue
1111,3,45,260858,197452.50,21688,18663.50,Weekday/promo-sensitive,Wed
1111,4,38,215267,163351.50,18503,15812.50,Weekday/promo-sensitive,Thu
1111,5,42,247641,200403.00,21093,18760.50,Weekday/promo-sensitive,Fri
1112,1,36,639838,286857.00,44732,26193.50,Balanced week,Mon
1112,2,45,576430,331566.00,43210,29957.50,Balanced week,Tue
1112,3,45,529041,346759.00,40865,31086.00,Balanced week,Wed
1112,4,38,422122,299544.00,34001,26681.50,Balanced week,Thu
1112,5,42,470496,359212.00,38414,31749.50,Balanced week,Fri
1113,1,36,293616,206707.00,29087,24623.00,Christmas-driven,Mon
1113,2,45,317127,249817.50,32623,29608.50,Christmas-driven,Tue
1113,3,45,305942,254566.00,31412,29466.00,Christmas-driven,Wed
1113,4,40,295010,245545.00,32974,29639.50,Christmas-driven,Thu
1113,5,44,291432,267104.00,31220,30264.50,Christmas-driven,Fri
1114,1,36,841859,667920.00,119430,108591.00,Balanced week,Mon
1114,2,45,983464,787797.00,142634,130949.00,Balanced week,Tue
1114,3,45,944445,791859.00,141583,131272.00,Balanced week,Wed
1114,4,40,829052,711589.00,125796,117836.00,Balanced week,Thu
1114,5,44,922547,867821.50,143064,141721.00,Balanced week,Fri
1115,1,36,299448,170021.00,18666,12808.50,Balanced week,Mon
1115,2,45,305936,198240.00,19902,15037.00,Balanced week,Tue
1115,3,45,292468,207258.50,19012,15484.00,Balanced week,Wed
1115,4,38,246916,178819.00,16431,13241.00,Balanced week,Thu
1115,5,44,306165,243125.50,20493,17342.00,Balanced week,Fri
